Date,Open,High,Low,Close,Adj Close,Volume
1/3/2017,33.09,33.98,30.15,32.880001,32.880001,0
1/4/2017,34.16,34.16,31.93,32.360001,32.360001,0
1/5/2017,32.360001,32.669998,31.01,31.559999,31.559999,0
1/6/2017,31.629999,32.860001,30.32,30.469999,30.469999,0
1/9/2017,31.99,33.919998,31.73,33.73,33.73,0
1/10/2017,33.73,34.330002,32.610001,33.610001,33.610001,0
1/11/2017,33.610001,35.52,32.740002,32.950001,32.950001,0
1/12/2017,41.82,42.41,32.139999,32.369999,32.369999,0
1/13/2017,32.419998,33.290001,30.35,30.73,30.73,0
1/17/2017,30.33,31.379999,29.469999,31.25,31.25,0
1/18/2017,31.25,32.259998,30.719999,31.24,31.24,0
1/19/2017,31.440001,32.23,30.879999,30.879999,30.879999,0
1/20/2017,30.879999,30.879999,29.190001,29.190001,29.190001,0
1/23/2017,29.190001,32.310001,29.190001,30.790001,30.790001,0
1/24/2017,30.790001,30.790001,29.209999,29.59,29.59,0
1/25/2017,35.990002,35.990002,30.110001,30.41,30.41,0
1/26/2017,30.59,30.59,29.219999,29.59,29.59,0
1/27/2017,29.59,31.379999,29.059999,29.780001,29.780001,0
1/30/2017,29.780001,31.84,29.780001,30.940001,30.940001,0
1/31/2017,30.940001,31.559999,29.98,31.33,31.33,0
2/1/2017,31.58,32.490002,28.9,30.65,30.65,0
2/2/2017,30.65,32.790001,29.23,29.389999,29.389999,0
2/3/2017,29.389999,29.950001,28.049999,28.110001,28.110001,0
2/6/2017,28.110001,30.120001,28.110001,29.370001,29.370001,0
2/7/2017,29.370001,30.17,29.01,29.610001,29.610001,0
2/8/2017,30.209999,30.66,29.030001,29.09,29.09,0
2/9/2017,29.25,29.290001,28.09,28.25,28.25,0
2/10/2017,28.25,28.25,26.15,26.43,26.43,0
2/13/2017,26.43,27.57,26.43,26.99,26.99,0
2/14/2017,27.9,28.040001,26.940001,27.49,27.49,0
2/15/2017,28.59,29.16,26.83,27.75,27.75,0
2/16/2017,27.75,28.49,27.15,27.370001,27.370001,0
2/17/2017,27.530001,27.9,24.879999,25.290001,25.290001,0
2/21/2017,25.290001,28.209999,25.290001,25.790001,25.790001,0
2/22/2017,25.790001,30.389999,25.790001,27.09,27.09,0
2/23/2017,25.91,27.34,25.360001,25.790001,25.790001,0
2/24/2017,25.790001,27.030001,25.52,25.719999,25.719999,0
2/27/2017,25.719999,27.549999,24.790001,25.01,25.01,0
2/28/2017,25.969999,26.530001,25.34,25.459999,25.459999,0
3/1/2017,27.469999,27.700001,24.51,24.67,24.67,0
3/2/2017,25.280001,26.01,24.879999,25.940001,25.940001,0
3/3/2017,25.940001,26.299999,25.030001,25.59,25.59,0
3/6/2017,25.59,27.48,25.59,26.959999,26.959999,0
3/7/2017,26.940001,27,25.99,26.459999,26.459999,0
3/8/2017,28.049999,33.16,26.59,31.74,31.74,0
3/9/2017,32.439999,34.48,31.27,31.98,31.98,0
3/10/2017,30.77,34.110001,30.66,33.450001,33.450001,0
3/13/2017,33.450001,36.240002,30.18,32.389999,32.389999,0
3/14/2017,32.389999,35.91,31.190001,33.189999,33.189999,0
3/15/2017,31.93,33.84,27.379999,30.08,30.08,0
3/16/2017,30.08,31.030001,27.08,28.629999,28.629999,0
3/17/2017,28.629999,28.92,27.01,27.450001,27.450001,0
3/20/2017,27.450001,30.469999,27.450001,28.110001,28.110001,0
3/21/2017,28.110001,30.85,27.67,30.57,30.57,0
3/22/2017,30.57,33.82,29.700001,30.049999,30.049999,0
3/23/2017,30.620001,31.549999,29.030001,29.790001,29.790001,0
3/24/2017,30.790001,31.85,29.620001,30.99,30.99,0
3/27/2017,30.99,35.189999,30.66,30.780001,30.780001,0
3/28/2017,30.780001,32.389999,29.620001,29.92,29.92,0
3/29/2017,29.92,31.01,27.059999,28.540001,28.540001,0
3/30/2017,28.540001,31.440001,27.559999,27.82,27.82,0
3/31/2017,27.82,30.58,27.15,27.59,27.59,0
4/3/2017,27.59,31.75,26.290001,26.889999,26.889999,0
4/4/2017,26.889999,28.139999,26.74,27.969999,27.969999,0
4/5/2017,27.969999,28.469999,26.889999,27.73,27.73,0
4/6/2017,27.67,27.889999,26.43,26.790001,26.790001,0
4/7/2017,27.16,27.549999,26.68,27.459999,27.459999,0
4/10/2017,27.790001,28.209999,26.6,26.709999,26.709999,0
4/11/2017,26.709999,27.41,25.52,27.27,27.27,0
4/12/2017,27.27,27.860001,25.879999,26.92,26.92,0
4/13/2017,25.84,26.99,25.459999,26.02,26.02,0
4/17/2017,25.690001,26.35,25.389999,25.799999,25.799999,0
4/18/2017,25.799999,27.51,25.25,26.879999,26.879999,0
4/19/2017,27.51,31.32,27.08,29.809999,29.809999,0
4/20/2017,29.809999,30.92,27.33,27.959999,27.959999,0
4/21/2017,27.959999,30.639999,27.77,30.059999,30.059999,0
4/24/2017,34.389999,35.169998,29.59,29.879999,29.879999,0
4/25/2017,30.370001,30.66,28.66,29.389999,29.389999,0
4/26/2017,30.450001,30.959999,27.969999,29.32,29.32,0
4/27/2017,30.75,31.15,29.68,29.879999,29.879999,0
4/28/2017,29.67,29.67,28.209999,28.549999,28.549999,0
5/1/2017,28.549999,30.16,28.549999,29.42,29.42,0
5/2/2017,29.42,32.330002,29.35,32.23,32.23,0
5/3/2017,32.23,35.490002,31.110001,32.799999,32.799999,0
5/4/2017,33.34,34.669998,32.669998,34.669998,34.669998,0
5/5/2017,34.669998,36.07,33.779999,33.830002,33.830002,0
5/8/2017,35.189999,35.189999,33.509998,33.849998,33.849998,0
5/9/2017,34.02,34.580002,33.59,34.209999,34.209999,0
5/10/2017,34.209999,34.860001,33.860001,34.02,34.02,0
5/11/2017,34.02,35.82,33.439999,33.720001,33.720001,0
5/12/2017,33.720001,33.720001,33.720001,33.720001,33.720001,0
5/15/2017,33.790001,34.330002,32.529999,33.099998,33.099998,0
5/16/2017,33.099998,33.950001,32.950001,33.439999,33.439999,0
5/17/2017,37.630001,38.009998,31.07,33.900002,33.900002,0
5/18/2017,34.709999,34.990002,32.68,32.799999,32.799999,0
5/19/2017,32.790001,33.150002,29.4,29.76,29.76,0
5/22/2017,29.76,32.48,29.76,30.59,30.59,0
5/23/2017,30.59,34.91,29.67,31.77,31.77,0
5/24/2017,31.77,33.689999,30.24,30.940001,30.940001,0
5/25/2017,30.940001,33.400002,27.290001,33.029999,33.029999,0
5/26/2017,31.35,32.419998,29.360001,30.040001,30.040001,0
5/30/2017,32.200001,32.52,30.17,30.299999,30.299999,0
5/31/2017,34.810001,34.91,31.91,32.290001,32.290001,0
6/1/2017,31.809999,33.459999,30.459999,31.190001,31.190001,0
6/2/2017,32.299999,32.91,31.57,32.470001,32.470001,0
6/5/2017,34.16,34.779999,33.139999,33.709999,33.709999,0
6/6/2017,33.709999,33.709999,31.870001,32.119999,32.119999,0
6/7/2017,32.119999,36.419998,32.119999,34.23,34.23,0
6/8/2017,34.23,34.23,32.98,33.84,33.84,0
6/9/2017,33.84,33.84,32.5,32.59,32.59,0
6/12/2017,32.59,35.130001,32.16,33.950001,33.950001,0
6/13/2017,33.310001,34.450001,31.74,32.34,32.34,0
6/14/2017,33.130001,34.34,30.84,32.02,32.02,0
6/15/2017,32.02,32.27,30.07,31.9,31.9,0
6/16/2017,31.9,31.9,27.92,27.93,27.93,0
6/19/2017,30.030001,30.6,28.309999,30.34,30.34,0
6/20/2017,31.35,33.66,31.040001,32.490002,32.490002,0
6/21/2017,32.490002,49.759998,30.91,33.32,33.32,0
6/22/2017,33.32,34.689999,31.93,32.650002,32.650002,0
6/23/2017,32.73,33.150002,31.360001,31.92,31.92,0
6/26/2017,34.43,34.57,31.52,31.77,31.77,0
6/27/2017,33.639999,33.639999,31.34,32.279999,32.279999,0
6/28/2017,32.279999,33.130001,30.799999,30.799999,30.799999,0
6/29/2017,30.799999,31.25,29.48,30.459999,30.459999,0
6/30/2017,30.459999,30.459999,28.52,28.700001,28.700001,0
7/3/2017,29.25,30.26,27.889999,30.26,30.26,0
7/5/2017,30.219999,32.73,30.219999,32.610001,32.610001,0
7/6/2017,32.610001,37.43,31.530001,32.82,32.82,0
7/7/2017,32.82,33.82,32.389999,33.169998,33.169998,0
7/10/2017,33.169998,34.110001,32.580002,33.23,33.23,0
7/11/2017,34.240002,34.369999,33.209999,33.610001,33.610001,0
7/12/2017,33.610001,33.610001,30.120001,32.48,32.48,0
7/13/2017,32.48,32.48,31.690001,31.76,31.76,0
7/14/2017,31.76,31.76,30.030001,30.280001,30.280001,0
7/17/2017,30.280001,31.57,30.08,30.610001,30.610001,0
7/18/2017,30.91,32.119999,29.799999,29.959999,29.959999,0
7/19/2017,29.959999,32.110001,28.85,29.549999,29.549999,0
7/20/2017,29.549999,30.5,29.23,29.25,29.25,0
7/21/2017,29.25,30.99,29.059999,29.25,29.25,0
7/24/2017,29.25,30.84,29.139999,29.24,29.24,0
7/25/2017,29.24,30.209999,28.76,29.18,29.18,0
7/26/2017,30.16,31.969999,29.209999,29.440001,29.440001,0
7/27/2017,29.440001,30.18,29.200001,29.809999,29.809999,0
7/28/2017,29.809999,30.74,29.75,29.860001,29.860001,0
7/31/2017,29.860001,31.290001,29.860001,30.84,30.84,0
8/1/2017,30.84,31.190001,29.879999,30.540001,30.540001,0
8/2/2017,30.540001,31.43,29.98,30.43,30.43,0
8/3/2017,30.43,30.459999,29.290001,29.65,29.65,0
8/4/2017,29.309999,29.639999,28.280001,28.530001,28.530001,0
8/7/2017,28.530001,29.969999,28.530001,28.73,28.73,0
8/8/2017,29.389999,29.780001,28.870001,29.440001,29.440001,0
8/9/2017,29.440001,29.719999,28.440001,29.059999,29.059999,0
8/10/2017,29.059999,29.57,28.65,29.27,29.27,0
8/11/2017,29.27,29.27,28.27,28.41,28.41,0
8/14/2017,29.799999,29.799999,27.77,29.16,29.16,0
8/15/2017,29.84,30.049999,28.99,29.309999,29.309999,0
8/16/2017,29.309999,29.65,25.98,29.18,29.18,0
8/17/2017,29.34,29.67,28.59,29.309999,29.309999,0
8/18/2017,29.309999,29.77,27.27,27.530001,27.530001,0
8/21/2017,28.18,29.469999,27.950001,28.77,28.77,0
8/22/2017,28.77,28.9,27.93,27.969999,27.969999,0
8/23/2017,28.15,28.9,27.209999,27.799999,27.799999,0
8/24/2017,27.799999,29.85,27.799999,28.370001,28.370001,0
8/25/2017,28.370001,29.370001,28.370001,28.879999,28.879999,0
8/28/2017,28.879999,31.440001,28.879999,30.389999,30.389999,0
8/29/2017,30.389999,31.48,30.24,30.49,30.49,0
8/30/2017,30.49,31.059999,29.200001,29.780001,29.780001,0
8/31/2017,29.780001,29.780001,28.549999,29.1,29.1,0
9/1/2017,29.030001,29.200001,28.48,28.969999,28.969999,0
9/5/2017,28.969999,30.280001,28.969999,29.58,29.58,0
9/6/2017,29.74,30.299999,29.530001,30.07,30.07,0
9/7/2017,30.07,30.18,29.41,29.73,29.73,0
9/8/2017,30.1,30.1,29.25,29.49,29.49,0
9/11/2017,28.559999,29.51,27.370001,27.73,27.73,0
9/12/2017,27.73,28.139999,26.68,27.59,27.59,0
9/13/2017,27.82,28.690001,26.43,26.620001,26.620001,0
9/14/2017,25.530001,27.65,25.309999,26.09,26.09,0
9/15/2017,26.09,27.51,25.639999,26.65,26.65,0
9/18/2017,27.35,27.93,26.67,27.530001,27.530001,0
9/19/2017,26.68,26.68,25.48,25.76,25.76,0
9/20/2017,25.76,27.83,25.450001,26.99,26.99,0
9/21/2017,26.99,27.6,25.9,26.299999,26.299999,0
9/22/2017,26.299999,27.17,26.17,26.389999,26.389999,0
9/25/2017,26.389999,27.870001,26.389999,26.93,26.93,0
9/26/2017,26.93,27.98,26.93,27.799999,27.799999,0
9/27/2017,27.23,28.120001,25.82,27.290001,27.290001,0
9/28/2017,27.290001,27.35,26.49,27.18,27.18,0
9/29/2017,27.18,27.540001,26.450001,26.83,26.83,0
10/2/2017,28.52,29.08,27.639999,27.719999,27.719999,0
10/3/2017,27.719999,28.08,27.33,27.950001,27.950001,0
10/4/2017,27.950001,29.16,27.01,27.040001,27.040001,0
10/5/2017,26.93,26.99,25.67,26.450001,26.450001,0
10/6/2017,27.120001,27.82,27.120001,27.59,27.59,0
10/9/2017,27.59,27.92,26.92,27.32,27.32,0
10/10/2017,26.6,26.959999,25.959999,26.540001,26.540001,0
10/11/2017,26.540001,26.540001,26.43,26.43,26.43,0
10/12/2017,26.690001,27.02,25.549999,25.85,25.85,0
10/13/2017,25.85,26.110001,25.16,25.73,25.73,0
10/16/2017,25.73,27.290001,25,26.32,26.32,0
10/17/2017,26.4,27.209999,25.65,25.870001,25.870001,0
10/18/2017,25.870001,26.889999,24.52,26.41,26.41,0
10/19/2017,26.790001,27.01,25.9,26.299999,26.299999,0
10/20/2017,26.65,26.65,24.48,24.51,24.51,0
10/23/2017,26.33,26.33,25.01,25.08,25.08,0
10/24/2017,26.41,26.5,25.33,25.6,25.6,0
10/25/2017,25.6,26.17,24.559999,25.440001,25.440001,0
10/26/2017,25.440001,26.23,24.5,25.219999,25.219999,0
10/27/2017,25.459999,26.5,24.42,25.18,25.18,0
10/30/2017,25.18,26.120001,24.93,25.33,25.33,0
10/31/2017,25.33,25.370001,25.280001,25.309999,25.309999,0
11/1/2017,25.309999,25.82,24.5,25.65,25.65,0
11/2/2017,25.65,25.65,25.65,25.65,25.65,0
11/3/2017,25.65,25.65,24.09,24.82,24.82,0
11/6/2017,26.58,28.290001,25.15,26.85,26.85,0
11/7/2017,26.85,28.76,26.85,28.75,28.75,0
11/8/2017,28.75,28.75,26.68,27.99,27.99,0
11/9/2017,27.99,29.200001,27.1,28.370001,28.370001,0
11/10/2017,28.370001,29.530001,28.370001,29.4,29.4,0
11/13/2017,30.99,30.99,29.35,30.219999,30.219999,0
11/14/2017,30.219999,31.450001,28.83,30.08,30.08,0
11/15/2017,30.48,80.379997,29.09,29.84,29.84,0
11/16/2017,29.84,30.17,27.75,28.42,28.42,0
11/17/2017,28.42,28.93,26.49,26.959999,26.959999,0
11/20/2017,26.959999,28.290001,25.67,27.18,27.18,0
11/21/2017,26.98,27.5,26.15,26.639999,26.639999,0
11/22/2017,26.870001,32.990002,25.51,26.83,26.83,0
11/24/2017,27.780001,28.25,26.209999,26.879999,26.879999,0
11/27/2017,29.17,29.209999,27.26,28.360001,28.360001,0
11/28/2017,29.33,29.65,27.92,28.129999,28.129999,0
11/29/2017,27.98,28.99,27.309999,28.02,28.02,0
11/30/2017,26.709999,27.809999,25.309999,25.950001,25.950001,0
12/1/2017,25.950001,25.950001,23.700001,23.73,23.73,0
12/4/2017,26.440001,26.440001,23.68,23.68,23.68,0
12/5/2017,23.68,24.120001,23.030001,23.129999,23.129999,0
12/6/2017,23.129999,23.129999,23.129999,23.129999,23.129999,0
12/7/2017,23.129999,23.129999,23.129999,23.129999,23.129999,0
12/8/2017,23.129999,24.879999,23.129999,23.85,23.85,0
12/11/2017,20.209999,24.51,18.190001,22.959999,22.959999,0
12/12/2017,23.82,25.379999,21.889999,22.84,22.84,0
12/13/2017,27.450001,27.65,21.23,23.49,23.49,0
12/14/2017,23.49,24.049999,22.17,23,23,0
12/15/2017,23,23.559999,17.99,21.25,21.25,0
12/18/2017,21.25,22.469999,18.23,18.43,18.43,0
12/19/2017,18.43,19.5,17.959999,18.879999,18.879999,0
12/20/2017,18.42,19.93,17.610001,19.459999,19.459999,0
12/21/2017,17.9,18.959999,17.24,17.860001,17.860001,0
12/22/2017,20.08,20.129999,18.809999,19.26,19.26,0
12/26/2017,20.389999,21.290001,19.49,20.99,20.99,0
12/27/2017,21.780001,21.780001,20.290001,20.639999,20.639999,0
12/28/2017,20.639999,21.799999,20.51,20.709999,20.709999,0
12/29/2017,21.18,22.4,20.549999,21.32,21.32,0
1/2/2018,23.030001,23.18,22.08,22.73,22.73,0
1/3/2018,22.73,24.15,22.639999,22.75,22.75,0
1/4/2018,23.9,25.719999,21.889999,22.120001,22.120001,0
1/5/2018,22.299999,22.48,20.23,22.299999,22.299999,0
1/8/2018,22.290001,22.93,21.48,21.9,21.9,0
1/9/2018,21.9,23.66,20.67,22.959999,22.959999,0
1/10/2018,22.959999,26.700001,22.959999,23.52,23.52,0
1/11/2018,23.52,23.52,23.52,23.52,23.52,0
1/12/2018,23.52,23.52,23.52,23.52,23.52,0
1/16/2018,23.52,27.23,23.52,26.41,26.41,0
1/17/2018,26.41,27.379999,24.6,24.700001,24.700001,0
1/18/2018,24.700001,26.6,23.700001,24.379999,24.379999,0
1/19/2018,24.379999,25.43,21.200001,21.200001,21.200001,0
1/22/2018,22.09,22.219999,21.200001,22.030001,22.030001,0
1/23/2018,22.030001,22.84,21.780001,22.34,22.34,0
1/24/2018,22.34,24.049999,22,23.93,23.93,0
1/25/2018,23.93,24.860001,21.98,22.35,22.35,0
1/26/2018,22.35,22.6,21.43,22.290001,22.290001,0
1/29/2018,22.639999,23.139999,22.389999,22.73,22.73,0
1/30/2018,22.73,25.07,22.309999,22.9,22.9,0
1/31/2018,22.9,23.219999,21.98,22.23,22.23,0
2/1/2018,22.23,22.809999,21.25,22.24,22.24,0
2/2/2018,22.24,24.129999,21.889999,23.799999,23.799999,0
2/5/2018,23.799999,26.16,23.799999,25.91,25.91,0
2/6/2018,25.91,27.98,24.43,26.59,26.59,0
2/7/2018,26.59,28.950001,24.57,26.790001,26.790001,0
2/8/2018,26.790001,29.73,26.610001,29.5,29.5,0
2/9/2018,28.450001,51.700001,27.43,29.85,29.85,0
2/12/2018,30.370001,30.68,27.959999,29.42,29.42,0
2/13/2018,29.42,77.559998,27.719999,30.389999,30.389999,0
2/14/2018,30.389999,39.25,26.200001,27.73,27.73,0
2/15/2018,27.73,29.34,26.629999,27.57,27.57,0
2/16/2018,27.290001,28.549999,26.549999,26.969999,26.969999,0
2/20/2018,26.969999,28.139999,26.889999,27.58,27.58,0
2/21/2018,27.58,27.58,25.370001,26.93,26.93,0
2/22/2018,26.799999,26.879999,24.85,24.98,24.98,0
2/23/2018,24.98,25.110001,23.4,24.370001,24.370001,0
2/26/2018,24.370001,25.870001,24.23,24.360001,24.360001,0
2/27/2018,24.360001,25.620001,23.799999,25.290001,25.290001,0
2/28/2018,25.290001,27.219999,24.299999,26.92,26.92,0
3/1/2018,26.92,28.58,25.84,26.98,26.98,0
3/2/2018,26.98,28.09,25.84,26.15,26.15,0
3/5/2018,27.6,28.190001,25.889999,26.299999,26.299999,0
3/6/2018,26.67,26.67,25.379999,25.549999,25.549999,0
3/7/2018,25.549999,27.040001,24.93,26.940001,26.940001,0
3/8/2018,26.91,27.16,25.799999,26.16,26.16,0
3/9/2018,26.16,26.23,26.16,26.23,26.23,0
3/12/2018,22.610001,24.91,22.610001,24.02,24.02,0
3/13/2018,24.02,25.959999,22.5,25.5,25.5,0
3/14/2018,23.549999,26.379999,19.959999,25.209999,25.209999,0
3/15/2018,25.209999,26.540001,22.35,25.07,25.07,0
3/16/2018,22.27,25.549999,22.27,24.530001,24.530001,0
3/19/2018,22.91,25.780001,22.91,25.280001,25.280001,0
3/20/2018,25.280001,25.77,24.58,25.299999,25.299999,0
3/21/2018,25.299999,26.4,22.940001,25.950001,25.950001,0
3/22/2018,26.139999,26.549999,25.16,26.469999,26.469999,0
3/23/2018,26.469999,28,26.280001,27.559999,27.559999,0
3/26/2018,27.559999,28.59,27.559999,27.709999,27.709999,0
3/27/2018,27.059999,28.01,27.02,27.379999,27.379999,0
3/28/2018,27.379999,35.610001,26.370001,26.67,26.67,0
3/29/2018,26.67,26.67,24.75,25.07,25.07,0
4/2/2018,25.040001,27.860001,25.040001,27.530001,27.530001,0
4/3/2018,27.530001,27.82,26.68,26.889999,26.889999,0
4/4/2018,26.709999,28.360001,25.950001,26.17,26.17,0
4/5/2018,26.17,26.940001,24.379999,24.379999,24.379999,0
4/6/2018,24.57,25.18,24.049999,24.99,24.99,0
4/9/2018,25.389999,25.790001,24.950001,25.639999,25.639999,0
4/10/2018,25.639999,28.110001,25.639999,28.049999,28.049999,0
4/11/2018,28.049999,30.209999,28.049999,29.42,29.42,0
4/12/2018,29.43,29.43,28.48,28.73,28.73,0
4/13/2018,28.73,29.76,27.85,28.52,28.52,0
4/16/2018,28.52,30.700001,27.969999,28.84,28.84,0
4/17/2018,26.620001,29.43,26.620001,27.879999,27.879999,0
4/18/2018,27.879999,31.51,26.27,29.42,29.42,0
4/19/2018,30.389999,30.42,29.15,29.360001,29.360001,0
4/20/2018,28.17,29.51,28.17,28.99,28.99,0
4/23/2018,28.18,29.84,28.18,28.969999,28.969999,0
4/24/2018,27.530001,29.540001,27.530001,29.15,29.15,0
4/25/2018,29.15,29.32,27.610001,28.16,28.16,0
4/26/2018,28.16,28.23,26.620001,26.860001,26.860001,0
4/27/2018,25.4,26.360001,25.4,25.59,25.59,0
4/30/2018,26.690001,28.280001,26.49,28.280001,28.280001,0
5/1/2018,27.9,28.23,27.639999,28.07,28.07,0
5/2/2018,28.120001,28.5,27.049999,27.32,27.32,0
5/3/2018,26.709999,27.469999,26.459999,26.690001,26.690001,0
5/4/2018,26.690001,27.120001,25.76,26.17,26.17,0
5/7/2018,26.719999,28.98,26.469999,28.860001,28.860001,0
5/8/2018,28.860001,29.389999,26.41,26.76,26.76,0
5/9/2018,26.790001,27.379999,21,26.709999,26.709999,0
5/10/2018,26.709999,27.27,26.370001,26.610001,26.610001,0
5/11/2018,26.610001,26.610001,25.370001,25.74,25.74,0
5/14/2018,26.17,26.280001,25.58,25.93,25.93,0
5/15/2018,25.93,26.879999,25.1,26.610001,26.610001,0
5/16/2018,25.889999,32.619999,25.57,25.73,25.73,0
5/17/2018,26.379999,26.379999,24.99,25.110001,25.110001,0
5/18/2018,25.110001,25.530001,23.790001,25.23,25.23,0
5/21/2018,25.9,26.08,25.389999,25.790001,25.790001,0
5/22/2018,24.24,25.959999,24.24,25.889999,25.889999,0
5/23/2018,25.99,26.389999,25.120001,26.040001,26.040001,0
5/24/2018,26.040001,26.040001,25.15,25.370001,25.370001,0
5/25/2018,25.370001,28.02,24.549999,27.76,27.76,0
5/29/2018,27.76,29.190001,26.99,29.040001,29.040001,0
5/30/2018,27.790001,28.51,27.469999,27.9,27.9,0
5/31/2018,27.9,28.77,27.4,27.610001,27.610001,0
6/1/2018,27.620001,28.84,27.33,28.65,28.65,0
6/4/2018,28.65,29.620001,28.65,29.49,29.49,0
6/5/2018,29.49,29.85,28.540001,29.299999,29.299999,0
6/6/2018,29.299999,29.809999,28.34,29.139999,29.139999,0
6/7/2018,29.139999,29.139999,27.52,28.049999,28.049999,0
6/8/2018,28.049999,28.16,26.700001,27.59,27.59,0
6/11/2018,27.59,28.809999,25.33,26.860001,26.860001,0
6/12/2018,26.860001,27.24,25,26.58,26.58,0
6/13/2018,26.58,27.6,23.889999,27.08,27.08,0
6/14/2018,27.08,27.24,25.85,26.690001,26.690001,0
6/15/2018,24.620001,28.370001,24.620001,27.639999,27.639999,0
6/18/2018,27.639999,28.799999,27.16,27.58,27.58,0
6/19/2018,27.58,29.09,27.02,28.01,28.01,0
6/20/2018,27.629999,29.5,27.42,28.059999,28.059999,0
6/21/2018,28.059999,28.57,27,27.780001,27.780001,0
6/22/2018,27.780001,27.780001,23.379999,25.52,25.52,0
6/25/2018,25.299999,26.469999,25.299999,26.1,26.1,0
6/26/2018,26.1,26.52,24.9,25.67,25.67,0
6/27/2018,26.280001,47.189999,25.969999,27.690001,27.690001,0
6/28/2018,27.690001,28.639999,26.98,27.35,27.35,0
6/29/2018,26.620001,27.440001,26.5,27.18,27.18,0
7/2/2018,27.66,28.709999,27.66,28.65,28.65,0
7/3/2018,28.65,29.209999,28.209999,28.58,28.58,0
7/5/2018,28.73,34.310001,28.129999,28.77,28.77,0
7/6/2018,28.77,28.77,27.940001,28.129999,28.129999,0
7/9/2018,28.620001,28.84,27.940001,28.120001,28.120001,0
7/10/2018,27.65,28.040001,26.49,26.9,26.9,0
7/11/2018,26.9,28.9,26.43,28.559999,28.559999,0
7/12/2018,28.559999,28.879999,27.51,27.809999,27.809999,0
7/13/2018,27.809999,27.809999,26.700001,27.540001,27.540001,0
7/16/2018,28.360001,29.889999,27.719999,29.01,29.01,0
7/17/2018,28.66,29.52,27.42,28,28,0
7/18/2018,26.68,27.92,26.52,27.24,27.24,0
7/19/2018,27.209999,27.83,26.280001,26.84,26.84,0
7/20/2018,26.07,26.91,25.440001,26.01,26.01,0
7/23/2018,26.01,26.68,25.98,26.15,26.15,0
7/24/2018,26.15,26.370001,25.26,25.65,25.65,0
7/25/2018,25.65,25.82,24.549999,25.34,25.34,0
7/26/2018,24.66,25.200001,24.48,24.879999,24.879999,0
7/27/2018,24.440001,25.280001,24.43,24.969999,24.969999,0
7/30/2018,25.440001,26.09,25.360001,25.83,25.83,0
7/31/2018,25.83,26.799999,25.67,26.52,26.52,0
8/1/2018,26.52,26.959999,25.889999,26.450001,26.450001,0
8/2/2018,25.940001,26.379999,25.370001,25.73,25.73,0
8/3/2018,25.73,26.1,25.469999,25.610001,25.610001,0
8/6/2018,25.709999,26.200001,25.139999,25.42,25.42,0
8/7/2018,25.469999,25.559999,25.129999,25.219999,25.219999,0
8/8/2018,25.219999,26.93,25.190001,26.41,26.41,0
8/9/2018,25.82,25.93,25.299999,25.4,25.4,0
8/10/2018,25.540001,25.620001,25.190001,25.450001,25.450001,0
8/13/2018,25.450001,26.98,24.709999,25.309999,25.309999,0
8/14/2018,24.059999,26.25,24.059999,26.18,26.18,0
8/15/2018,25.469999,32.43,25.110001,27.26,27.26,0
8/16/2018,25.940001,27.07,25.82,26.33,26.33,0
8/17/2018,26.030001,26.389999,24.870001,25.709999,25.709999,0
8/20/2018,26.08,26.889999,25.110001,25.26,25.26,0
8/21/2018,25.26,25.719999,24.73,25.08,25.08,0
8/22/2018,25.08,27.959999,24.309999,24.719999,24.719999,0
8/23/2018,25.24,25.24,24.23,24.35,24.35,0
8/24/2018,24.23,24.23,23.280001,23.309999,23.309999,0
8/27/2018,24.110001,24.120001,23.58,23.68,23.68,0
8/28/2018,23.610001,24.629999,23.33,24.5,24.5,0
8/29/2018,23.77,24.75,23.700001,24.32,24.32,0
8/30/2018,24.32,25.02,24.26,24.889999,24.889999,0
8/31/2018,24.07,25.129999,23.969999,25.02,25.02,0
9/4/2018,25.65,26.85,25.65,26.700001,26.700001,0
9/5/2018,25.9,27.07,25.9,26.620001,26.620001,0
9/6/2018,26.620001,27.639999,26.040001,26.16,26.16,0
9/7/2018,26.16,26.41,25.389999,26.07,26.07,0
9/10/2018,26.24,26.4,25.360001,26.129999,26.129999,0
9/11/2018,26.129999,27.299999,25.709999,27.139999,27.139999,0
9/12/2018,27.139999,28.209999,26.51,26.940001,26.940001,0
9/13/2018,26.01,27.299999,26.01,26.700001,26.700001,0
9/14/2018,26.700001,27.02,25.469999,26.4,26.4,0
9/17/2018,26.469999,27.4,26.040001,26.49,26.49,0
9/18/2018,26.43,27.530001,26.4,26.799999,26.799999,0
9/19/2018,25.84,27.15,25.84,26.35,26.35,0
9/20/2018,25.780001,26.459999,25.059999,26.07,26.07,0
9/21/2018,26.07,26.6,25.040001,26.15,26.15,0
9/24/2018,26.15,27.530001,26.15,26.969999,26.969999,0
9/25/2018,26.719999,27.32,26.18,26.83,26.83,0
9/26/2018,26.549999,26.879999,25.959999,26.530001,26.530001,0
9/27/2018,27.049999,27.1,26.059999,26.450001,26.450001,0
9/28/2018,26.200001,26.84,26.200001,26.73,26.73,0
10/1/2018,27.08,27.950001,26.67,27.950001,27.950001,0
10/2/2018,27.09,27.84,27.09,27.68,27.68,0
10/3/2018,26.91,35.209999,24.15,28.040001,28.040001,0
10/4/2018,27.110001,29.68,27.049999,28.9,28.9,0
10/5/2018,28.719999,29.08,28.34,28.84,28.84,0
10/8/2018,28.84,29.49,28.74,28.860001,28.860001,0
10/9/2018,28.860001,28.860001,27.9,27.9,27.9,0
10/10/2018,27.9,43.080002,27.83,28.809999,28.809999,0
10/11/2018,28.809999,56.900002,28.41,29.290001,29.290001,0
10/12/2018,28.91,28.91,27.59,27.73,27.73,0
10/15/2018,28.450001,29.299999,28.290001,28.59,28.59,0
10/16/2018,27.540001,29.4,27.540001,28.59,28.59,0
10/17/2018,28.59,28.950001,25.200001,28.129999,28.129999,0
10/18/2018,28.379999,29.84,28.129999,28.530001,28.530001,0
10/19/2018,28.530001,33.279999,26.93,27.42,27.42,0
10/22/2018,28.030001,28.940001,27.35,27.76,27.76,0
10/23/2018,28.09,30.209999,28.09,29.379999,29.379999,0
10/24/2018,29.379999,29.93,28.48,29.799999,29.799999,0
10/25/2018,28.969999,29.559999,27.9,28.5,28.5,0
10/26/2018,28.139999,29.51,28.139999,29.09,29.09,0
10/29/2018,29.09,29.9,28.540001,29.459999,29.459999,0
10/30/2018,28.98,30.24,28.98,29.9,29.9,0
10/31/2018,29.15,36.860001,27.110001,30.120001,30.120001,0
11/1/2018,28.950001,31.98,28.950001,31.540001,31.540001,0
11/2/2018,31.540001,32.43,30.959999,32.209999,32.209999,0
11/5/2018,32.720001,33.02,32.02,32.68,32.68,0
11/6/2018,32.330002,34.34,32.27,34.150002,34.150002,0
11/7/2018,34.360001,34.57,32.669998,33.049999,33.049999,0
11/8/2018,33.299999,33.68,32.060001,32.23,32.23,0
11/9/2018,33.490002,35.16,33.23,35.099998,35.099998,0
11/12/2018,35.220001,40.209999,33.580002,40.139999,40.139999,0
11/13/2018,39.779999,96.239998,37.5,55.709999,55.709999,0
11/14/2018,50.290001,51.560001,43.450001,47.07,47.07,0
11/15/2018,46.98,50.830002,43.619999,43.869999,43.869999,0
11/16/2018,41.389999,44.959999,38.939999,40.560001,40.560001,0
11/19/2018,42.349998,46.57,42.349998,43.450001,43.450001,0
11/20/2018,45.41,58.669998,44.919998,56.560001,56.560001,0
11/21/2018,51.82,53.709999,48.939999,51.790001,51.790001,0
11/23/2018,59.040001,65.260002,58.880001,65.169998,65.169998,0
11/26/2018,65.169998,65.169998,57.43,57.869999,57.869999,0
11/27/2018,57.869999,57.869999,53.310001,54.639999,54.639999,0
11/28/2018,54.639999,97.919998,52.150002,53.990002,53.990002,0
11/29/2018,52.939999,54.73,52.48,53.959999,53.959999,0
11/30/2018,53.959999,58,53.959999,56.040001,56.040001,0
12/3/2018,52.549999,52.549999,49.060001,49.610001,49.610001,0
12/4/2018,49.450001,50.09,47.720001,49.84,49.84,0
12/6/2018,48.389999,65.360001,48.389999,50.130001,50.130001,0
12/7/2018,50.130001,50.130001,39.689999,41.830002,41.830002,0
12/10/2018,43.48,45.189999,41.52,45.060001,45.060001,0
12/11/2018,42.060001,42.34,41.009998,41.459999,41.459999,0
12/12/2018,40.639999,83.620003,37.009998,39.900002,39.900002,0
12/13/2018,39.669998,40.919998,38.549999,39.25,39.25,0
12/14/2018,39.25,43.580002,39.119999,42.380001,42.380001,0
12/17/2018,41.860001,46.82,41.860001,46.59,46.59,0
12/18/2018,45.779999,55.59,45.779999,53.349998,53.349998,0
12/19/2018,52.049999,72.510002,48.93,50.860001,50.860001,0
12/20/2018,50.27,53.439999,50.27,52.889999,52.889999,0
12/21/2018,51.75,53.060001,50.759998,51.759998,51.759998,0
12/24/2018,53.720001,56.73,53.43,56.73,56.73,0
12/26/2018,55.380001,57.330002,53.790001,54.07,54.07,0
12/27/2018,55.779999,110.480003,55.779999,57.16,57.16,0
12/28/2018,57.16,57.380001,52.799999,53.110001,53.110001,0
12/31/2018,54.529999,54.900002,51.779999,51.869999,51.869999,0
1/2/2019,53.57,55.619999,52.560001,54.720001,54.720001,0
1/3/2019,52.380001,55.110001,52.380001,53.57,53.57,0
1/4/2019,52.369999,56.09,50.09,51.52,51.52,0
1/7/2019,52.560001,53.200001,49.790001,50.419998,50.419998,0
1/8/2019,49.18,49.389999,45.849998,46.080002,46.080002,0
1/9/2019,45.07,64.800003,43.970001,44.360001,44.360001,0
1/10/2019,44.360001,45.259998,42.669998,42.990002,42.990002,0
1/11/2019,42.110001,43.290001,40.619999,40.990002,40.990002,0
1/14/2019,41.509998,43.220001,40.25,40.810001,40.810001,0
1/15/2019,39.990002,41.369999,39.689999,39.75,39.75,0
1/16/2019,39.75,42.169998,38.709999,38.77,38.77,0
1/17/2019,38.02,39.43,36.419998,37.029999,37.029999,0
1/18/2019,36.060001,39.049999,35.16,35.630001,35.630001,0
1/22/2019,36.810001,38.93,36.369999,38.259998,38.259998,0
1/23/2019,38.259998,38.560001,37.23,37.689999,37.689999,0
1/24/2019,36.450001,57.43,36.400002,36.75,36.75,0
1/25/2019,36.75,36.75,34.91,35.209999,35.209999,0
1/28/2019,35.209999,38.549999,35.209999,37.610001,37.610001,0
1/29/2019,37.610001,38.779999,36.540001,37.130001,37.130001,0
1/30/2019,37.130001,53.810001,34.07,35.59,35.59,0
1/31/2019,34.91,35.639999,34.290001,34.970001,34.970001,0
2/1/2019,34.970001,35.889999,32.830002,33.400002,33.400002,0
2/4/2019,33.400002,35.77,33.400002,33.700001,33.700001,0
2/5/2019,33.52,34.799999,33.400002,34.57,34.57,0
2/6/2019,34.57,35.060001,31.959999,33.02,33.02,0
2/7/2019,33.02,36.779999,32.349998,34.34,34.34,0
2/8/2019,34.34,34.490002,32.23,32.560001,32.560001,0
2/11/2019,32.560001,35.27,32.560001,33.34,33.34,0
2/12/2019,33.34,33.630001,31.74,32.689999,32.689999,0
2/13/2019,32.689999,47.560001,30.6,32.259998,32.259998,0
2/14/2019,32.259998,33.970001,31.65,32.099998,32.099998,0
2/15/2019,32.099998,32.099998,29.459999,29.459999,29.459999,0
2/19/2019,29.459999,32.439999,29.459999,31,31,0
2/20/2019,31,44.759998,30.4,30.76,30.76,0
2/21/2019,30.76,31.26,29.889999,30.16,30.16,0
2/22/2019,28.15,30.469999,28.15,29.85,29.85,0
2/25/2019,31.190001,32.73,31.15,32.689999,32.689999,0
2/26/2019,32.689999,32.919998,30.84,31.57,31.57,0
2/27/2019,31.57,36.490002,30.139999,31.01,31.01,0
2/28/2019,31.01,31.6,30.15,30.27,30.27,0
3/1/2019,30.35,31.639999,29.530001,30.309999,30.309999,0
3/4/2019,30.309999,31.219999,29.49,30.200001,30.200001,0
3/5/2019,30.200001,30.370001,29.309999,29.790001,29.790001,0
3/6/2019,29.790001,31.27,29.25,29.690001,29.690001,0
3/7/2019,29.690001,30.469999,29.65,30.43,30.43,0
3/8/2019,30.43,31.17,29.25,29.77,29.77,0
3/11/2019,29.77,31.27,26.870001,29.18,29.18,0
3/12/2019,29.18,29.91,27.790001,28.559999,28.559999,0
3/13/2019,27.629999,29.440001,26.4,28.129999,28.129999,0
3/14/2019,28.129999,28.6,26.51,27.219999,27.219999,0
3/15/2019,27.219999,28.389999,25.68,26.27,26.27,0
3/18/2019,26.27,27.870001,25.370001,26.48,26.48,0
3/19/2019,26.48,29.120001,25.709999,28.440001,28.440001,0
3/20/2019,28.440001,29.459999,26.66,27.209999,27.209999,0
3/21/2019,26.469999,28.02,25.9,27.139999,27.139999,0
3/22/2019,27.139999,29.73,26.58,27.780001,27.780001,0
3/25/2019,27.780001,30.549999,27.780001,29.32,29.32,0
3/26/2019,29.32,29.32,27.049999,27.92,27.92,0
3/27/2019,27.92,56.990002,27.309999,28.110001,28.110001,0
3/28/2019,28.110001,29.48,28.110001,28.52,28.52,0
3/29/2019,28.52,28.52,26.389999,26.75,26.75,0
4/1/2019,26.790001,27.360001,25.65,26.23,26.23,0
4/2/2019,26.23,26.690001,25.209999,26.280001,26.280001,0
4/3/2019,26.280001,26.4,25.33,25.57,25.57,0
4/4/2019,25.57,25.780001,24.77,25.219999,25.219999,0
4/5/2019,25.27,25.27,23.610001,24,24,0
4/8/2019,24,25.879999,24,24.33,24.33,0
4/9/2019,24.33,25.299999,23.950001,24.66,24.66,0
4/10/2019,24.66,24.68,24.66,24.68,24.68,0
4/11/2019,24.68,26.059999,24.68,25.700001,25.700001,0
4/12/2019,25.700001,25.700001,25.700001,25.700001,25.700001,0
4/15/2019,26.59,26.59,25.040001,25.51,25.51,0
4/16/2019,25.51,26.27,24.99,25.57,25.57,0
4/17/2019,25.57,38.990002,23.969999,25.190001,25.190001,0
4/18/2019,24.77,25.110001,24.440001,24.450001,24.450001,0
4/22/2019,24.139999,27.940001,24.08,26.07,26.07,0
4/23/2019,24.370001,26.66,24.370001,26.559999,26.559999,0
4/24/2019,26.24,32.630001,25.23,25.280001,25.280001,0
4/25/2019,25.280001,25.76,24.860001,25.57,25.57,0
4/26/2019,25.620001,31.9,25.16,31.24,31.24,0
4/29/2019,31.24,31.24,28.16,29.040001,29.040001,0
4/30/2019,29.040001,29.85,28.83,29.309999,29.309999,0
5/1/2019,28.08,39.439999,28.08,29.41,29.41,0
5/2/2019,33.25,33.66,30.440001,30.49,30.49,0
5/3/2019,30.49,30.49,28.42,29.879999,29.879999,0
5/6/2019,29.879999,32.139999,29.879999,30.91,30.91,0
5/7/2019,32.790001,34.34,32.549999,34.07,34.07,0
5/8/2019,34.07,34.599998,30.110001,32.23,32.23,0
5/9/2019,32.990002,45.349998,32.18,32.48,32.48,0
5/10/2019,32.869999,33.060001,32.139999,32.799999,32.799999,0
5/13/2019,35.009998,35.549999,31.870001,34.599998,34.599998,0
5/14/2019,33.490002,33.490002,31.4,32.130001,32.130001,0
5/15/2019,32.18,33.369999,29.040001,29.26,29.26,0
5/16/2019,29.83,30.9,29.26,29.42,29.42,0
5/17/2019,28.43,29.92,27.709999,29.440001,29.440001,0
5/20/2019,27.74,28.379999,26.959999,27.629999,27.629999,0
5/21/2019,26.43,27.73,26.43,26.93,26.93,0
5/22/2019,26.41,28.41,25.629999,28.190001,28.190001,0
5/23/2019,30.92,37.169998,30.92,33.790001,33.790001,0
5/24/2019,31.93,34.32,31.76,33.189999,33.189999,0
5/28/2019,33.720001,34.459999,33.080002,34.360001,34.360001,0
5/29/2019,34.740002,37.970001,34.740002,36.43,36.43,0
5/30/2019,35.259998,39.84,35.099998,39.619999,39.619999,0
5/31/2019,41.18,47.490002,41.18,46.91,46.91,0
6/3/2019,45.290001,47,43.880001,46.779999,46.779999,0
6/4/2019,44.299999,46.490002,43.419998,43.459999,43.459999,0
6/5/2019,44.099998,70.690002,43.41,45.189999,45.189999,0
6/6/2019,45.189999,45.189999,40.52,40.66,40.66,0
6/7/2019,40.169998,40.619999,38.709999,38.75,38.75,0
6/10/2019,38.75,39.740002,38.189999,39.119999,39.119999,0
6/11/2019,37.549999,39.130001,37.529999,38.689999,38.689999,0
6/12/2019,39.990002,44.419998,39.68,43.060001,43.060001,0
6/13/2019,40.349998,41.77,39.68,41.560001,41.560001,0
6/14/2019,41.369999,42.889999,41.369999,42.889999,42.889999,0
6/17/2019,42.889999,60.419998,42.889999,46.150002,46.150002,0
6/18/2019,43.73,44.130001,42.700001,43.43,43.43,0
6/19/2019,43.470001,43.91,40.27,40.790001,40.790001,0
6/20/2019,39.900002,43.330002,39.529999,41.66,41.66,0
6/21/2019,40.93,43.310001,40.93,42.130001,42.130001,0
6/24/2019,41.889999,42.790001,40.869999,41,41,0
6/25/2019,41,41,39.169998,40.259998,40.259998,0
6/26/2019,38.490002,39.709999,38.060001,38.450001,38.450001,0
6/27/2019,38.75,38.75,36.93,37.84,37.84,0
6/28/2019,37.84,39.720001,36.91,39.459999,39.459999,0
7/1/2019,42.849998,42.849998,33.639999,35.919998,35.919998,0
7/2/2019,35.110001,38.630001,34.630001,37.77,37.77,0
7/3/2019,36.82,38.310001,35.93,36.720001,36.720001,0
7/5/2019,36.720001,37.509998,34.540001,34.700001,34.700001,0
7/8/2019,35.560001,35.869999,33.889999,34,34,0
7/9/2019,30.709999,31.309999,30.139999,30.299999,30.299999,0
7/10/2019,29.32,42.540001,29.08,30.76,30.76,0
7/11/2019,29.370001,30.379999,29.370001,29.860001,29.860001,0
7/12/2019,29.860001,30.68,29.379999,30.389999,30.389999,0
7/15/2019,29.48,31.629999,29.48,30.83,30.83,0
7/16/2019,29.4,33.650002,29.4,32.060001,32.060001,0
7/17/2019,32.880001,35.009998,29.16,34.939999,34.939999,0
7/18/2019,31.389999,35.360001,31.389999,33.07,33.07,0
7/19/2019,32.040001,34.93,32.040001,34.84,34.84,0
7/22/2019,33.880001,34.869999,32.540001,33.630001,33.630001,0
7/23/2019,32.34,33.549999,32.169998,32.25,32.25,0
7/24/2019,32.25,33.599998,29.52,32.860001,32.860001,0
7/25/2019,31.85,32.5,31.690001,31.950001,31.950001,0
7/26/2019,31.950001,33.049999,31.57,32.290001,32.290001,0
7/29/2019,30.709999,32.869999,30.709999,31.629999,31.629999,0
7/30/2019,31,31.280001,29.879999,30.07,30.07,0
7/31/2019,29.120001,30.860001,29.120001,30.77,30.77,0
8/1/2019,30.24,38.639999,30.24,36.43,36.43,0
8/2/2019,33.869999,38.32,33.790001,35.560001,35.560001,0
8/5/2019,38.080002,39.259998,36.619999,37.040001,37.040001,0
8/6/2019,37.040001,37.040001,34.75,36.43,36.43,0
8/7/2019,36.43,40.810001,36.43,38.099998,38.099998,0
8/8/2019,38.099998,38.18,35.790001,35.98,35.98,0
8/9/2019,35.990002,35.990002,34.310001,35.139999,35.139999,0
8/12/2019,35.139999,35.52,32.869999,34.43,34.43,0
8/13/2019,34.43,35.060001,32.240002,33.189999,33.189999,0
8/14/2019,34.619999,39.25,34.619999,35.830002,35.830002,0
8/15/2019,37.59,38.130001,36.009998,36.200001,36.200001,0
8/16/2019,35.700001,36.830002,34.18,35.02,35.02,0
8/19/2019,35.02,35.02,32.68,32.990002,32.990002,0
8/20/2019,32.990002,34.07,31.9,32.34,32.34,0
8/21/2019,31.65,44.77,31.18,32.389999,32.389999,0
8/22/2019,31.27,33.360001,31.27,32.389999,32.389999,0
8/23/2019,32.389999,36.259998,32.389999,35.200001,35.200001,0
8/26/2019,35.200001,41.490002,30.98,35.419998,35.419998,0
8/27/2019,33.919998,35.040001,33.450001,33.73,33.73,0
8/28/2019,32.689999,49.369999,31.92,32.720001,32.720001,0
8/29/2019,33.060001,33.32,31.690001,31.82,31.82,0
8/30/2019,31.780001,35.720001,30.84,32.16,32.16,0
9/3/2019,36.16,37.299999,35.200001,35.73,35.73,0
9/4/2019,33.740002,34.939999,33.669998,34.560001,34.560001,0
9/5/2019,33.27,47.880001,32.799999,33.5,33.5,0
9/6/2019,33.5,35,32.509998,33.209999,33.209999,0
9/9/2019,32.700001,33.549999,32.700001,33.279999,33.279999,0
9/10/2019,33.200001,34.060001,32.880001,33.549999,33.549999,0
9/11/2019,32.700001,35.900002,32.529999,34.939999,34.939999,0
9/12/2019,34.939999,38.150002,34.84,35.580002,35.580002,0
9/13/2019,35.84,36.57,35.400002,35.48,35.48,0
9/16/2019,39.369999,77.169998,37.630001,48.580002,48.580002,0
9/17/2019,48.580002,48.580002,42.82,44.889999,44.889999,0
9/18/2019,44.889999,48.84,36.290001,40.439999,40.439999,0
9/19/2019,40.759998,41.18,39.560001,41.150002,41.150002,0
9/20/2019,40.349998,40.939999,38.77,38.990002,38.990002,0
9/23/2019,38.990002,39.060001,38.990002,39.060001,39.060001,0
9/24/2019,36.959999,39,36.900002,38.740002,38.740002,0
9/25/2019,38.740002,41.189999,35.880001,38.369999,38.369999,0
9/26/2019,37.560001,38.360001,37.029999,37.52,37.52,0
9/27/2019,37.07,40.220001,36.990002,38.900002,38.900002,0
9/30/2019,38.900002,39.59,38.619999,38.75,38.75,0
10/1/2019,38.080002,39.360001,37.34,38.880001,38.880001,0
10/2/2019,37.509998,41.610001,35.970001,39.619999,39.619999,0
10/3/2019,39.580002,41.619999,38.669998,40.400002,40.400002,0
10/4/2019,40.400002,40.400002,37.970001,39.310001,39.310001,0
10/7/2019,39.310001,40.369999,37.610001,39.419998,39.419998,0
10/8/2019,40.970001,40.970001,38.09,39.490002,39.490002,0
10/9/2019,39.049999,39.049999,37.959999,38,38,0
10/10/2019,39.049999,39.84,38.259998,39.52,39.52,0
10/11/2019,39.91,40.400002,39.16,39.650002,39.650002,0
10/14/2019,40,41.790001,40,40.209999,40.209999,0
10/15/2019,39.439999,39.700001,38.57,39.470001,39.470001,0
10/16/2019,38.419998,39.610001,36.810001,39.470001,39.470001,0
10/17/2019,39.470001,39.470001,37.709999,37.709999,37.709999,0
10/18/2019,37.18,37.32,35.73,36.43,36.43,0
10/21/2019,38.200001,38.200001,36.610001,36.66,36.66,0
10/22/2019,35.32,35.830002,34.700001,35.52,35.52,0
10/23/2019,37.18,37.18,35.66,35.66,35.66,0
10/24/2019,35.66,35.990002,34.209999,35.950001,35.950001,0
10/25/2019,34.290001,35.25,33.970001,34.639999,34.639999,0
10/28/2019,34.639999,35.830002,34.27,35.639999,35.639999,0
10/29/2019,36.66,36.66,35.23,35.700001,35.700001,0
10/30/2019,35.700001,35.700001,33.900002,34.360001,34.360001,0
10/31/2019,34.799999,36.150002,34.52,35.84,35.84,0
11/1/2019,33.919998,35.360001,33.48,34.369999,34.369999,0
11/4/2019,34.369999,36.02,34.369999,35.630001,35.630001,0
11/5/2019,35.630001,35.630001,33.77,33.77,33.77,0
11/6/2019,33.77,33.77,32.720001,33.220001,33.220001,0
11/7/2019,33.220001,33.240002,31.41,31.450001,31.450001,0
11/8/2019,31.450001,31.450001,31.450001,31.450001,31.450001,0
11/11/2019,34.150002,35.130001,33.52,34.220001,34.220001,0
11/12/2019,35.099998,35.150002,32.25,33.740002,33.740002,0
11/13/2019,34.950001,35.959999,33.509998,35.150002,35.150002,0
11/14/2019,35.150002,36.220001,31.93,33.939999,33.939999,0
11/15/2019,33.900002,33.900002,30.969999,32.419998,32.419998,0
11/18/2019,36.080002,36.599998,33.049999,33.68,33.68,0
11/19/2019,33.75,33.75,32.939999,32.939999,32.939999,0
11/20/2019,31.91,34.970001,29.620001,32.200001,32.200001,0
11/21/2019,31,32.75,29.639999,31.59,31.59,0
11/22/2019,34.139999,34.139999,31.219999,32.380001,32.380001,0
11/25/2019,31.6,32.220001,31.42,31.9,31.9,0
11/26/2019,31.309999,31.49,30.540001,31.25,31.25,0
11/27/2019,30.4,31.209999,30.4,30.82,30.82,0
11/29/2019,29.73,36.830002,29.73,36.73,36.73,0
12/2/2019,34.639999,35.209999,33.66,34.970001,34.970001,0
12/3/2019,34.73,36.389999,34.580002,35.049999,35.049999,0
12/4/2019,31.540001,32.310001,31.09,32.209999,32.209999,0
12/5/2019,30.9,31.629999,29.68,30.41,30.41,0
12/6/2019,30.41,30.969999,27.219999,30.02,30.02,0
12/9/2019,30.02,30.02,30.02,30.02,30.02,0
12/10/2019,30.02,30.02,27.75,27.940001,27.940001,0
12/11/2019,27.940001,30.190001,27.59,27.809999,27.809999,0
12/12/2019,27.780001,28.440001,27.42,27.440001,27.440001,0
12/13/2019,27.440001,29,25.99,26.76,26.76,0
12/16/2019,25.49,27.629999,24.85,26.51,26.51,0
12/17/2019,26.51,27.280001,25.6,26.33,26.33,0
12/18/2019,25.690001,26.940001,25.690001,26.77,26.77,0
12/19/2019,26.77,26.77,23.16,24.799999,24.799999,0
12/20/2019,25.309999,26.049999,23.82,25.540001,25.540001,0
12/23/2019,25.540001,26.9,24.309999,25.110001,25.110001,0
12/24/2019,25.110001,25.540001,24.77,25.459999,25.459999,0
12/26/2019,25.459999,26.299999,24.08,24.08,24.08,0
12/27/2019,24.08,25.790001,24.08,25.16,25.16,0
12/30/2019,25.16,27.51,24.959999,25.860001,25.860001,0
12/31/2019,25.860001,28.91,25.860001,28.299999,28.299999,0
1/2/2020,28.299999,29.280001,28.299999,28.75,28.75,0
1/3/2020,29.33,32.279999,27.9,31.92,31.92,0
1/6/2020,31.92,32.959999,30.52,32.32,32.32,0
1/7/2020,33.060001,33.060001,30.6,31.799999,31.799999,0
1/8/2020,31.799999,34.419998,30.93,32.599998,32.599998,0
1/9/2020,33.84,33.84,32.279999,33.220001,33.220001,0
1/10/2020,33.220001,33.220001,29.879999,30.379999,30.379999,0
1/13/2020,30.379999,37.139999,30.379999,34.25,34.25,0
1/14/2020,28.469999,35.419998,28,33.619999,33.619999,0
1/15/2020,33.619999,34.43,28.58,33.380001,33.380001,0
1/16/2020,33.380001,33.380001,27.65,29.790001,29.790001,0
1/17/2020,27.370001,28.9,27.110001,28.6,28.6,0
1/21/2020,28.6,30.549999,25.879999,27.66,27.66,0
1/22/2020,27.66,32.98,27.1,30.700001,30.700001,0
1/23/2020,29.67,35.93,29.67,31.950001,31.950001,0
1/24/2020,31.950001,35.34,31.950001,34.549999,34.549999,0
1/27/2020,39.290001,40.580002,36.5,37.720001,37.720001,0
1/28/2020,37.720001,37.720001,34.509998,36.419998,36.419998,0
1/29/2020,36.419998,36.48,34.330002,35.73,35.73,0
1/30/2020,35.73,41.200001,35.73,37.490002,37.490002,0
1/31/2020,38.900002,41.540001,38.330002,40.349998,40.349998,0
2/3/2020,40.349998,42.349998,39.91,41.810001,41.810001,0
2/4/2020,41.810001,41.810001,38.369999,39.439999,39.439999,0
2/5/2020,39.439999,57.150002,36.689999,37.880001,37.880001,0
2/6/2020,37.68,38.57,36.049999,36.439999,36.439999,0
2/7/2020,36.439999,38.110001,36.419998,37.509998,37.509998,0
2/10/2020,38.18,39.029999,37.5,39.009998,39.009998,0
2/11/2020,39.009998,39.009998,36.91,37.52,37.52,0
2/12/2020,37.52,37.52,34.720001,35.580002,35.580002,0
2/13/2020,35.580002,37.810001,34.549999,35.84,35.84,0
2/14/2020,35.84,35.93,35.84,35.93,35.93,0
2/18/2020,35.93,36.360001,33.459999,33.470001,33.470001,0
2/19/2020,33.470001,33.470001,31.08,32.27,32.27,0
2/20/2020,32.27,34.080002,31.25,33.16,33.16,0
2/21/2020,34.990002,36.849998,34.869999,35.869999,35.869999,0
2/24/2020,35.869999,42.16,35.869999,39.529999,39.529999,0
2/25/2020,39.529999,44.349998,38.73,42.5,42.5,0
2/26/2020,42.5,45.349998,40.52,43.400002,43.400002,0
2/27/2020,43.400002,61.98,43.400002,49.419998,49.419998,0
2/28/2020,49.419998,57.259998,44.810001,51.25,51.25,0
3/2/2020,45.060001,54.73,44.290001,48.330002,48.330002,0
3/3/2020,48.330002,69.360001,45.009998,50.799999,50.799999,0
3/4/2020,50.799999,52.560001,43.73,50.59,50.59,0
3/5/2020,50.23,53.259998,45.790001,52.580002,52.580002,0
3/6/2020,56.040001,66.410004,56.040001,65.019997,65.019997,0
3/9/2020,134.619995,270.450012,107.849998,115.919998,115.919998,0
3/10/2020,115.919998,282.450012,92.480003,92.93,92.93,0
3/11/2020,92.93,139.639999,92.93,105.25,105.25,0
3/12/2020,105.25,140.729996,96.400002,123.449997,123.449997,0
3/13/2020,123.449997,334.399994,92.540001,118.480003,118.480003,0
3/16/2020,118.290001,254.789993,118.290001,128.5,128.5,0
3/17/2020,138.740005,138.740005,119.330002,133.320007,133.320007,0
3/18/2020,135.759995,312.190002,135.759995,166.789993,166.789993,0
3/19/2020,157,178.880005,147.199997,164.059998,164.059998,0
3/20/2020,161.669998,212.509995,155.050003,190.080002,190.080002,0
3/23/2020,190.080002,222.830002,182.050003,185.679993,185.679993,0
3/24/2020,167.259995,202.630005,162.110001,170.860001,170.860001,0
3/25/2020,154.710007,177.070007,138.660004,144.029999,144.029999,0
3/26/2020,149.779999,155.429993,134.279999,150.059998,150.059998,0
3/27/2020,158.669998,175.880005,140.679993,175.880005,175.880005,0
3/30/2020,145.080002,182.199997,141.179993,174.220001,174.220001,0
3/31/2020,162.220001,205.460007,146.660004,170.550003,170.550003,0
4/1/2020,156.110001,174.690002,142.380005,158.979996,158.979996,0
4/2/2020,165.479996,189.119995,113.080002,162.649994,162.649994,0
4/3/2020,148.690002,152.809998,134.449997,141.679993,141.679993,0
4/6/2020,141.679993,153.860001,131.029999,144.190002,144.190002,0
4/7/2020,130.529999,141.929993,124.93,139.130005,139.130005,0
4/8/2020,133.630005,148.149994,125.010002,141.460007,141.460007,0
4/9/2020,139.330002,251.240005,111.800003,129.880005,129.880005,0
4/13/2020,129.880005,141.630005,110.150002,114.440002,114.440002,0
4/14/2020,108.059998,130.770004,106.370003,115.480003,115.480003,0
4/15/2020,113.110001,142.149994,98.339996,120.379997,120.379997,0
4/16/2020,129.25,129.25,105.589996,115.099998,115.099998,0
4/17/2020,115.099998,121.940002,90.559998,95.910004,95.910004,0
4/20/2020,95.910004,237.869995,95.910004,226.130005,226.130005,0
4/21/2020,226.130005,517.190002,213.589996,325.149994,325.149994,0
4/22/2020,234.660004,320.309998,176.720001,236.800003,236.800003,0
4/23/2020,205.710007,289.429993,205.639999,211,211,0
4/24/2020,211,216.229996,137.179993,173.529999,173.529999,0
4/27/2020,173.529999,227.399994,173.529999,185.470001,185.470001,0
4/28/2020,185.740005,326.730011,144.550003,198.770004,198.770004,0
4/29/2020,198.770004,198.770004,195.589996,195.589996,195.589996,0
4/30/2020,97.07,107.800003,93.800003,104.980003,104.980003,0
5/1/2020,104.980003,112.449997,104.879997,110.18,110.18,0
5/4/2020,110.18,112.029999,96.610001,97.419998,97.419998,0
5/5/2020,97.419998,103.739998,89.669998,97.269997,97.269997,0
5/6/2020,101.849998,122.169998,99.029999,115.389999,115.389999,0
5/7/2020,115.389999,115.699997,103.400002,110.620003,110.620003,0
5/8/2020,110.620003,116.470001,97.5,98.699997,98.699997,0
5/11/2020,98.699997,116.169998,90.669998,109.720001,109.720001,0
5/12/2020,95.57,96.139999,82.980003,86.860001,86.860001,0
5/13/2020,86.860001,88.730003,79.610001,82.830002,82.830002,0
5/14/2020,82.830002,84.080002,73.410004,80.050003,80.050003,0
5/15/2020,80.260002,82.379997,73.300003,76.389999,76.389999,0
5/18/2020,76.389999,76.800003,70.110001,76.139999,76.139999,0
5/19/2020,76.139999,76.139999,71.099998,73.220001,73.220001,0
5/20/2020,73.220001,77.410004,69.370003,73.620003,73.620003,0
5/21/2020,73.620003,92.449997,70.339996,89.059998,89.059998,0
5/22/2020,89.059998,89.059998,82.739998,84.980003,84.980003,0
5/26/2020,84.980003,86.809998,73.910004,75.470001,75.470001,0
5/27/2020,75.470001,76.419998,71.620003,73.889999,73.889999,0
5/28/2020,73.889999,75.300003,71.330002,72.980003,72.980003,0
5/29/2020,72.480003,73.120003,67.139999,69.230003,69.230003,0
6/1/2020,72.400002,72.480003,64.379997,64.379997,64.379997,0
6/2/2020,64.379997,66.300003,62.290001,64.709999,64.709999,0
6/3/2020,65.690002,66.769997,61.48,65.730003,65.730003,0
6/4/2020,66.459999,66.93,63.07,65.129997,65.129997,0
6/5/2020,60.389999,64.889999,57.720001,64.199997,64.199997,0
6/8/2020,64.199997,71.290001,63.880001,67.239998,67.239998,0
6/9/2020,67.239998,69.139999,64.269997,67.760002,67.760002,0
6/10/2020,67.279999,69.360001,62.48,63.060001,63.060001,0
6/11/2020,76.839996,76.839996,64.599998,69.959999,69.959999,0
6/12/2020,70.879997,71.93,62.779999,70.220001,70.220001,0
6/15/2020,70.220001,81.379997,66.220001,68.110001,68.110001,0
6/16/2020,75.400002,75.400002,57.830002,66.629997,66.629997,0
6/17/2020,68.419998,69.459999,60.700001,61.450001,61.450001,0
6/18/2020,61.450001,63.48,59.860001,61.349998,61.349998,0
6/19/2020,61.349998,61.349998,55.419998,58.73,58.73,0
6/22/2020,59.66,60.27,55.93,56.759998,56.759998,0
6/23/2020,56.759998,59.150002,53.759998,58.830002,58.830002,0
6/24/2020,58.830002,64.959999,57.860001,64.959999,64.959999,0
6/25/2020,64.959999,70.129997,61.779999,62.689999,62.689999,0
6/26/2020,62.689999,66.129997,61.189999,63.689999,63.689999,0
6/29/2020,63.689999,64.230003,59.950001,60.040001,60.040001,0
6/30/2020,60.040001,61.16,52.330002,57.66,57.66,0
7/1/2020,57.66,57.66,53.330002,53.43,53.43,0
7/2/2020,53.43,53.43,46.619999,51.290001,51.290001,0
7/6/2020,51.290001,54.080002,49.639999,50.73,50.73,0
7/7/2020,50.73,51.91,50.040001,51.389999,51.389999,0
7/8/2020,51.389999,51.389999,48.299999,48.849998,48.849998,0
7/9/2020,48.849998,54.330002,48.849998,53.77,53.77,0
7/10/2020,53.77,55.59,48.619999,49.709999,49.709999,0
7/13/2020,50.68,54.970001,49.459999,53.41,53.41,0
7/14/2020,53.41,55.490002,51.27,53.040001,53.040001,0
7/15/2020,53.040001,53.040001,46.099998,47.049999,47.049999,0
7/16/2020,47.049999,51.040001,45.09,46.119999,46.119999,0
7/17/2020,46.119999,46.119999,38.669998,40.220001,40.220001,0
7/20/2020,40.220001,42.700001,39.529999,42.59,42.59,0
7/21/2020,42.59,42.59,38.599998,41.099998,41.099998,0
7/22/2020,41.099998,44.240002,39.869999,41.299999,41.299999,0
7/23/2020,41.299999,44.189999,40.099998,43.830002,43.830002,0
7/24/2020,43.830002,44.75,42.029999,42.349998,42.349998,0
7/27/2020,42.349998,43.330002,41.200001,41.369999,41.369999,0
7/28/2020,41.369999,41.959999,40.130001,41.09,41.09,0
7/29/2020,41.09,44.799999,36.580002,39.580002,39.580002,0
7/30/2020,40.439999,43.310001,39.990002,42.060001,42.060001,0
7/31/2020,42.080002,45.360001,40.310001,44.43,44.43,0
8/3/2020,44.43,44.43,39.169998,41.560001,41.560001,0
8/4/2020,41.560001,43.18,39.889999,40.279999,40.279999,0
8/5/2020,40.099998,40.5,37,37.119999,37.119999,0
8/6/2020,37.119999,38.389999,36.93,37.59,37.59,0
8/7/2020,37.59,39.509998,35.439999,37.43,37.43,0
8/10/2020,39.060001,39.25,35.740002,35.740002,35.740002,0
8/11/2020,35.740002,37.84,33.77,37.5,37.5,0
8/12/2020,37.5,37.5,31.76,34.740002,34.740002,0
8/13/2020,34.740002,34.93,32.259998,34.869999,34.869999,0
8/14/2020,34.869999,35.299999,33.119999,35.099998,35.099998,0
8/17/2020,35.099998,40.779999,32.18,32.43,32.43,0
8/18/2020,32.43,36.799999,30.530001,31.700001,31.700001,0
8/19/2020,31.700001,33.16,30.26,32.849998,32.849998,0
8/20/2020,32.849998,36.290001,32.43,32.830002,32.830002,0
8/21/2020,32.830002,35.02,32.259998,33.68,33.68,0
8/24/2020,33.68,33.790001,32.169998,32.25,32.25,0
8/25/2020,32.25,33.240002,31.309999,33.029999,33.029999,0
8/26/2020,32.810001,33.790001,31.66,33.790001,33.790001,0
8/27/2020,33.790001,34.450001,31.870001,33.740002,33.740002,0
8/28/2020,32.060001,33.459999,31.35,32.060001,32.060001,0
8/31/2020,32.060001,32.849998,31.58,32.59,32.59,0
9/1/2020,32.59,34.23,31.25,31.74,31.74,0
9/2/2020,31.74,36.970001,31.059999,35.490002,35.490002,0
9/3/2020,35.490002,42.630001,34.169998,41.279999,41.279999,0
9/4/2020,36.049999,45.189999,36.049999,44.02,44.02,0
9/8/2020,44.02,59.25,44.02,55.900002,55.900002,0
9/9/2020,55.900002,55.900002,48.509998,49.419998,49.419998,0
9/10/2020,46.73,52.16,45.380001,52.16,52.16,0
9/11/2020,52.16,52.200001,45.540001,50.130001,50.130001,0
9/14/2020,50.130001,50.439999,48.130001,49.41,49.41,0
9/15/2020,45.130001,46.919998,44.970001,45.189999,45.189999,0
9/16/2020,45.189999,45.189999,40.799999,41.130001,41.130001,0
9/17/2020,41.130001,41.439999,36.689999,38.73,38.73,0
9/18/2020,38.73,39.549999,36.349998,39.07,39.07,0
9/21/2020,39.07,44.75,39.07,42.889999,42.889999,0
9/22/2020,38.75,42.630001,38.669998,41.279999,41.279999,0
9/23/2020,38.060001,44.700001,38.060001,44.639999,44.639999,0
9/24/2020,44.639999,44.639999,39.119999,42.880001,42.880001,0
9/25/2020,38.650002,41.98,38.650002,41.41,41.41,0
9/28/2020,40.470001,41.98,40.150002,40.639999,40.639999,0
9/29/2020,40.630001,49.82,38.259998,46.130001,46.130001,0
9/30/2020,46.130001,46.130001,42.349998,44,44,0
10/1/2020,44,52.73,43.07,49.349998,49.349998,0
10/2/2020,55.34,56.189999,50.419998,55.509998,55.509998,0
10/5/2020,55.509998,55.509998,48.970001,49.439999,49.439999,0
10/6/2020,49.439999,49.439999,44.639999,46.599998,46.599998,0
10/7/2020,45.849998,47.259998,45.459999,45.5,45.5,0
10/8/2020,45.5,45.5,38.630001,41.150002,41.150002,0
10/9/2020,41.150002,42.549999,40.57,42.380001,42.380001,0
10/12/2020,42.380001,45.560001,41.689999,44.040001,44.040001,0
10/13/2020,44.040001,46.970001,42.549999,46.07,46.07,0
10/14/2020,46.07,46.07,41.709999,43.529999,43.529999,0
10/15/2020,45.59,46.02,43.389999,43.830002,43.830002,0
10/16/2020,44.84,48.790001,43.220001,44.060001,44.060001,0
10/19/2020,44.060001,44.299999,42.310001,43.349998,43.349998,0
10/20/2020,43.349998,44.209999,42,43.849998,43.849998,0
10/21/2020,43.849998,48.369999,43.849998,47.580002,47.580002,0
10/22/2020,47.580002,47.580002,44.939999,46.610001,46.610001,0
10/23/2020,46.610001,47.009998,44.32,46.32,46.32,0
10/26/2020,46.32,53.48,46.32,53.049999,53.049999,0
10/27/2020,53.049999,53.049999,48.84,50.220001,50.220001,0
10/28/2020,50.220001,59.84,50.220001,59.610001,59.610001,0
10/29/2020,59.610001,66.68,59.610001,63.380001,63.380001,0
10/30/2020,60.110001,69.150002,60.040001,68.839996,68.839996,0
11/2/2020,68.839996,70.660004,65.32,66.730003,66.730003,0
11/3/2020,66.730003,68.300003,57.889999,63.630001,63.630001,0
11/4/2020,59.849998,60.73,53.779999,54.529999,54.529999,0
11/5/2020,54.529999,54.529999,52.220001,53.689999,53.689999,0
11/6/2020,53.689999,57.66,53.689999,55.75,55.75,0
11/9/2020,52.900002,53.310001,50.5,52.200001,52.200001,0
11/10/2020,51.75,51.75,49.130001,49.639999,49.639999,0
11/11/2020,47.549999,50.009998,47.32,49.240002,49.240002,0
11/12/2020,50.470001,51.419998,46.48,50.900002,50.900002,0
11/13/2020,51.18,51.18,47.990002,48.240002,48.240002,0
11/16/2020,46.990002,47.540001,44.580002,46.889999,46.889999,0
11/17/2020,47.619999,49.549999,44.669998,45.080002,45.080002,0
11/18/2020,49.279999,49.279999,43.240002,46.060001,46.060001,0
11/19/2020,47.139999,48.389999,45.130001,46.34,46.34,0
11/20/2020,46.060001,46.150002,43.450001,43.939999,43.939999,0
11/23/2020,43.099998,43.130001,41.200001,42.790001,42.790001,0
11/24/2020,41.189999,43.34,40.970001,42.84,42.84,0
11/25/2020,41.880001,43.59,41.23,43.560001,43.560001,0
11/27/2020,44.950001,46.68,44.389999,46.209999,46.209999,0
11/30/2020,46.610001,48.380001,41.049999,47.369999,47.369999,0
12/1/2020,46.740002,48.43,45.91,47.810001,47.810001,0
12/2/2020,46.59,47.290001,44.470001,45.68,45.68,0
12/3/2020,43.509998,44.169998,37.84,40.950001,40.950001,0
12/4/2020,38.709999,39.450001,37.130001,38.34,38.34,0
12/7/2020,38.259998,39.060001,37.18,37.68,37.68,0
12/8/2020,37.080002,38.830002,36.34,37.700001,37.700001,0
12/9/2020,36.790001,40.950001,36.060001,39.52,39.52,0
12/10/2020,36.540001,39.700001,35.77,39.700001,39.700001,0
12/11/2020,39.650002,40.099998,38.619999,39.509998,39.509998,0
12/14/2020,39.810001,41.459999,36.880001,39.959999,39.959999,0
12/15/2020,39.130001,41.25,38.32,39.34,39.34,0
12/16/2020,37.450001,40.830002,37.419998,38.68,38.68,0
12/17/2020,36.759998,39.09,36.209999,36.860001,36.860001,0
12/18/2020,35.07,37.900002,35.060001,37.150002,37.150002,0
12/21/2020,43.709999,44.77,40.970001,41.560001,41.560001,0
12/22/2020,41.880001,43.540001,40.32,42.060001,42.060001,0
12/23/2020,39.860001,43.16,39.25,39.889999,39.889999,0
12/24/2020,39.619999,40.66,39.209999,39.41,39.41,0
12/28/2020,40.73,42.919998,39.400002,39.669998,39.669998,0
12/29/2020,38.709999,40.299999,38.630001,38.639999,38.639999,0
12/30/2020,38.389999,38.470001,37.459999,38.009998,38.009998,0
12/31/2020,37.860001,38.66,37.57,37.830002,37.830002,0
1/4/2021,41.029999,43.509998,40.349998,42.119999,42.119999,0
1/5/2021,41.830002,41.880001,36.209999,40.389999,40.389999,0
1/6/2021,41.279999,41.279999,36.720001,39.310001,39.310001,0
1/7/2021,38.130001,38.130001,35.400002,36.060001,36.060001,0
1/8/2021,36.759998,38.099998,34.669998,36.650002,36.650002,0
1/11/2021,35.310001,38.91,34.759998,35.310001,35.310001,0
1/12/2021,32.009998,36.709999,32.009998,33.849998,33.849998,0
1/13/2021,35.139999,38.82,33.689999,36.790001,36.790001,0
1/14/2021,34.290001,40.439999,34.290001,37.950001,37.950001,0
1/15/2021,34.450001,41.810001,34.450001,40.389999,40.389999,0
1/19/2021,32.639999,38.080002,32.639999,35.369999,35.369999,0
1/20/2021,32.849998,37.029999,32.849998,35.669998,35.669998,0
1/21/2021,31.52,36.360001,31.17,35.049999,35.049999,0
1/22/2021,33,38.09,33,36.25,36.25,0
1/25/2021,37.189999,38.23,36.799999,38.02,38.02,0
1/26/2021,36.18,39.240002,35.900002,37.130001,37.130001,0
1/27/2021,37.200001,40.509998,37.110001,40.209999,40.209999,0
1/28/2021,38.060001,46.549999,37.57,40.450001,40.450001,0
1/29/2021,40.130001,41.43,39.07,40.200001,40.200001,0
2/1/2021,45.869999,45.869999,39.119999,39.16,39.16,0
2/2/2021,39,40.43,37.630001,38.619999,38.619999,0
2/3/2021,36.689999,38.279999,35.389999,37.110001,37.110001,0
2/4/2021,35.389999,37.02,34.639999,35.369999,35.369999,0
2/5/2021,34.799999,35.400002,33.790001,34.939999,34.939999,0
2/8/2021,34.360001,35.150002,33.52,34.48,34.48,0
2/9/2021,34.139999,34.490002,33.009998,33.540001,33.540001,0
2/10/2021,32.619999,34.049999,32.240002,33.77,33.77,0
2/11/2021,32.290001,34.959999,32.209999,34.330002,34.330002,0
2/12/2021,33.389999,34.810001,32.790001,34.25,34.25,0
2/16/2021,34.77,36.450001,33.75,35.130001,35.130001,0
2/17/2021,35.040001,37.830002,34.849998,36.900002,36.900002,0
2/18/2021,36.82,39.299999,36.82,37.900002,37.900002,0
2/19/2021,36.48,40.209999,36.48,37.759998,37.759998,0
2/22/2021,37.639999,38.57,36.200001,38.57,38.57,0
2/23/2021,40.389999,41.799999,37.349998,39.75,39.75,0
2/24/2021,37.610001,40.68,36.900002,39.580002,39.580002,0
2/25/2021,38.360001,41.470001,37.27,40.580002,40.580002,0
2/26/2021,41.630001,42.700001,40.400002,42.490002,42.490002,0
3/1/2021,42.360001,47.349998,41.509998,42.560001,42.560001,0
3/2/2021,40.439999,41.860001,38.98,40.959999,40.959999,0
3/3/2021,38.400002,42.02,38.290001,39.830002,39.830002,0
3/4/2021,37.349998,40.41,30.190001,37.27,37.27,0
3/5/2021,38.66,38.799999,32.779999,36.610001,36.610001,0
3/8/2021,37.73,39.73,37.529999,38.889999,38.889999,0
3/9/2021,37.549999,38.240002,37.110001,37.970001,37.970001,0
3/10/2021,37.59,38.060001,36.5,37.560001,37.560001,0
3/11/2021,36.189999,37.880001,36.16,37.860001,37.860001,0
3/12/2021,37.830002,39.07,36.91,37.509998,37.509998,0
3/15/2021,39.299999,43.610001,38.470001,39.380001,39.380001,0
3/16/2021,39.68,43.150002,37.959999,39.099998,39.099998,0
3/17/2021,39.080002,39.099998,36.91,37.400002,37.400002,0
3/18/2021,36.689999,52.830002,36.669998,48.439999,48.439999,0
3/19/2021,46.310001,48.220001,41.990002,44.380001,44.380001,0
3/22/2021,39.52,41.07,38.950001,40.279999,40.279999,0
3/23/2021,40.279999,49.990002,40.279999,48.619999,48.619999,0
3/24/2021,45.919998,64.910004,38.59,64.910004,64.910004,0
3/25/2021,45.740002,54.400002,45.740002,49.880001,49.880001,0
3/26/2021,43.990002,46.68,43.990002,44.93,44.93,0
3/29/2021,44.330002,50.43,41.68,44.16,44.16,0
3/30/2021,44.16,44.16,41.099998,41.459999,41.459999,0
3/31/2021,42.779999,45.650002,41.32,45.650002,45.650002,0
4/1/2021,43.849998,45.810001,40.029999,40.150002,40.150002,0
4/5/2021,39.27,44.98,39.25,42,42,0
4/6/2021,41.27,42.459999,41.209999,42.41,42.41,0
4/7/2021,42.459999,42.880001,39.939999,41.27,41.27,0
4/8/2021,41.830002,43.029999,40.400002,40.700001,40.700001,0
4/9/2021,40.700001,40.700001,38.299999,39.189999,39.189999,0
4/12/2021,38.720001,39.16,33.220001,37.040001,37.040001,0
4/13/2021,38.150002,38.369999,35.049999,35.200001,35.200001,0
4/14/2021,35.540001,37.18,32.330002,35.700001,35.700001,0
4/15/2021,34.810001,35.400002,31.18,34.200001,34.200001,0
4/16/2021,34.200001,44.900002,31.32,32.790001,32.790001,0
4/19/2021,34.880001,37.540001,32.799999,35.07,35.07,0
4/20/2021,41,54.91,34.970001,35.68,35.68,0
4/21/2021,42.32,52.560001,35.43,42.439999,42.439999,0
4/22/2021,40.950001,49.880001,38.639999,39.389999,39.389999,0
4/23/2021,47.009998,47.009998,37.939999,38.700001,38.700001,0
4/26/2021,52.91,52.91,35.52,41.23,41.23,0
4/27/2021,47.299999,47.470001,38.02,38.439999,38.439999,0
4/28/2021,54.43,54.43,34.869999,36.419998,36.419998,0
4/29/2021,36.73,42.810001,36.200001,36.369999,36.369999,0
4/30/2021,40.060001,40.32,37.560001,38.389999,38.389999,0
5/3/2021,41.150002,42.919998,38.299999,40.150002,40.150002,0
5/4/2021,36.93,40.139999,35.400002,37.150002,37.150002,0
5/5/2021,37.209999,39.889999,33.93,38.330002,38.330002,0
5/6/2021,41.27,46.799999,37.740002,37.740002,37.740002,0
5/7/2021,38.02,40.040001,33.549999,37.630001,37.630001,0
5/10/2021,39.299999,39.490002,37.18,37.990002,37.990002,0
5/11/2021,39.900002,41.41,37.529999,37.93,37.93,0
5/12/2021,37.369999,38.169998,36.439999,36.939999,36.939999,0
5/13/2021,37.369999,47.130001,36.689999,37.939999,37.939999,0
5/14/2021,40.880001,40.880001,35.59,36.459999,36.459999,0
5/17/2021,38.630001,38.630001,36.110001,36.419998,36.419998,0
5/18/2021,37.630001,45.439999,35.32,37.009998,37.009998,0
5/19/2021,39.490002,50.939999,38.240002,38.82,38.82,0
5/20/2021,39.009998,42.119999,37.290001,39.43,39.43,0
5/21/2021,37.84,47.759998,36.029999,39.34,39.34,0
5/24/2021,37.380001,44.099998,34.009998,35.540001,35.540001,0
5/25/2021,32.77,36.82,32.77,36.23,36.23,0
5/26/2021,34.919998,37.150002,33.509998,33.889999,33.889999,0
5/27/2021,33.709999,35.349998,33.380001,33.630001,33.630001,0
5/28/2021,33.27,33.93,32.459999,33.540001,33.540001,0
6/1/2021,41.82,43.57,31.98,33.43,33.43,0
6/2/2021,33.43,40.810001,31.139999,32.77,32.77,0
6/3/2021,32.049999,36.049999,32.049999,33.889999,33.889999,0
6/4/2021,33.720001,34.740002,31.469999,31.76,31.76,0
6/7/2021,33.970001,34.57,31.24,31.700001,31.700001,0
6/8/2021,34.080002,36.82,31.790001,31.950001,31.950001,0
6/9/2021,34.52,39.450001,31.41,31.790001,31.790001,0
6/10/2021,33.189999,33.189999,31.23,33.029999,33.029999,0
6/11/2021,33.029999,37.16,30.99,32.549999,32.549999,0
6/14/2021,30.110001,35,29.120001,33.130001,33.130001,0
6/15/2021,33.919998,34.41,31.559999,31.559999,31.559999,0
6/16/2021,33.27,38.57,29.91,33.830002,33.830002,0
6/17/2021,35,53.080002,32.990002,36.84,36.84,0
6/18/2021,31.969999,37.900002,31.959999,33.950001,33.950001,0
6/21/2021,36.990002,40.25,32.779999,35.009998,35.009998,0
6/22/2021,35.509998,42.959999,33.59,34.279999,34.279999,0
6/23/2021,34.610001,40.34,31.33,34.68,34.68,0
6/24/2021,34.68,36.939999,29.59,32.049999,32.049999,0
6/25/2021,32.049999,33.98,28.66,31.299999,31.299999,0
6/28/2021,32.77,33.68,30.65,31.860001,31.860001,0
6/29/2021,31.860001,34.110001,31.84,31.99,31.99,0
6/30/2021,31.99,33.490002,27.559999,32.740002,32.740002,0
7/1/2021,30.5,39,26.540001,32.470001,32.470001,0
7/2/2021,33.189999,39.25,29.82,32.869999,32.869999,0
7/6/2021,36.689999,40.23,35.139999,37.59,37.59,0
7/7/2021,37.59,48.5,37.59,42.009998,42.009998,0
7/8/2021,42.009998,43.369999,38.580002,38.799999,38.799999,0
7/9/2021,40.41,40.41,34.560001,37.02,37.02,0
7/12/2021,38.889999,41.029999,35.57,38.73,38.73,0
7/13/2021,35.860001,38.349998,33.779999,35.400002,35.400002,0
7/14/2021,35.119999,39.099998,30.07,38.200001,38.200001,0
7/15/2021,38.200001,40.23,34.330002,38.040001,38.040001,0
7/16/2021,34.779999,42.830002,34.779999,37.150002,37.150002,0
7/19/2021,37.110001,71.519997,37.110001,46.360001,46.360001,0
7/20/2021,49.77,53.310001,38.73,52.259998,52.259998,0
7/21/2021,40.689999,47.91,36.310001,42.91,42.91,0
7/22/2021,42.91,42.91,36.439999,36.439999,36.439999,0
7/23/2021,35.16,37.290001,32.279999,34.049999,34.049999,0
7/26/2021,35.93,36.630001,32.790001,35.59,35.59,0
7/27/2021,35.880001,36.369999,35.07,35.139999,35.139999,0
7/28/2021,37.380001,39.459999,30.66,34.619999,34.619999,0
7/29/2021,34.66,35.950001,30.07,33.360001,33.360001,0
7/30/2021,33.360001,34.779999,31,32.849998,32.849998,0
8/2/2021,33.939999,40.009998,33.939999,36.23,36.23,0
8/3/2021,36.23,47.27,36.23,37.549999,37.549999,0
8/4/2021,37.549999,44.540001,34.419998,42.27,42.27,0
8/5/2021,42.27,42.27,37.049999,39.09,39.09,0
8/6/2021,39.09,43.630001,37.689999,39.310001,39.310001,0
8/9/2021,42.240002,45.290001,40.220001,43.279999,43.279999,0
8/10/2021,41.970001,42.82,36.919998,39.279999,39.279999,0
8/11/2021,39.279999,40.889999,36.84,38.290001,38.290001,0
8/12/2021,38.32,38.57,33.91,36.5,36.5,0
8/13/2021,37.02,37.990002,33,35.91,35.91,0
8/16/2021,37.59,42.5,36.669998,38.84,38.84,0
8/17/2021,37.990002,42,36.459999,39.5,39.5,0
8/18/2021,39.5,43.68,36.799999,40.860001,40.860001,0
8/19/2021,41.880001,43.049999,38.290001,40.98,40.98,0
8/20/2021,40.98,41.91,38.639999,40.669998,40.669998,0
8/23/2021,40.939999,41.09,37.91,38.669998,38.669998,0
8/24/2021,38.669998,38.669998,34.68,36.790001,36.790001,0
8/25/2021,36.790001,37.02,34.639999,35.599998,35.599998,0
8/26/2021,35.599998,38.200001,33.23,36.330002,36.330002,0
8/27/2021,36.330002,40.349998,33.880001,34.93,34.93,0
8/30/2021,35.169998,39.240002,31.719999,35.27,35.27,0
8/31/2021,35.27,40.75,34.27,34.279999,34.279999,0
9/1/2021,34.279999,36.32,32.549999,36.130001,36.130001,0
9/2/2021,36.130001,36.130001,31.01,31.35,31.35,0
9/3/2021,32.279999,36.91,31.120001,36.91,36.91,0
9/7/2021,33.939999,38.919998,32.709999,32.91,32.91,0
9/8/2021,32.91,36.290001,30.790001,31.91,31.91,0
9/9/2021,34.09,38.25,32.900002,33.869999,33.869999,0
9/10/2021,33.869999,36.790001,32.689999,33.540001,33.540001,0
9/13/2021,33.630001,35.869999,31.83,32.740002,32.740002,0
9/14/2021,32.740002,35.57,32.66,33.630001,33.630001,0
9/15/2021,33.630001,36.200001,32.040001,32.380001,32.380001,0
9/16/2021,32.380001,34.950001,31.450001,33.16,33.16,0
9/17/2021,33.16,34.799999,31.48,32.32,32.32,0
9/20/2021,39.389999,39.389999,34.369999,35.23,35.23,0
9/21/2021,35.23,38.349998,33.84,34.450001,34.450001,0
9/22/2021,34.450001,39.310001,31.959999,32.43,32.43,0
9/23/2021,32.43,37.259998,32.060001,32.299999,32.299999,0
9/24/2021,32.299999,34.59,31.82,34.009998,34.009998,0
9/27/2021,34.66,35.080002,34.099998,34.98,34.98,0
9/28/2021,34.98,39.549999,34.98,36.099998,36.099998,0
9/29/2021,36.099998,38.119999,33.290001,35.259998,35.259998,0
9/30/2021,35.259998,42.009998,31.91,38.68,38.68,0
10/1/2021,38.68,41.880001,36.330002,37.470001,37.470001,0
10/4/2021,39.599998,43.130001,34.59,37.27,37.27,0
10/5/2021,37.27,40.09,37.029999,37.200001,37.200001,0
10/6/2021,37.200001,42.32,35.990002,41.02,41.02,0
10/7/2021,41.02,49.790001,38.639999,46.150002,46.150002,0
10/8/2021,46.150002,46.150002,37.799999,38,38,0
10/11/2021,40.799999,45.82,38.09,38.509998,38.509998,0
10/12/2021,38.509998,39.689999,36.919998,37.099998,37.099998,0
10/13/2021,37.099998,39.27,34.16,36.049999,36.049999,0
10/14/2021,36.049999,40.98,34.27,36.98,36.98,0
10/15/2021,36.98,38.450001,33.689999,34.049999,34.049999,0
10/18/2021,40.610001,41.040001,34.580002,35.02,35.02,0
10/19/2021,35.02,40.77,34.419998,35.139999,35.139999,0
10/20/2021,35.139999,37.290001,33.220001,35.16,35.16,0
10/21/2021,35.16,36.990002,34.009998,36.549999,36.549999,0
10/22/2021,36.549999,39.16,36.349998,36.869999,36.869999,0
10/25/2021,39.099998,39.650002,35.900002,36.07,36.07,0
10/26/2021,36.07,39.07,34.759998,35.5,35.5,0
10/27/2021,35.5,38.580002,34.98,37.630001,37.630001,0
10/28/2021,37.630001,39.98,36.91,37.23,37.23,0
10/29/2021,37.23,41.849998,36.759998,37.919998,37.919998,0
11/1/2021,41.849998,41.849998,36.200001,36.740002,36.740002,0
11/2/2021,36.740002,36.91,35.34,35.560001,35.560001,0
11/3/2021,35.560001,39.52,35.560001,39.439999,39.439999,0
11/4/2021,39.439999,39.439999,34.419998,38.560001,38.560001,0
11/5/2021,38.560001,39.27,37.349998,37.84,37.84,0
11/8/2021,39.27,39.470001,37.669998,37.709999,37.709999,0
11/9/2021,37.709999,40.130001,36.330002,36.330002,36.330002,0
11/10/2021,36.330002,37.189999,34.580002,37.09,37.09,0
11/11/2021,37.09,37.310001,36.130001,36.200001,36.200001,0
11/12/2021,36.200001,39.349998,35.330002,36.099998,36.099998,0
11/15/2021,40.509998,40.509998,36.310001,36.419998,36.419998,0
11/16/2021,36.419998,39.459999,34.630001,34.689999,34.689999,0
11/17/2021,34.689999,35.950001,33.18,33.75,33.75,0
11/18/2021,33.75,37.68,33.75,37.68,37.68,0
11/19/2021,37.68,44.150002,34.959999,37.130001,37.130001,0
11/22/2021,37.82,39.810001,36.209999,36.610001,36.610001,0
11/23/2021,36.610001,37.18,33.880001,35.099998,35.099998,0
11/24/2021,35.099998,37.830002,29.74,34.790001,34.790001,0
11/26/2021,34.790001,76.760002,34.790001,65.720001,65.720001,0
11/29/2021,57.400002,63.470001,52.040001,63.34,63.34,0
11/30/2021,63.34,93.730003,58.66,75.230003,75.230003,0
12/1/2021,75.230003,80.5,68.860001,78.18,78.18,0
12/2/2021,78.18,102.010002,57.27,57.27,57.27,0
12/3/2021,57.27,66.760002,50.349998,64.550003,64.550003,0
12/6/2021,65.419998,68.279999,54.380001,56.209999,56.209999,0
12/7/2021,56.209999,56.209999,47.119999,48.150002,48.150002,0
12/8/2021,48.150002,54.41,43.689999,45.220001,45.220001,0
12/9/2021,45.220001,53.549999,43.610001,47.43,47.43,0
12/10/2021,47.43,53.869999,39.939999,46.23,46.23,0
12/13/2021,53.299999,61.119999,44.689999,45.880001,45.880001,0
12/14/2021,45.880001,61.310001,45.880001,54.759998,54.759998,0
12/15/2021,54.759998,67.209999,47.220001,56.529999,56.529999,0
12/16/2021,56.529999,64.18,44.869999,49.970001,49.970001,0
12/17/2021,49.970001,59.939999,44.560001,48.310001,48.310001,0
12/20/2021,60.040001,65.800003,49.869999,60.240002,60.240002,0
12/21/2021,60.240002,61.990002,48.889999,52.310001,52.310001,0
12/22/2021,52.310001,70.410004,44.959999,46,46,0
12/23/2021,46,49,42.549999,43.709999,43.709999,0
12/27/2021,50.849998,52.52,43.580002,43.580002,43.580002,0
12/28/2021,43.580002,46.919998,36.290001,41.23,41.23,0
12/29/2021,41.23,44.549999,40.07,40.240002,40.240002,0
12/30/2021,40.240002,44.82,39.84,40.200001,40.200001,0
12/31/2021,40.200001,45.689999,40.200001,42.619999,42.619999,0
1/3/2022,42.619999,44.560001,36.5,37.57,37.57,0
1/4/2022,37.57,43.130001,33.75,39.48,39.48,0
1/5/2022,39.48,46.950001,33.540001,44.490002,44.490002,0
1/6/2022,44.490002,44.490002,34.759998,36.860001,36.860001,0
1/7/2022,36.860001,37.68,33.630001,37,37,0
1/10/2022,42.669998,42.669998,36.700001,37.650002,37.650002,0
1/11/2022,37.650002,41.23,33.790001,34.310001,34.310001,0
1/12/2022,34.310001,39.490002,31.77,34.389999,34.389999,0
1/13/2022,34.389999,43.849998,33.529999,37.110001,37.110001,0
1/14/2022,37.110001,43.470001,37.110001,41.18,41.18,0
1/18/2022,47.82,51.16,38.93,42.279999,42.279999,0
1/19/2022,42.279999,48.330002,38.799999,42.75,42.75,0
1/20/2022,42.75,46.84,36.310001,41.150002,41.150002,0
1/21/2022,41.150002,52.130001,38.310001,42.57,42.57,0
1/24/2022,50.82,53.369999,43.52,47.84,47.84,0
1/25/2022,47.84,53.07,45.599998,47.630001,47.630001,0
1/26/2022,47.630001,59.169998,42.549999,45.669998,45.669998,0
1/27/2022,45.669998,51.5,41.630001,46.900002,46.900002,0
1/28/2022,46.900002,48.599998,41.07,47.740002,47.740002,0
1/31/2022,47.740002,50.040001,42.080002,42.349998,42.349998,0
2/1/2022,42.349998,50.360001,39.599998,41.310001,41.310001,0
2/2/2022,41.310001,58.400002,41.310001,41.860001,41.860001,0
2/3/2022,41.860001,47.060001,37.369999,42.150002,42.150002,0
2/4/2022,42.150002,47.349998,40.509998,43.880001,43.880001,0
2/7/2022,47.169998,47.18,42.02,43.34,43.34,0
2/8/2022,43.34,47.52,37.57,41.259998,41.259998,0
2/9/2022,41.259998,45.470001,33.330002,39.400002,39.400002,0
2/10/2022,39.400002,46.43,36.459999,43.810001,43.810001,0
2/11/2022,43.810001,50.529999,37.790001,47.439999,47.439999,0
2/14/2022,50.669998,52.950001,46.110001,48.830002,48.830002,0
2/15/2022,48.830002,50.970001,47.27,48.360001,48.360001,0
2/16/2022,48.360001,50.98,45.470001,49.380001,49.380001,0
2/17/2022,49.380001,58.349998,48.119999,53.139999,53.139999,0
2/18/2022,53.139999,54.93,48.68,52.009998,52.009998,0
2/22/2022,53.389999,54.02,47.200001,50.110001,50.110001,0
2/23/2022,50.110001,52.52,48.84,50.509998,50.509998,0
2/24/2022,50.509998,56.049999,48.990002,49.040001,49.040001,0
2/25/2022,49.040001,52.91,44.450001,49.5,49.5,0
2/28/2022,49.73,61.52,47.32,52.5,52.5,0
3/1/2022,52.5,63.93,52.5,61.43,61.43,0
3/2/2022,61.43,67.379997,57.740002,61.529999,61.529999,0
3/3/2022,61.529999,64.370003,61.529999,64.370003,64.370003,0
3/4/2022,64.370003,78.790001,64.370003,77.290001,77.290001,0
3/7/2022,77.290001,82.139999,77.290001,78.910004,78.910004,0
3/8/2022,78.910004,86.669998,75.199997,75.82,75.82,0
3/9/2022,75.82,75.82,65.550003,73.25,73.25,0
3/10/2022,73.25,74.139999,66.760002,67.339996,67.339996,0
3/11/2022,67.339996,68.720001,61.009998,68.010002,68.010002,0
3/14/2022,68.57,68.57,62.580002,65.419998,65.419998,0
3/15/2022,65.419998,65.419998,62.400002,63.619999,63.619999,0
3/16/2022,63.619999,64.529999,57.82,59.349998,59.349998,0
3/17/2022,59.349998,69.540001,59.349998,67.779999,67.779999,0
3/18/2022,67.779999,69.489998,67.330002,69.089996,69.089996,0
3/21/2022,71.809998,72,68.910004,70.779999,70.779999,0
3/22/2022,70.779999,72.199997,68.110001,69.559998,69.559998,0
3/23/2022,69.559998,72.849998,69.559998,72.589996,72.589996,0
3/24/2022,72.589996,72.800003,68.839996,69.139999,69.139999,0
3/25/2022,69.139999,70.889999,68.239998,68.910004,68.910004,0
3/28/2022,70.730003,70.730003,66.709999,67.040001,67.040001,0
3/29/2022,67.040001,67.040001,62.310001,62.459999,62.459999,0
3/30/2022,62.459999,64.550003,60.880001,61.040001,61.040001,0
3/31/2022,61.040001,62.43,56.23,57.66,57.66,0
4/1/2022,57.66,57.709999,53.580002,54.360001,54.360001,0
4/4/2022,56.290001,56.740002,53.720001,54.310001,54.310001,0
4/5/2022,54.310001,56.59,51.849998,53.799999,53.799999,0
4/6/2022,53.799999,55.639999,51.959999,53.150002,53.150002,0
4/7/2022,53.150002,56.169998,52.240002,54.23,54.23,0
4/8/2022,54.23,55.540001,52.73,53.139999,53.139999,0
4/11/2022,57.380001,57.560001,52.959999,54.810001,54.810001,0
4/12/2022,54.810001,57.200001,54.549999,55.25,55.25,0
4/13/2022,55.25,57.380001,50.810001,51.200001,51.200001,0
4/14/2022,51.200001,54.529999,49.240002,53.380001,53.380001,0
4/18/2022,55.200001,56.23,50.68,50.939999,50.939999,0
4/19/2022,50.939999,53.130001,49.669998,50.34,50.34,0
4/20/2022,50.34,54.02,50.34,52.23,52.23,0
4/21/2022,52.23,52.23,48.990002,49.860001,49.860001,0
4/22/2022,49.860001,51.259998,49.860001,51.150002,51.150002,0
4/25/2022,56,56.049999,52.689999,52.860001,52.860001,0
4/26/2022,52.860001,54.130001,47.709999,53.57,53.57,0
4/27/2022,53.57,57,52.57,53.380001,53.380001,0
4/28/2022,53.380001,54.790001,50.91,51.939999,51.939999,0
4/29/2022,51.939999,54.720001,51.709999,53.099998,53.099998,0
5/2/2022,56.98,57.07,53.130001,54.150002,54.150002,0
5/3/2022,54.150002,56.310001,53.84,54.040001,54.040001,0
5/4/2022,54.040001,56.900002,52.509998,53.150002,53.150002,0
5/5/2022,53.150002,55.169998,50.57,54.720001,54.720001,0
5/6/2022,54.720001,57.330002,54.720001,54.82,54.82,0
5/9/2022,57.919998,58.580002,55.93,57.900002,57.900002,0
5/10/2022,57.900002,58.639999,55.919998,56.060001,56.060001,0
5/11/2022,56.060001,57.41,51.959999,53.43,53.43,0
5/12/2022,53.43,55.48,52.200001,52.709999,52.709999,0
5/13/2022,52.709999,53.880001,51.09,51.220001,51.220001,0
5/16/2022,55.959999,56.490002,51.220001,51.889999,51.889999,0
5/17/2022,51.889999,54.709999,49.849998,50.34,50.34,0
5/18/2022,50.34,52.48,50.34,51.889999,51.889999,0
5/19/2022,51.889999,54.75,50.389999,51.16,51.16,0
5/20/2022,51.16,51.880001,50.009998,50.720001,50.720001,0
5/23/2022,53.52,53.57,48.330002,48.630001,48.630001,0
5/24/2022,48.630001,50.66,42.779999,47.040001,47.040001,0
5/25/2022,47.040001,50.25,46.290001,46.759998,46.759998,0
5/26/2022,46.759998,48.25,45.279999,46.029999,46.029999,0
5/27/2022,46.029999,50.220001,46.029999,47.919998,47.919998,0
5/31/2022,51.77,51.939999,47.66,49.82,49.82,0
6/1/2022,49.82,51.689999,48.82,49.139999,49.139999,0
6/2/2022,49.139999,51.380001,46.57,47.799999,47.799999,0
6/3/2022,47.799999,50.5,45.599998,46.23,46.23,0
6/6/2022,51.299999,51.509998,47.900002,47.900002,47.900002,0
6/7/2022,51.299999,51.470001,45.669998,45.880001,45.880001,0
6/8/2022,49.48,49.549999,44.369999,44.369999,44.369999,0
6/9/2022,47.5,47.5,43.02,43.869999,43.869999,0
6/10/2022,49.470001,49.540001,42.84,42.919998,42.919998,0
6/13/2022,56.330002,56.330002,46.610001,47.560001,47.560001,0
6/14/2022,50.880001,50.970001,46.630001,46.630001,46.630001,0
6/15/2022,55.599998,55.599998,45.52,47.040001,47.040001,0
6/16/2022,53.110001,53.110001,45.900002,46.27,46.27,0
6/17/2022,55.310001,55.310001,44.57,49.189999,49.189999,0
6/21/2022,53.459999,53.490002,46.560001,46.560001,46.560001,0
6/22/2022,54.52,55.810001,47.279999,48.990002,48.990002,0
6/23/2022,54.02,54.09,48.060001,48.580002,48.580002,0
6/24/2022,53.540001,53.540001,46.639999,46.990002,46.990002,0
6/27/2022,52.189999,52.189999,46.759998,46.990002,46.990002,0
6/28/2022,50.52,50.599998,46.330002,46.59,46.59,0
6/29/2022,49.34,49.34,47.189999,48.57,48.57,0
6/30/2022,50.82,50.82,48.580002,48.900002,48.900002,0
7/1/2022,51.25,51.310001,48.84,49.400002,49.400002,0
7/5/2022,54.91,56.459999,52.610001,52.610001,52.610001,0
7/6/2022,52.869999,55.220001,52.619999,54.669998,54.669998,0
7/7/2022,53.599998,55.400002,52.790001,52.869999,52.869999,0
7/8/2022,53.740002,54.040001,51.639999,52.099998,52.099998,0
7/11/2022,53.43,55.860001,52.23,53.099998,53.099998,0
7/12/2022,52.970001,54.490002,50.919998,54.400002,54.400002,0
7/13/2022,53.139999,54.52,51.5,51.759998,51.759998,0
7/14/2022,52.32,55.700001,52.119999,53.029999,53.029999,0
7/15/2022,53.810001,54.049999,51.16,51.77,51.77,0
7/18/2022,50.34,50.599998,48.810001,49.66,49.66,0
7/19/2022,49.330002,49.549999,48.209999,48.77,48.77,0
7/20/2022,48.27,49.080002,47.43,47.540001,47.540001,0
7/21/2022,51.799999,52.959999,50.799999,51.099998,51.099998,0
7/22/2022,49.139999,49.139999,47.27,47.84,47.84,0
7/25/2022,48.880001,48.880001,46.959999,47.959999,47.959999,0
7/26/2022,46.919998,48.310001,46.919998,47.810001,47.810001,0
7/27/2022,47.150002,52.900002,46.959999,48.990002,48.990002,0
7/28/2022,47.759998,52.740002,46.82,47.169998,47.169998,0
7/29/2022,46.59,47.439999,45.369999,46.189999,46.189999,0
8/1/2022,50.689999,51.5,49.849998,49.970001,49.970001,0
8/2/2022,53.509998,55.650002,52.07,52.77,52.77,0
8/3/2022,52.689999,54.02,49.689999,50.119999,50.119999,0
8/4/2022,52.880001,55.32,51.060001,55.139999,55.139999,0
8/5/2022,53.98,53.98,48.470001,48.759998,48.759998,0
8/8/2022,50.540001,50.540001,46.400002,46.400002,46.400002,0
8/9/2022,50.32,50.599998,46.119999,46.23,46.23,0
8/10/2022,46.360001,48.169998,46.27,46.560001,46.560001,0
8/11/2022,46.509998,46.939999,44.470001,45.369999,45.369999,0
8/12/2022,44.830002,45.209999,43.32,44,44,0
8/15/2022,57.57,57.57,44.990002,46.630001,46.630001,0
8/16/2022,51.200001,51.700001,48.23,50.25,50.25,0
