Effective date ,S&P Cryptocurrency Broad Digital Market Index (USD)
2/28/2017,100
3/1/2017,102.93
3/2/2017,108.62
3/3/2017,108.78
3/6/2017,108.92
3/7/2017,105.78
3/8/2017,98.74
3/9/2017,102.54
3/10/2017,109.4
3/13/2017,110.7
3/14/2017,111.7
3/15/2017,114.09
3/16/2017,111.46
3/17/2017,109.48
3/20/2017,101.91
3/21/2017,107.3
3/22/2017,99.19
3/23/2017,101.76
3/24/2017,100.31
3/27/2017,103.09
3/28/2017,104.05
3/29/2017,106.15
3/30/2017,106.15
3/31/2017,109.15
4/3/2017,113.76
4/4/2017,113.43
4/5/2017,113.31
4/6/2017,115.52
4/7/2017,116.33
4/10/2017,117.75
4/11/2017,118.68
4/12/2017,120.08
4/13/2017,118.2
4/14/2017,118.24
4/17/2017,119.2
4/18/2017,120.44
4/19/2017,120.71
4/20/2017,122.56
4/21/2017,124.04
4/24/2017,126.29
4/25/2017,128.6
4/26/2017,132.32
4/27/2017,137.65
4/28/2017,139.85
5/1/2017,152.2
5/2/2017,156.61
5/3/2017,161.45
5/4/2017,173.29
5/5/2017,173.58
5/8/2017,187.72
5/9/2017,193.03
5/10/2017,197.39
5/11/2017,201.86
5/12/2017,187.52
5/15/2017,196.45
5/16/2017,204.29
5/17/2017,214.71
5/18/2017,218.53
5/19/2017,232.03
5/22/2017,266.55
5/23/2017,274.66
5/24/2017,304.11
5/25/2017,293.57
5/26/2017,280.52
5/29/2017,289.84
5/30/2017,288.63
5/31/2017,301.19
6/1/2017,310.27
6/2/2017,310.61
6/5/2017,342.96
6/6/2017,361.57
6/7/2017,357.89
6/8/2017,353.02
6/9/2017,368.16
6/12/2017,373.21
6/13/2017,407.63
6/14/2017,381.38
6/15/2017,342.41
6/16/2017,374.46
6/19/2017,385.13
6/20/2017,400.52
6/21/2017,367.49
6/22/2017,380.13
6/23/2017,385.73
6/26/2017,300.41
6/27/2017,324.84
6/28/2017,363.23
6/29/2017,357.18
6/30/2017,346.46
7/3/2017,347.07
7/4/2017,346.75
7/5/2017,351.78
7/6/2017,346.45
7/7/2017,329.87
7/10/2017,302.88
7/11/2017,277.82
7/12/2017,304.03
7/13/2017,288.54
7/14/2017,274.03
7/17/2017,260.39
7/18/2017,303.56
7/19/2017,273.71
7/20/2017,323.81
7/21/2017,318.71
7/24/2017,337.16
7/25/2017,298.92
7/26/2017,298.55
7/27/2017,306.7
7/28/2017,314.64
7/31/2017,323.99
8/1/2017,334.22
8/2/2017,325.19
8/3/2017,335.28
8/4/2017,336.76
8/7/2017,396.41
8/8/2017,414.38
8/9/2017,407
8/10/2017,417.06
8/11/2017,422.81
8/14/2017,466.71
8/15/2017,445.99
8/16/2017,472.06
8/17/2017,472.43
8/18/2017,456.39
8/21/2017,467.2
8/22/2017,472.06
8/23/2017,475.95
8/24/2017,487.15
8/25/2017,494.11
8/28/2017,509.43
8/29/2017,538.08
8/30/2017,542.06
8/31/2017,560.73
9/1/2017,580.74
9/4/2017,512.23
9/5/2017,511.58
9/6/2017,533.95
9/7/2017,531.19
9/8/2017,478.62
9/11/2017,478.06
9/12/2017,475
9/13/2017,435.93
9/14/2017,377.69
9/15/2017,418.05
9/18/2017,456.57
9/19/2017,443.7
9/20/2017,448.18
9/21/2017,408.48
9/22/2017,406.33
9/25/2017,448.41
9/26/2017,445.69
9/27/2017,476.28
9/28/2017,469.13
9/29/2017,466.01
10/2/2017,483.32
10/3/2017,469.5
10/4/2017,465.19
10/5/2017,479.89
10/6/2017,481.09
10/9/2017,505.59
10/10/2017,516.28
10/11/2017,516.52
10/12/2017,548.77
10/13/2017,577.14
10/16/2017,593.8
10/17/2017,580.24
10/18/2017,552.37
10/19/2017,571.49
10/20/2017,600.36
10/23/2017,577.93
10/24/2017,574.24
10/25/2017,566.62
10/26/2017,581.93
10/27/2017,572.09
10/30/2017,599.89
10/31/2017,617.94
11/1/2017,630.71
11/2/2017,652.73
11/3/2017,680.62
11/6/2017,668.07
11/7/2017,661.63
11/8/2017,692.3
11/9/2017,692.68
11/10/2017,624.29
11/13/2017,634.96
11/14/2017,662.15
11/15/2017,699.71
11/16/2017,738.64
11/17/2017,735.21
11/20/2017,791.88
11/21/2017,793.32
11/22/2017,794.39
11/23/2017,813.44
11/24/2017,829.86
11/27/2017,947.14
11/28/2017,968.17
11/29/2017,916.27
11/30/2017,924.09
12/1/2017,1038.17
12/4/2017,1089.7
12/5/2017,1113.49
12/6/2017,1204.26
12/7/2017,1357.41
12/8/2017,1333.98
12/11/2017,1521.94
12/12/2017,1590
12/13/2017,1580.85
12/14/2017,1620.36
12/15/2017,1724.49
12/18/2017,1887.83
12/19/2017,1912.02
12/20/2017,1862.2
12/21/2017,1732.11
12/22/2017,1622.23
12/25/2017,1613.06
12/26/2017,1767.29
12/27/2017,1691.21
12/28/2017,1606.25
12/29/2017,1705.03
1/1/2018,1653.4
1/2/2018,1855.82
1/3/2018,1935.2
1/4/2018,1931.22
1/5/2018,2040.07
1/8/2018,2002.29
1/9/2018,2007.11
1/10/2018,1998.17
1/11/2018,1869.58
1/12/2018,1946.63
1/15/2018,1936.43
1/16/2018,1489.09
1/17/2018,1461.13
1/18/2018,1641.23
1/19/2018,1565.33
1/22/2018,1418.56
1/23/2018,1512.08
1/24/2018,1523.29
1/25/2018,1551.51
1/26/2018,1503.73
1/29/2018,1577.22
1/30/2018,1410.59
1/31/2018,1433.22
2/1/2018,1301.26
2/2/2018,1176.53
2/5/2018,963.47
2/6/2018,1030.28
2/7/2018,1104.32
2/8/2018,1122.48
2/9/2018,1183.1
2/12/2018,1212.33
2/13/2018,1191.96
2/14/2018,1280.99
2/15/2018,1349.89
2/16/2018,1356
2/19/2018,1443.05
2/20/2018,1460.19
2/21/2018,1290.94
2/22/2018,1251.78
2/23/2018,1262.12
2/26/2018,1295.96
2/27/2018,1332.76
2/28/2018,1319.42
3/1/2018,1352.01
3/2/2018,1335.4
3/5/2018,1367.79
3/6/2018,1267.72
3/7/2018,1159.64
3/8/2018,1117.29
3/9/2018,1080.87
3/12/2018,1067.76
3/13/2018,1078.67
3/14/2018,980.04
3/15/2018,962.01
3/16/2018,1002.24
3/19/2018,949.76
3/20/2018,1022.52
3/21/2018,1011.2
3/22/2018,973.76
3/23/2018,969.27
3/26/2018,883.78
3/27/2018,875.45
3/28/2018,870.32
3/29/2018,799.16
3/30/2018,744.45
4/2/2018,758.5
4/3/2018,816.37
4/4/2018,749.73
4/5/2018,740.29
4/6/2018,722.68
4/9/2018,736.95
4/10/2018,761.13
4/11/2018,778.24
4/12/2018,865.28
4/13/2018,932.02
4/16/2018,923.16
4/17/2018,922.2
4/18/2018,963.23
4/19/2018,1003.66
4/20/2018,1068.33
4/23/2018,1117.42
4/24/2018,1222.89
4/25/2018,1124.97
4/26/2018,1119.56
4/27/2018,1159.56
4/30/2018,1203.72
5/1/2018,1161.16
5/2/2018,1197.19
5/3/2018,1272.23
5/4/2018,1277.2
5/7/2018,1247.52
5/8/2018,1225.31
5/9/2018,1229.14
5/10/2018,1195.17
5/11/2018,1108.12
5/14/2018,1147.03
5/15/2018,1106.34
5/16/2018,1065.35
5/17/2018,1050.51
5/18/2018,1058.74
5/21/2018,1071.87
5/22/2018,1036.99
5/23/2018,940.42
5/24/2018,951.08
5/25/2018,926.08
5/28/2018,877.28
5/29/2018,922.43
5/30/2018,897.69
5/31/2018,936.83
6/1/2018,925.76
6/4/2018,947.79
6/5/2018,969.42
6/6/2018,953.26
6/7/2018,973.11
6/8/2018,961.81
6/11/2018,829.72
6/12/2018,790.99
6/13/2018,757.99
6/14/2018,819.02
6/15/2018,797.78
6/18/2018,813.4
6/19/2018,825.72
6/20/2018,821.87
6/21/2018,812.45
6/22/2018,739.66
6/25/2018,729.55
6/26/2018,708.54
6/27/2018,704.79
6/28/2018,698.14
6/29/2018,666.15
7/2/2018,772.21
7/3/2018,765.6
7/4/2018,776.52
7/5/2018,750.65
7/6/2018,755.49
7/9/2018,767.55
7/10/2018,719.9
7/11/2018,715.89
7/12/2018,697.26
7/13/2018,699.31
7/16/2018,770.03
7/17/2018,830.15
7/18/2018,829.31
7/19/2018,821.19
7/20/2018,792.37
7/23/2018,820.6
7/24/2018,868.24
7/25/2018,863.03
7/26/2018,871.21
7/27/2018,861.1
7/30/2018,840.88
7/31/2018,802.22
8/1/2018,783.05
8/2/2018,770.42
8/3/2018,761.85
8/6/2018,727.33
8/7/2018,724.07
8/8/2018,648.08
8/9/2018,659.35
8/10/2018,648.72
8/13/2018,595.56
8/14/2018,564.43
8/15/2018,599.76
8/16/2018,607.26
8/17/2018,627.56
8/20/2018,613.65
8/21/2018,605.64
8/22/2018,600.11
8/23/2018,601.15
8/24/2018,619.87
8/27/2018,631.75
8/28/2018,671.18
8/29/2018,658.97
8/30/2018,635.86
8/31/2018,660.17
9/3/2018,688.67
9/4/2018,687.51
9/5/2018,622.22
9/6/2018,584.98
9/7/2018,578.76
9/10/2018,556.05
9/11/2018,543.58
9/12/2018,545.07
9/13/2018,568.18
9/14/2018,579.37
9/17/2018,548.81
9/18/2018,560.34
9/19/2018,570.35
9/20/2018,576.6
9/21/2018,635.28
9/24/2018,614.27
9/25/2018,578.19
9/26/2018,601.61
9/27/2018,626.68
9/28/2018,619.37
10/1/2018,613.37
10/2/2018,611.38
10/3/2018,596.41
10/4/2018,611.28
10/5/2018,607.4
10/8/2018,618.63
10/9/2018,611.47
10/10/2018,606.76
10/11/2018,560.23
10/12/2018,561
10/15/2018,578.81
10/16/2018,585.49
10/17/2018,586.01
10/18/2018,578.93
10/19/2018,578.3
10/22/2018,579.68
10/23/2018,580.64
10/24/2018,582.05
10/25/2018,579.98
10/26/2018,578.91
10/29/2018,559.58
10/30/2018,560.02
10/31/2018,566.27
11/1/2018,567.61
11/2/2018,575.88
11/5/2018,589.77
11/6/2018,602.16
11/7/2018,608.47
11/8/2018,597.19
11/9/2018,586.92
11/12/2018,586.8
11/13/2018,581.3
11/14/2018,499.59
11/15/2018,500.41
11/16/2018,499.46
11/19/2018,443.46
11/20/2018,389.38
11/21/2018,399.68
11/22/2018,397.22
11/23/2018,374.9
11/26/2018,326.06
11/27/2018,329.47
11/28/2018,381.9
11/29/2018,367.03
11/30/2018,348.57
12/3/2018,335.22
12/4/2018,337.32
12/5/2018,324.16
12/6/2018,310.56
12/7/2018,284.87
12/10/2018,290.27
12/11/2018,284.5
12/12/2018,293.49
12/13/2018,275.97
12/14/2018,268.73
12/17/2018,307.1
12/18/2018,304.33
12/19/2018,326.95
12/20/2018,343.92
12/21/2018,335.58
12/24/2018,368.36
12/25/2018,345.77
12/26/2018,342.59
12/27/2018,320.68
12/28/2018,356.74
12/31/2018,335.42
1/1/2019,344
1/2/2019,361.43
1/3/2019,351.42
1/4/2019,352.93
1/7/2019,368.34
1/8/2019,368.36
1/9/2019,368.94
1/10/2019,328.67
1/11/2019,329.59
1/14/2019,331.58
1/15/2019,319.2
1/16/2019,323.73
1/17/2019,327.17
1/18/2019,323.98
1/21/2019,317.93
1/22/2019,323.81
1/23/2019,318.55
1/24/2019,321.82
1/25/2019,319.29
1/28/2019,300.41
1/29/2019,299.35
1/30/2019,306.79
1/31/2019,303.99
2/1/2019,306.21
2/4/2019,303.9
2/5/2019,303.74
2/6/2019,297.16
2/7/2019,297.78
2/8/2019,325.48
2/11/2019,324.24
2/12/2019,326.82
2/13/2019,321.56
2/14/2019,321.08
2/15/2019,321.72
2/18/2019,355.66
2/19/2019,362.96
2/20/2019,364.44
2/21/2019,357.42
2/22/2019,363.1
2/25/2019,350.23
2/26/2019,347.03
2/27/2019,337.98
2/28/2019,347.95
3/1/2019,352.26
3/4/2019,336.15
3/5/2019,352.94
3/6/2019,354.17
3/7/2019,358
3/8/2019,359.56
3/11/2019,353.46
3/12/2019,356.8
3/13/2019,356.82
3/14/2019,357.27
3/15/2019,364.83
3/18/2019,368.86
3/19/2019,371.95
3/20/2019,373.16
3/21/2019,367.36
3/22/2019,370.82
3/25/2019,362.48
3/26/2019,363.81
3/27/2019,376.54
3/28/2019,376.57
3/29/2019,383.37
4/1/2019,388.01
4/2/2019,444.85
4/3/2019,489.91
4/4/2019,449.02
4/5/2019,473.15
4/8/2019,488.05
4/9/2019,487.53
4/10/2019,503.28
4/11/2019,464.39
4/12/2019,463.93
4/15/2019,457.9
4/16/2019,475.48
4/17/2019,478.35
4/18/2019,487.24
4/19/2019,486.99
4/22/2019,488.62
4/23/2019,497.94
4/24/2019,476.37
4/25/2019,482.5
4/26/2019,452.5
4/29/2019,454.38
4/30/2019,465.75
5/1/2019,470.25
5/2/2019,476.32
5/3/2019,500.16
5/6/2019,501.38
5/7/2019,504.02
5/8/2019,503.35
5/9/2019,507.74
5/10/2019,530
5/13/2019,639.23
5/14/2019,641.64
5/15/2019,695.22
5/16/2019,680.24
5/17/2019,614.72
5/20/2019,670.15
5/21/2019,690.28
5/22/2019,680.81
5/23/2019,661.4
5/24/2019,689.7
5/27/2019,754.46
5/28/2019,749.37
5/29/2019,754.35
5/30/2019,741.93
5/31/2019,727.26
6/3/2019,736.07
6/4/2019,651.9
6/5/2019,672.57
6/6/2019,654.68
6/7/2019,687.35
6/10/2019,689.34
6/11/2019,685.75
6/12/2019,707.85
6/13/2019,714.27
6/14/2019,716.23
6/17/2019,784.03
6/18/2019,761.9
6/19/2019,771.5
6/20/2019,791.72
6/21/2019,825.19
6/24/2019,890.87
6/25/2019,917.07
6/26/2019,1069.88
6/27/2019,857.03
6/28/2019,956.43
7/1/2019,820.42
7/2/2019,852.62
7/3/2019,884.35
7/4/2019,916.85
7/5/2019,871.7
7/8/2019,944.21
7/9/2019,952.11
7/10/2019,910
7/11/2019,871.7
7/12/2019,877.86
7/15/2019,804.23
7/16/2019,717.02
7/17/2019,727.44
7/18/2019,786.15
7/19/2019,775.29
7/22/2019,754.78
7/23/2019,759.91
7/24/2019,729.13
7/25/2019,739.82
7/26/2019,746.91
7/29/2019,713.13
7/30/2019,725.19
7/31/2019,749.73
8/1/2019,766.73
8/2/2019,772.03
8/5/2019,852.68
8/6/2019,841.88
8/7/2019,846.13
8/8/2019,827.98
8/9/2019,834.75
8/12/2019,818.35
8/13/2019,787.01
8/14/2019,725.39
8/15/2019,723.83
8/16/2019,748.13
8/19/2019,765.63
8/20/2019,764.87
8/21/2019,723.93
8/22/2019,732.79
8/23/2019,748.61
8/26/2019,736.92
8/27/2019,727.62
8/28/2019,686.97
8/29/2019,676.27
8/30/2019,681.66
9/2/2019,720.02
9/3/2019,747.28
9/4/2019,748.66
9/5/2019,733.52
9/6/2019,722.28
9/9/2019,728.82
9/10/2019,708.57
9/11/2019,710.58
9/12/2019,725.52
9/13/2019,718.81
9/16/2019,720.26
9/17/2019,742.14
9/18/2019,742.67
9/19/2019,747.29
9/20/2019,737.98
9/23/2019,710.16
9/24/2019,611.8
9/25/2019,599.56
9/26/2019,583.42
9/27/2019,577.13
9/30/2019,599.99
10/1/2019,600.41
10/2/2019,599.47
10/3/2019,589.9
10/4/2019,596.89
10/7/2019,603.63
10/8/2019,599.25
10/9/2019,631.56
10/10/2019,627.55
10/11/2019,607.96
10/14/2019,614.15
10/15/2019,599.7
10/16/2019,583.05
10/17/2019,593.1
10/18/2019,585.12
10/21/2019,599.75
10/22/2019,597.3
10/23/2019,549.12
10/24/2019,552.42
10/25/2019,629.37
10/28/2019,679.35
10/29/2019,671.99
10/30/2019,668.34
10/31/2019,669.49
11/1/2019,665.05
11/4/2019,687.31
11/5/2019,683.4
11/6/2019,680.16
11/7/2019,670.46
11/8/2019,645.61
11/11/2019,643.24
11/12/2019,647.85
11/13/2019,646.06
11/14/2019,638.39
11/15/2019,623.54
11/18/2019,604.13
11/19/2019,595.91
11/20/2019,593.92
11/21/2019,555.7
11/22/2019,536.19
11/25/2019,521.07
11/26/2019,520.6
11/27/2019,549.74
11/28/2019,551.47
11/29/2019,562.4
12/2/2019,530.48
12/3/2019,531.45
12/4/2019,524.93
12/5/2019,535.28
12/6/2019,538.4
12/9/2019,528.6
12/10/2019,521.49
12/11/2019,518.85
12/12/2019,525.36
12/13/2019,525.3
12/16/2019,492.82
12/17/2019,467.51
12/18/2019,506.06
12/19/2019,505.36
12/20/2019,510.86
12/23/2019,521.53
12/24/2019,510.31
12/25/2019,509.96
12/26/2019,512.06
12/27/2019,510.36
12/30/2019,515.88
12/31/2019,507.17
1/1/2020,513.82
1/2/2020,492.94
1/3/2020,520.66
1/6/2020,543.35
1/7/2020,578.79
1/8/2020,565.39
1/9/2020,550.39
1/10/2020,573.42
1/13/2020,580.77
1/14/2020,627.6
1/15/2020,640.9
1/16/2020,636.03
1/17/2020,649.09
1/20/2020,632.43
1/21/2020,637.77
1/22/2020,632.86
1/23/2020,607.89
1/24/2020,616.77
1/27/2020,655.2
1/28/2020,660.83
1/29/2020,682.97
1/30/2020,700.76
1/31/2020,680.91
2/3/2020,689.54
2/4/2020,681.58
2/5/2020,722.76
2/6/2020,734.48
2/7/2020,733.78
2/10/2020,746.42
2/11/2020,781.1
2/12/2020,806.42
2/13/2020,791.97
2/14/2020,812.63
2/17/2020,740.03
2/18/2020,787.8
2/19/2020,778.47
2/20/2020,730.85
2/21/2020,742.78
2/24/2020,732.04
2/25/2020,707.23
2/26/2020,660.67
2/27/2020,671
2/28/2020,648.53
3/2/2020,672.68
3/3/2020,656.78
3/4/2020,655.28
3/5/2020,687.54
3/6/2020,691.02
3/9/2020,584.02
3/10/2020,593.9
3/11/2020,581.37
3/12/2020,441.12
3/13/2020,398.15
3/16/2020,367.26
3/17/2020,392.35
3/18/2020,390.7
3/19/2020,456.23
3/20/2020,447.15
3/23/2020,454.86
3/24/2020,484.56
3/25/2020,476.47
3/26/2020,480.85
3/27/2020,482.59
3/30/2020,463.16
3/31/2020,470.22
4/1/2020,451.55
4/2/2020,492.02
4/3/2020,492.79
4/6/2020,535.01
4/7/2020,536.91
4/8/2020,541.75
4/9/2020,536.57
4/10/2020,508.2
4/13/2020,501.31
4/14/2020,510.5
4/15/2020,496.31
4/16/2020,518.14
4/17/2020,523.95
4/20/2020,502.41
4/21/2020,511.46
4/22/2020,528.95
4/23/2020,559.38
4/24/2020,559.52
4/27/2020,571.69
4/28/2020,575.49
4/29/2020,645.7
4/30/2020,644.65
5/1/2020,639.9
5/4/2020,643.98
5/5/2020,647.8
5/6/2020,665.51
5/7/2020,703.99
5/8/2020,710.92
5/11/2020,623.87
5/12/2020,632.52
5/13/2020,655.23
5/14/2020,684.51
5/15/2020,661.16
5/18/2020,692.66
5/19/2020,688.42
5/20/2020,681.07
5/21/2020,646.79
5/22/2020,660.94
5/25/2020,647.84
5/26/2020,637.52
5/27/2020,660.77
5/28/2020,681.09
5/29/2020,679.51
6/1/2020,701.78
6/2/2020,696.01
6/3/2020,704.36
6/4/2020,718.59
6/5/2020,714.23
6/8/2020,712.38
6/9/2020,715.28
6/10/2020,725.76
6/11/2020,678.07
6/12/2020,692.15
6/15/2020,688.74
6/16/2020,693.66
6/17/2020,682.75
6/18/2020,686.13
6/19/2020,679.71
6/22/2020,702.88
6/23/2020,708.11
6/24/2020,682.05
6/25/2020,681.35
6/26/2020,673.23
6/29/2020,669.13
6/30/2020,666.66
7/1/2020,677.08
7/2/2020,662.38
7/3/2020,667.36
7/6/2020,688.63
7/7/2020,688.35
7/8/2020,711.62
7/9/2020,692.63
7/10/2020,694.49
7/13/2020,694.93
7/14/2020,701.97
7/15/2020,693.92
7/16/2020,687.7
7/17/2020,691.55
7/20/2020,690
7/21/2020,706.96
7/22/2020,709.76
7/23/2020,732.57
7/24/2020,734.82
7/27/2020,817.97
7/28/2020,832.99
7/29/2020,846.58
7/30/2020,846.63
7/31/2020,863.49
8/3/2020,892.36
8/4/2020,879.62
8/5/2020,907.64
8/6/2020,924.41
8/7/2020,889.32
8/10/2020,928.04
8/11/2020,889.46
8/12/2020,906.94
8/13/2020,912.46
8/14/2020,948.72
8/17/2020,991.5
8/18/2020,960.17
8/19/2020,921.87
8/20/2020,944.85
8/21/2020,925.21
8/24/2020,935.8
8/25/2020,892.54
8/26/2020,910.56
8/27/2020,885.48
8/28/2020,912.36
8/31/2020,947.81
9/1/2020,977.79
9/2/2020,918.58
9/3/2020,860.28
9/4/2020,845.72
9/7/2020,795.59
9/8/2020,784.06
9/9/2020,812.61
9/10/2020,815.91
9/11/2020,822.7
9/14/2020,843.63
9/15/2020,841.31
9/16/2020,851.08
9/17/2020,858.21
9/18/2020,849.65
9/21/2020,803.3
9/22/2020,803.56
9/23/2020,783.64
9/24/2020,815.48
9/25/2020,828.91
9/28/2020,842.44
9/29/2020,831.17
9/30/2020,828
10/1/2020,820.38
10/2/2020,808.04
10/5/2020,827.32
10/6/2020,809.64
10/7/2020,815.09
10/8/2020,834.46
10/9/2020,850.28
10/12/2020,892.16
10/13/2020,878.31
10/14/2020,871.56
10/15/2020,884.03
10/16/2020,862.97
10/19/2020,890.1
10/20/2020,890.57
10/21/2020,947.89
10/22/2020,982.14
10/23/2020,967.11
10/26/2020,963
10/27/2020,1004.74
10/28/2020,965.33
10/29/2020,982.85
10/30/2020,979.86
11/2/2020,985.18
11/3/2020,984.36
11/4/2020,1006.71
11/5/2020,1071.1
11/6/2020,1109.17
11/9/2020,1104.35
11/10/2020,1104.1
11/11/2020,1131.88
11/12/2020,1149.49
11/13/2020,1162.31
11/16/2020,1192.66
11/17/2020,1252.02
11/18/2020,1239.77
11/19/2020,1266.51
11/20/2020,1315.16
11/23/2020,1370.15
11/24/2020,1440.46
11/25/2020,1409.41
11/26/2020,1271.74
11/27/2020,1260.68
11/30/2020,1442.1
12/1/2020,1411.34
12/2/2020,1418.08
12/3/2020,1439.92
12/4/2020,1400.08
12/7/2020,1403.95
12/8/2020,1365.47
12/9/2020,1351.9
12/10/2020,1350.79
12/11/2020,1318.86
12/14/2020,1400.45
12/15/2020,1419.66
12/16/2020,1510.07
12/17/2020,1631.36
12/18/2020,1632.97
12/21/2020,1607.41
12/22/2020,1638.86
12/23/2020,1596.53
12/24/2020,1597.92
12/25/2020,1666.36
12/28/2020,1835.38
12/29/2020,1830.36
12/30/2020,1929.21
12/31/2020,1950.81
1/1/2021,1956.72
1/4/2021,2173.9
1/5/2021,2351.77
1/6/2021,2523.97
1/7/2021,2709.8
1/8/2021,2636.86
1/11/2021,2298.65
1/12/2021,2372.37
1/13/2021,2506.64
1/14/2021,2707.13
1/15/2021,2484.05
1/18/2021,2577.25
1/19/2021,2645.62
1/20/2021,2555.63
1/21/2021,2321.85
1/22/2021,2442.03
1/25/2021,2468.56
1/26/2021,2384.72
1/27/2021,2336.86
1/28/2021,2417.15
1/29/2021,2523.01
2/1/2021,2508.53
2/2/2021,2680.95
2/3/2021,2805.01
2/4/2021,2843.46
2/5/2021,2901.67
2/8/2021,3268.32
2/9/2021,3479.34
2/10/2021,3358.61
2/11/2021,3550.6
2/12/2021,3653.74
2/15/2021,3722.42
2/16/2021,3670.41
2/17/2021,3919.11
2/18/2021,3973.3
2/19/2021,4224.79
2/22/2021,4055.39
2/23/2021,3567.94
2/24/2021,3690.05
2/25/2021,3688.69
2/26/2021,3476.29
3/1/2021,3655.07
3/2/2021,3574.17
3/3/2021,3800.26
3/4/2021,3638.04
3/5/2021,3706.02
3/8/2021,3931.04
3/9/2021,4135.73
3/10/2021,4198.94
3/11/2021,4297
3/12/2021,4190.64
3/15/2021,4215.75
3/16/2021,4187.3
3/17/2021,4348.41
3/18/2021,4273.88
3/19/2021,4425.75
3/22/2021,4189.82
3/23/2021,4145.59
3/24/2021,4080.38
3/25/2021,3923.28
3/26/2021,4069.72
3/29/2021,4365.98
3/30/2021,4476.49
3/31/2021,4455.38
4/1/2021,4536.89
4/2/2021,4581.27
4/5/2021,4680.17
4/6/2021,4661.73
4/7/2021,4425.32
4/8/2021,4608.35
4/9/2021,4670.01
4/12/2021,4861.66
4/13/2021,5102.32
4/14/2021,5034.26
4/15/2021,5241.09
4/16/2021,5150.68
4/19/2021,4651.26
4/20/2021,4781.32
4/21/2021,4751.31
4/22/2021,4582.5
4/23/2021,4349.01
4/26/2021,4616.64
4/27/2021,4749.07
4/28/2021,4830.69
4/29/2021,4672.44
4/30/2021,4984.95
5/3/2021,5237.87
5/4/2021,5061.42
5/5/2021,5328.64
5/6/2021,5325.38
5/7/2021,5415.67
5/10/2021,5393.29
5/11/2021,5547.49
5/12/2021,5395.92
5/13/2021,4828.86
5/14/2021,5148.73
5/17/2021,4530.05
5/18/2021,4508.39
5/19/2021,3743.39
5/20/2021,3876.76
5/21/2021,3354.1
5/24/2021,3672.13
5/25/2021,3470.03
5/26/2021,3710.43
5/27/2021,3739.11
5/28/2021,3419.77
5/31/2021,3538.16
6/1/2021,3469.09
6/2/2021,3707.85
6/3/2021,3772.09
6/4/2021,3591.84
6/7/2021,3529.33
6/8/2021,3234.78
6/9/2021,3462.06
6/10/2021,3425.4
6/11/2021,3412.19
6/14/2021,3622.73
6/15/2021,3636.46
6/16/2021,3512.04
6/17/2021,3423.99
6/18/2021,3187.76
6/21/2021,2893.63
6/22/2021,2800.28
6/23/2021,2852.91
6/24/2021,3046.93
6/25/2021,2812.64
6/28/2021,3045.71
6/29/2021,3220.95
6/30/2021,3127.37
7/1/2021,2968.62
7/2/2021,2986.72
7/5/2021,3103.27
7/6/2021,3141.7
7/7/2021,3214.7
7/8/2021,3017.79
7/9/2021,3028.96
7/12/2021,2937.35
7/13/2021,2864.13
7/14/2021,2903.64
7/15/2021,2809.47
7/16/2021,2811.65
7/19/2021,2676.51
7/20/2021,2591.17
7/21/2021,2766.49
7/22/2021,2867.86
7/23/2021,2843.83
7/26/2021,3424.3
7/27/2021,3241.68
7/28/2021,3417.52
7/29/2021,3389.48
7/30/2021,3418.81
8/2/2021,3501.12
8/3/2021,3396.25
8/4/2021,3584.17
8/5/2021,3673.86
8/6/2021,3853.35
8/9/2021,4104.77
8/10/2021,4105.53
8/11/2021,4274.49
8/12/2021,4057.52
8/13/2021,4272.77
8/16/2021,4319.6
8/17/2021,4247.9
8/18/2021,4175.52
8/19/2021,4373.06
8/20/2021,4552.32
8/23/2021,4668.35
8/24/2021,4545.22
8/25/2021,4567.69
8/26/2021,4384.78
8/27/2021,4565.09
8/30/2021,4648.25
8/31/2021,4595.45
9/1/2021,4775.4
9/2/2021,4889.33
9/3/2021,5037.98
9/6/2021,5152.47
9/7/2021,4525.37
9/8/2021,4592.91
9/9/2021,4601.21
9/10/2021,4486.09
9/13/2021,4417.6
9/14/2021,4542.88
9/15/2021,4739.13
9/16/2021,4687.72
9/17/2021,4610.03
9/20/2021,4207.68
9/21/2021,4022.83
9/22/2021,4214.62
9/23/2021,4370.58
9/24/2021,4119.17
9/27/2021,4135.64
9/28/2021,3962.04
9/29/2021,3942.4
9/30/2021,4148.43
10/1/2021,4576.37
10/4/2021,4687.96
10/5/2021,4793.14
10/6/2021,4995.85
10/7/2021,4967.16
10/8/2021,5020.21
10/11/2021,5049.98
10/12/2021,4922.14
10/13/2021,5076.35
10/14/2021,5197.11
10/15/2021,5395.95
10/18/2021,5301.71
10/19/2021,5488.36
10/20/2021,5741.76
10/21/2021,5542.94
10/22/2021,5448.98
10/25/2021,5625.03
10/26/2021,5627.89
10/27/2021,5297.42
10/28/2021,5528.42
10/29/2021,5659.2
11/1/2021,5630.62
11/2/2021,5828.84
11/3/2021,5860.93
11/4/2021,5717.66
11/5/2021,5740.54
11/8/2021,6111.93
11/9/2021,6215.99
11/10/2021,6031.64
11/11/2021,6057.05
11/12/2021,5988.32
11/15/2021,5937.28
11/16/2021,5500.51
11/17/2021,5574.43
11/18/2021,5324.24
11/19/2021,5445.32
11/22/2021,5265.55
11/23/2021,5518.31
11/24/2021,5415.19
11/25/2021,5616.55
11/26/2021,5195.9
11/29/2021,5491.34
11/30/2021,5538.29
12/1/2021,5493.38
12/2/2021,5518.99
12/3/2021,5172.05
12/6/2021,4759.93
12/7/2021,4901.14
12/8/2021,4986.11
12/9/2021,4668.24
12/10/2021,4671.23
12/13/2021,4404.16
12/14/2021,4523.6
12/15/2021,4740.85
12/16/2021,4666.64
12/17/2021,4477.46
12/20/2021,4600
12/21/2021,4737.4
12/22/2021,4810.25
12/23/2021,5007.34
12/24/2021,5005.46
12/27/2021,5087.61
12/28/2021,4724.41
12/29/2021,4667.16
12/30/2021,4648.2
12/31/2021,4510.88
1/3/2022,4579.95
1/4/2022,4646.6
1/5/2022,4368.55
1/6/2022,4284.18
1/7/2022,4100.53
1/10/2022,3990.12
1/11/2022,4145.92
1/12/2022,4308.33
1/13/2022,4200.09
1/14/2022,4239.82
1/17/2022,4133.55
1/18/2022,4053.58
1/19/2022,4024.72
1/20/2022,4127.75
1/21/2022,3625.83
1/24/2022,3378.34
1/25/2022,3346.3
1/26/2022,3380.22
1/27/2022,3207.38
1/28/2022,3391.6
1/31/2022,3497.17
2/1/2022,3539.35
2/2/2022,3472.4
2/3/2022,3338.22
2/4/2022,3722.57
2/7/2022,4064.29
2/8/2022,4030.04
2/9/2022,4126.44
2/10/2022,4010.39
2/11/2022,3805.53
2/14/2022,3759.36
2/15/2022,3978.38
2/16/2022,3993.03
2/17/2022,3696.64
2/18/2022,3600.35
2/21/2022,3413.94
2/22/2022,3356.58
2/23/2022,3374.53
2/24/2022,3390.6
2/25/2022,3475.15
2/28/2022,3690.07
3/1/2022,3869.39
3/2/2022,3829.73
3/3/2022,3674.1
3/4/2022,3461.24
3/7/2022,3280.11
3/8/2022,3364.12
3/9/2022,3607.82
3/10/2022,3472.78
3/11/2022,3354.36
3/14/2022,3362.08
3/15/2022,3460.47
3/16/2022,3565.13
3/17/2022,3603.88
3/18/2022,3716.14
3/21/2022,3681.93
3/22/2022,3770.36
3/23/2022,3783.2
3/24/2022,3952.65
3/25/2022,3956.07
3/28/2022,4317.12
3/29/2022,4306.41
3/30/2022,4290.66
3/31/2022,4157.11
4/1/2022,4295.47
4/4/2022,4266.68
4/5/2022,4259.1
4/6/2022,3994.05
4/7/2022,3971.47
4/8/2022,3925.7
4/11/2022,3628.84
4/12/2022,3584.44
4/13/2022,3740.82
4/14/2022,3628.04
4/15/2022,3678.87
4/18/2022,3681.94
4/19/2022,3777.98
4/20/2022,3746.88
4/21/2022,3730.35
4/22/2022,3611.53
4/25/2022,3641.63
4/26/2022,3448.91
4/27/2022,3487.14
4/28/2022,3579.85
4/29/2022,3418.4
5/2/2022,3403.13
5/3/2022,3336.51
5/4/2022,3558.93
5/5/2022,3254.46
5/6/2022,3229.67
5/9/2022,2701.78
5/10/2022,2752.37
5/11/2022,2422.63
5/12/2022,2311.9
5/13/2022,2465.25
5/16/2022,2434.01
5/17/2022,2473.47
5/18/2022,2392.63
5/19/2022,2424.63
5/20/2022,2383.91
5/23/2022,2389.47
5/24/2022,2390.17
5/25/2022,2395.82
5/26/2022,2314.73
5/27/2022,2253.12
5/30/2022,2427.78
5/31/2022,2485.22
6/1/2022,2354.45
6/2/2022,2367.12
6/3/2022,2294.13
6/6/2022,2429
6/7/2022,2403
6/8/2022,2338.02
6/9/2022,2328.77
6/10/2022,2224.79
6/13/2022,1744.36
6/14/2022,1694.57
6/15/2022,1671.8
6/16/2022,1600.73
6/17/2022,1584.31
6/20/2022,1586.57
6/21/2022,1644.25
6/22/2022,1586.84
6/23/2022,1655.08
6/24/2022,1724.55
6/27/2022,1682.45
6/28/2022,1630.95
6/29/2022,1609.4
6/30/2022,1504.09
7/1/2022,1547.22
7/4/2022,1594.63
7/5/2022,1629.38
7/6/2022,1633.51
7/7/2022,1746.46
7/8/2022,1736.98
7/11/2022,1632.7
7/12/2022,1535.01
7/13/2022,1560.82
7/14/2022,1659.17
7/15/2022,1716.13
7/18/2022,1818.62
7/19/2022,1954.5
7/20/2022,1950.36
7/21/2022,1938.43
7/22/2022,1883.52
7/25/2022,1827.66
7/26/2022,1727.22
7/27/2022,1916.27
7/28/2022,2028.53
7/29/2022,2044.99
8/1/2022,1963.49
8/2/2022,1965.86
8/3/2022,2010.91
8/4/2022,1940.81
8/5/2022,2004.52
8/8/2022,2103.28
8/9/2022,2016.83
8/10/2022,2100.51
8/11/2022,2154.44
8/12/2022,2166.46
8/15/2022,2136.27
8/16/2022,2127.63
8/17/2022,2071.49
