Trade Date,Underlying,Product Type,Exchange,Volume
2011/08/17,SPX,I,CBOE,1447457
2011/08/18,SPX,I,CBOE,1890446
2011/08/19,SPX,I,CBOE,1072720
2011/08/22,SPX,I,CBOE,726610
2011/08/23,SPX,I,CBOE,918294
2011/08/24,SPX,I,CBOE,986991
2011/08/25,SPX,I,CBOE,679796
2011/08/26,SPX,I,CBOE,944438
2011/08/29,SPX,I,CBOE,957487
2011/08/30,SPX,I,CBOE,838764
2011/08/31,SPX,I,CBOE,958111
2011/09/01,SPX,I,CBOE,941501
2011/09/02,SPX,I,CBOE,948778
2011/09/06,SPX,I,CBOE,946990
2011/09/07,SPX,I,CBOE,1018299
2011/09/08,SPX,I,CBOE,879485
2011/09/09,SPX,I,CBOE,1469078
2011/09/12,SPX,I,CBOE,1139176
2011/09/13,SPX,I,CBOE,1118069
2011/09/14,SPX,I,CBOE,1277951
2011/09/15,SPX,I,CBOE,1368162
2011/09/16,SPX,I,CBOE,854491
2011/09/19,SPX,I,CBOE,504336
2011/09/20,SPX,I,CBOE,608686
2011/09/21,SPX,I,CBOE,1239488
2011/09/22,SPX,I,CBOE,1142579
2011/09/23,SPX,I,CBOE,838642
2011/09/26,SPX,I,CBOE,575932
2011/09/27,SPX,I,CBOE,819339
2011/09/28,SPX,I,CBOE,589667
2011/09/29,SPX,I,CBOE,687816
2011/09/30,SPX,I,CBOE,753993
2011/10/03,SPX,I,CBOE,993426
2011/10/04,SPX,I,CBOE,1330681
2011/10/05,SPX,I,CBOE,900213
2011/10/06,SPX,I,CBOE,1034223
2011/10/07,SPX,I,CBOE,814721
2011/10/10,SPX,I,CBOE,767068
2011/10/11,SPX,I,CBOE,739290
2011/10/12,SPX,I,CBOE,1183439
2011/10/13,SPX,I,CBOE,700463
2011/10/14,SPX,I,CBOE,778667
2011/10/17,SPX,I,CBOE,840106
2011/10/18,SPX,I,CBOE,855191
2011/10/19,SPX,I,CBOE,1348553
2011/10/20,SPX,I,CBOE,1114203
2011/10/21,SPX,I,CBOE,875179
2011/10/24,SPX,I,CBOE,1027933
2011/10/25,SPX,I,CBOE,508578
2011/10/26,SPX,I,CBOE,478672
2011/10/27,SPX,I,CBOE,1307372
2011/10/28,SPX,I,CBOE,704732
2011/10/31,SPX,I,CBOE,692657
2011/11/01,SPX,I,CBOE,1099619
2011/11/02,SPX,I,CBOE,633407
2011/11/03,SPX,I,CBOE,826627
2011/11/04,SPX,I,CBOE,552697
2011/11/07,SPX,I,CBOE,501005
2011/11/08,SPX,I,CBOE,703659
2011/11/09,SPX,I,CBOE,1029373
2011/11/10,SPX,I,CBOE,626098
2011/11/11,SPX,I,CBOE,720519
2011/11/14,SPX,I,CBOE,768673
2011/11/15,SPX,I,CBOE,750969
2011/11/16,SPX,I,CBOE,1325693
2011/11/17,SPX,I,CBOE,1507005
2011/11/18,SPX,I,CBOE,795366
2011/11/21,SPX,I,CBOE,791581
2011/11/22,SPX,I,CBOE,734656
2011/11/23,SPX,I,CBOE,1070349
2011/11/25,SPX,I,CBOE,440406
2011/11/28,SPX,I,CBOE,533359
2011/11/29,SPX,I,CBOE,612214
2011/11/30,SPX,I,CBOE,999616
2011/12/01,SPX,I,CBOE,779299
2011/12/02,SPX,I,CBOE,747619
2011/12/05,SPX,I,CBOE,730270
2011/12/06,SPX,I,CBOE,645205
2011/12/07,SPX,I,CBOE,721794
2011/12/08,SPX,I,CBOE,745027
2011/12/09,SPX,I,CBOE,898613
2011/12/12,SPX,I,CBOE,761722
2011/12/13,SPX,I,CBOE,1143849
2011/12/14,SPX,I,CBOE,1038906
2011/12/15,SPX,I,CBOE,953594
2011/12/16,SPX,I,CBOE,725451
2011/12/19,SPX,I,CBOE,476701
2011/12/20,SPX,I,CBOE,478248
2011/12/21,SPX,I,CBOE,711196
2011/12/22,SPX,I,CBOE,604524
2011/12/23,SPX,I,CBOE,353747
2011/12/27,SPX,I,CBOE,228862
2011/12/28,SPX,I,CBOE,300290
2011/12/29,SPX,I,CBOE,366635
2011/12/30,SPX,I,CBOE,309168
2012/01/03,SPX,I,CBOE,537567
2012/01/04,SPX,I,CBOE,416474
2012/01/05,SPX,I,CBOE,471048
2012/01/06,SPX,I,CBOE,571250
2012/01/09,SPX,I,CBOE,504995
2012/01/10,SPX,I,CBOE,646985
2012/01/11,SPX,I,CBOE,519822
2012/01/12,SPX,I,CBOE,553363
2012/01/13,SPX,I,CBOE,605543
2012/01/17,SPX,I,CBOE,692591
2012/01/18,SPX,I,CBOE,1321689
2012/01/19,SPX,I,CBOE,1079715
2012/01/20,SPX,I,CBOE,669649
2012/01/23,SPX,I,CBOE,529973
2012/01/24,SPX,I,CBOE,373268
2012/01/25,SPX,I,CBOE,444722
2012/01/26,SPX,I,CBOE,707820
2012/01/27,SPX,I,CBOE,568714
2012/01/30,SPX,I,CBOE,454112
2012/01/31,SPX,I,CBOE,382945
2012/02/01,SPX,I,CBOE,692318
2012/02/02,SPX,I,CBOE,416039
2012/02/03,SPX,I,CBOE,1096665
2012/02/06,SPX,I,CBOE,405574
2012/02/07,SPX,I,CBOE,461419
2012/02/08,SPX,I,CBOE,549314
2012/02/09,SPX,I,CBOE,690834
2012/02/10,SPX,I,CBOE,905522
2012/02/13,SPX,I,CBOE,673094
2012/02/14,SPX,I,CBOE,708999
2012/02/15,SPX,I,CBOE,1294769
2012/02/16,SPX,I,CBOE,1050671
2012/02/17,SPX,I,CBOE,634079
2012/02/21,SPX,I,CBOE,810423
2012/02/22,SPX,I,CBOE,698251
2012/02/23,SPX,I,CBOE,697255
2012/02/24,SPX,I,CBOE,679496
2012/02/27,SPX,I,CBOE,492312
2012/02/28,SPX,I,CBOE,534710
2012/02/29,SPX,I,CBOE,614859
2012/03/01,SPX,I,CBOE,605439
2012/03/02,SPX,I,CBOE,506212
2012/03/05,SPX,I,CBOE,481997
2012/03/06,SPX,I,CBOE,842329
2012/03/07,SPX,I,CBOE,561833
2012/03/08,SPX,I,CBOE,725378
2012/03/09,SPX,I,CBOE,632834
2012/03/12,SPX,I,CBOE,539845
2012/03/13,SPX,I,CBOE,998864
2012/03/14,SPX,I,CBOE,843357
2012/03/15,SPX,I,CBOE,945821
2012/03/16,SPX,I,CBOE,655095
2012/03/19,SPX,I,CBOE,705940
2012/03/20,SPX,I,CBOE,625672
2012/03/21,SPX,I,CBOE,776668
2012/03/22,SPX,I,CBOE,632041
2012/03/23,SPX,I,CBOE,542276
2012/03/26,SPX,I,CBOE,591171
2012/03/27,SPX,I,CBOE,638595
2012/03/28,SPX,I,CBOE,681230
2012/03/29,SPX,I,CBOE,697313
2012/03/30,SPX,I,CBOE,578847
2012/04/02,SPX,I,CBOE,642569
2012/04/03,SPX,I,CBOE,600719
2012/04/04,SPX,I,CBOE,584332
2012/04/05,SPX,I,CBOE,614961
2012/04/09,SPX,I,CBOE,597697
2012/04/10,SPX,I,CBOE,1110256
2012/04/11,SPX,I,CBOE,675174
2012/04/12,SPX,I,CBOE,710216
2012/04/13,SPX,I,CBOE,632232
2012/04/16,SPX,I,CBOE,659157
2012/04/17,SPX,I,CBOE,727400
2012/04/18,SPX,I,CBOE,844723
2012/04/19,SPX,I,CBOE,1023033
2012/04/20,SPX,I,CBOE,583024
2012/04/23,SPX,I,CBOE,570675
2012/04/24,SPX,I,CBOE,420469
2012/04/25,SPX,I,CBOE,524283
2012/04/26,SPX,I,CBOE,664638
2012/04/27,SPX,I,CBOE,586313
2012/04/30,SPX,I,CBOE,353138
2012/05/01,SPX,I,CBOE,508214
2012/05/02,SPX,I,CBOE,541402
2012/05/03,SPX,I,CBOE,557167
2012/05/04,SPX,I,CBOE,932992
2012/05/07,SPX,I,CBOE,496429
2012/05/08,SPX,I,CBOE,755885
2012/05/09,SPX,I,CBOE,695361
2012/05/10,SPX,I,CBOE,735673
2012/05/11,SPX,I,CBOE,617057
2012/05/14,SPX,I,CBOE,966141
2012/05/15,SPX,I,CBOE,911515
2012/05/16,SPX,I,CBOE,1310026
2012/05/17,SPX,I,CBOE,1780081
2012/05/18,SPX,I,CBOE,1204900
2012/05/21,SPX,I,CBOE,769597
2012/05/22,SPX,I,CBOE,831457
2012/05/23,SPX,I,CBOE,689243
2012/05/24,SPX,I,CBOE,773770
2012/05/25,SPX,I,CBOE,558215
2012/05/29,SPX,I,CBOE,668801
2012/05/30,SPX,I,CBOE,579903
2012/05/31,SPX,I,CBOE,826745
2012/06/01,SPX,I,CBOE,1244369
2012/06/04,SPX,I,CBOE,825950
2012/06/05,SPX,I,CBOE,741338
2012/06/06,SPX,I,CBOE,1068536
2012/06/07,SPX,I,CBOE,972078
2012/06/08,SPX,I,CBOE,700292
2012/06/11,SPX,I,CBOE,594425
2012/06/12,SPX,I,CBOE,605368
2012/06/13,SPX,I,CBOE,614802
2012/06/14,SPX,I,CBOE,905139
2012/06/15,SPX,I,CBOE,780339
2012/06/18,SPX,I,CBOE,651186
2012/06/19,SPX,I,CBOE,724244
2012/06/20,SPX,I,CBOE,819711
2012/06/21,SPX,I,CBOE,833253
2012/06/22,SPX,I,CBOE,706912
2012/06/25,SPX,I,CBOE,635884
2012/06/26,SPX,I,CBOE,442225
2012/06/27,SPX,I,CBOE,528357
2012/06/28,SPX,I,CBOE,490178
2012/06/29,SPX,I,CBOE,879113
2012/07/02,SPX,I,CBOE,601498
2012/07/03,SPX,I,CBOE,425093
2012/07/05,SPX,I,CBOE,514687
2012/07/06,SPX,I,CBOE,521024
2012/07/09,SPX,I,CBOE,473718
2012/07/10,SPX,I,CBOE,565721
2012/07/11,SPX,I,CBOE,567986
2012/07/12,SPX,I,CBOE,696270
2012/07/13,SPX,I,CBOE,770603
2012/07/16,SPX,I,CBOE,519317
2012/07/17,SPX,I,CBOE,807608
2012/07/18,SPX,I,CBOE,997070
2012/07/19,SPX,I,CBOE,1002150
2012/07/20,SPX,I,CBOE,576492
2012/07/23,SPX,I,CBOE,556027
2012/07/24,SPX,I,CBOE,602431
2012/07/25,SPX,I,CBOE,509357
2012/07/26,SPX,I,CBOE,664065
2012/07/27,SPX,I,CBOE,930474
2012/07/30,SPX,I,CBOE,534837
2012/07/31,SPX,I,CBOE,470577
2012/08/01,SPX,I,CBOE,600210
2012/08/02,SPX,I,CBOE,728730
2012/08/03,SPX,I,CBOE,763643
2012/08/06,SPX,I,CBOE,505872
2012/08/07,SPX,I,CBOE,639923
2012/08/08,SPX,I,CBOE,471342
2012/08/09,SPX,I,CBOE,480301
2012/08/10,SPX,I,CBOE,457381
2012/08/13,SPX,I,CBOE,686067
2012/08/14,SPX,I,CBOE,596649
2012/08/15,SPX,I,CBOE,590111
2012/08/16,SPX,I,CBOE,1251021
2012/08/17,SPX,I,CBOE,574463
2012/08/20,SPX,I,CBOE,650348
2012/08/21,SPX,I,CBOE,706464
2012/08/22,SPX,I,CBOE,579286
2012/08/23,SPX,I,CBOE,647441
2012/08/24,SPX,I,CBOE,495486
2012/08/27,SPX,I,CBOE,328032
2012/08/28,SPX,I,CBOE,383326
2012/08/29,SPX,I,CBOE,329441
2012/08/30,SPX,I,CBOE,603318
2012/08/31,SPX,I,CBOE,542008
2012/09/04,SPX,I,CBOE,487484
2012/09/05,SPX,I,CBOE,450485
2012/09/06,SPX,I,CBOE,875479
2012/09/07,SPX,I,CBOE,899665
2012/09/10,SPX,I,CBOE,627703
2012/09/11,SPX,I,CBOE,755395
2012/09/12,SPX,I,CBOE,666502
2012/09/13,SPX,I,CBOE,1184948
2012/09/14,SPX,I,CBOE,1225655
2012/09/17,SPX,I,CBOE,618112
2012/09/18,SPX,I,CBOE,731160
2012/09/19,SPX,I,CBOE,960269
2012/09/20,SPX,I,CBOE,980523
2012/09/21,SPX,I,CBOE,825722
2012/09/24,SPX,I,CBOE,525862
2012/09/25,SPX,I,CBOE,553710
2012/09/26,SPX,I,CBOE,641781
2012/09/27,SPX,I,CBOE,677273
2012/09/28,SPX,I,CBOE,623572
2012/10/01,SPX,I,CBOE,537468
2012/10/02,SPX,I,CBOE,416686
2012/10/03,SPX,I,CBOE,486316
2012/10/04,SPX,I,CBOE,692991
2012/10/05,SPX,I,CBOE,788748
2012/10/08,SPX,I,CBOE,337059
2012/10/09,SPX,I,CBOE,481170
2012/10/10,SPX,I,CBOE,666668
2012/10/11,SPX,I,CBOE,622957
2012/10/12,SPX,I,CBOE,766536
2012/10/15,SPX,I,CBOE,492247
2012/10/16,SPX,I,CBOE,679454
2012/10/17,SPX,I,CBOE,1043467
2012/10/18,SPX,I,CBOE,1058186
2012/10/19,SPX,I,CBOE,943594
2012/10/22,SPX,I,CBOE,713000
2012/10/23,SPX,I,CBOE,852708
2012/10/24,SPX,I,CBOE,504196
2012/10/25,SPX,I,CBOE,554057
2012/10/26,SPX,I,CBOE,623143
2012/10/31,SPX,I,CBOE,555086
2012/11/01,SPX,I,CBOE,723242
2012/11/02,SPX,I,CBOE,703844
2012/11/05,SPX,I,CBOE,595186
2012/11/06,SPX,I,CBOE,631669
2012/11/07,SPX,I,CBOE,1154443
2012/11/08,SPX,I,CBOE,1080740
2012/11/09,SPX,I,CBOE,1170274
2012/11/12,SPX,I,CBOE,727670
2012/11/13,SPX,I,CBOE,766428
2012/11/14,SPX,I,CBOE,1319811
2012/11/15,SPX,I,CBOE,1458876
2012/11/16,SPX,I,CBOE,1170568
2012/11/19,SPX,I,CBOE,651395
2012/11/20,SPX,I,CBOE,567141
2012/11/21,SPX,I,CBOE,602655
2012/11/23,SPX,I,CBOE,572183
2012/11/26,SPX,I,CBOE,563407
2012/11/27,SPX,I,CBOE,498075
2012/11/28,SPX,I,CBOE,541782
2012/11/29,SPX,I,CBOE,623328
2012/11/30,SPX,I,CBOE,636198
2012/12/03,SPX,I,CBOE,640810
2012/12/04,SPX,I,CBOE,614654
2012/12/05,SPX,I,CBOE,611240
2012/12/06,SPX,I,CBOE,588612
2012/12/07,SPX,I,CBOE,763242
2012/12/10,SPX,I,CBOE,586894
2012/12/11,SPX,I,CBOE,770532
2012/12/12,SPX,I,CBOE,692045
2012/12/13,SPX,I,CBOE,676211
2012/12/14,SPX,I,CBOE,754779
2012/12/17,SPX,I,CBOE,548314
2012/12/18,SPX,I,CBOE,1079220
2012/12/19,SPX,I,CBOE,1364382
2012/12/20,SPX,I,CBOE,1206250
2012/12/21,SPX,I,CBOE,1053209
2012/12/24,SPX,I,CBOE,355255
2012/12/26,SPX,I,CBOE,514987
2012/12/27,SPX,I,CBOE,719342
2012/12/28,SPX,I,CBOE,774972
2012/12/31,SPX,I,CBOE,771481
2013/01/02,SPX,I,CBOE,1136979
2013/01/03,SPX,I,CBOE,938181
2013/01/04,SPX,I,CBOE,755441
2013/01/07,SPX,I,CBOE,789019
2013/01/08,SPX,I,CBOE,660535
2013/01/09,SPX,I,CBOE,783957
2013/01/10,SPX,I,CBOE,787230
2013/01/11,SPX,I,CBOE,715226
2013/01/14,SPX,I,CBOE,654489
2013/01/15,SPX,I,CBOE,697289
2013/01/16,SPX,I,CBOE,947177
2013/01/17,SPX,I,CBOE,1221955
2013/01/18,SPX,I,CBOE,783812
2013/01/22,SPX,I,CBOE,835165
2013/01/23,SPX,I,CBOE,689062
2013/01/24,SPX,I,CBOE,1135063
2013/01/25,SPX,I,CBOE,776922
2013/01/28,SPX,I,CBOE,522887
2013/01/29,SPX,I,CBOE,750746
2013/01/30,SPX,I,CBOE,599319
2013/01/31,SPX,I,CBOE,509197
2013/02/01,SPX,I,CBOE,887961
2013/02/04,SPX,I,CBOE,659238
2013/02/05,SPX,I,CBOE,570895
2013/02/06,SPX,I,CBOE,534918
2013/02/07,SPX,I,CBOE,651642
2013/02/08,SPX,I,CBOE,798819
2013/02/11,SPX,I,CBOE,639341
2013/02/12,SPX,I,CBOE,720127
2013/02/13,SPX,I,CBOE,801817
2013/02/14,SPX,I,CBOE,817783
2013/02/15,SPX,I,CBOE,922323
2013/02/19,SPX,I,CBOE,820037
2013/02/20,SPX,I,CBOE,857017
2013/02/21,SPX,I,CBOE,1127007
2013/02/22,SPX,I,CBOE,713769
2013/02/25,SPX,I,CBOE,939600
2013/02/26,SPX,I,CBOE,1066059
2013/02/27,SPX,I,CBOE,946040
2013/02/28,SPX,I,CBOE,714901
2013/03/01,SPX,I,CBOE,836402
2013/03/04,SPX,I,CBOE,749486
2013/03/05,SPX,I,CBOE,1397406
2013/03/06,SPX,I,CBOE,830107
2013/03/07,SPX,I,CBOE,736436
2013/03/08,SPX,I,CBOE,981126
2013/03/11,SPX,I,CBOE,849646
2013/03/12,SPX,I,CBOE,1158626
2013/03/13,SPX,I,CBOE,751009
2013/03/14,SPX,I,CBOE,1033037
2013/03/15,SPX,I,CBOE,864823
2013/03/18,SPX,I,CBOE,621293
2013/03/19,SPX,I,CBOE,839294
2013/03/20,SPX,I,CBOE,924542
2013/03/21,SPX,I,CBOE,841612
2013/03/22,SPX,I,CBOE,662362
2013/03/25,SPX,I,CBOE,656987
2013/03/26,SPX,I,CBOE,564467
2013/03/27,SPX,I,CBOE,554320
2013/03/28,SPX,I,CBOE,812106
2013/04/01,SPX,I,CBOE,434494
2013/04/02,SPX,I,CBOE,673712
2013/04/03,SPX,I,CBOE,890115
2013/04/04,SPX,I,CBOE,635633
2013/04/05,SPX,I,CBOE,886481
2013/04/08,SPX,I,CBOE,471999
2013/04/09,SPX,I,CBOE,700837
2013/04/10,SPX,I,CBOE,1202537
2013/04/11,SPX,I,CBOE,1184115
2013/04/12,SPX,I,CBOE,918554
2013/04/15,SPX,I,CBOE,1094248
2013/04/16,SPX,I,CBOE,676132
2013/04/17,SPX,I,CBOE,1301782
2013/04/18,SPX,I,CBOE,1343251
2013/04/19,SPX,I,CBOE,796173
2013/04/22,SPX,I,CBOE,561501
2013/04/23,SPX,I,CBOE,832134
2013/04/24,SPX,I,CBOE,623684
2013/04/25,SPX,I,CBOE,606340
2013/04/26,SPX,I,CBOE,700115
2013/04/29,SPX,I,CBOE,510929
2013/04/30,SPX,I,CBOE,488486
2013/05/01,SPX,I,CBOE,692356
2013/05/02,SPX,I,CBOE,820067
2013/05/03,SPX,I,CBOE,1481173
2013/05/06,SPX,I,CBOE,772798
2013/05/07,SPX,I,CBOE,893085
2013/05/08,SPX,I,CBOE,1037437
2013/05/09,SPX,I,CBOE,1026149
2013/05/10,SPX,I,CBOE,853487
2013/05/13,SPX,I,CBOE,647719
2013/05/14,SPX,I,CBOE,1430443
2013/05/15,SPX,I,CBOE,1352984
2013/05/16,SPX,I,CBOE,1065324
2013/05/17,SPX,I,CBOE,1029753
2013/05/20,SPX,I,CBOE,703639
2013/05/21,SPX,I,CBOE,789146
2013/05/22,SPX,I,CBOE,1446088
2013/05/23,SPX,I,CBOE,894534
2013/05/24,SPX,I,CBOE,756833
2013/05/28,SPX,I,CBOE,568245
2013/05/29,SPX,I,CBOE,677536
2013/05/30,SPX,I,CBOE,596010
2013/05/31,SPX,I,CBOE,954901
2013/06/03,SPX,I,CBOE,836387
2013/06/04,SPX,I,CBOE,623804
2013/06/05,SPX,I,CBOE,1263112
2013/06/06,SPX,I,CBOE,1390104
2013/06/07,SPX,I,CBOE,975507
2013/06/10,SPX,I,CBOE,475594
2013/06/11,SPX,I,CBOE,649711
2013/06/12,SPX,I,CBOE,738157
2013/06/13,SPX,I,CBOE,894586
2013/06/14,SPX,I,CBOE,886188
2013/06/17,SPX,I,CBOE,760779
2013/06/18,SPX,I,CBOE,757120
2013/06/19,SPX,I,CBOE,987523
2013/06/20,SPX,I,CBOE,2282029
2013/06/21,SPX,I,CBOE,1344522
2013/06/24,SPX,I,CBOE,1378421
2013/06/25,SPX,I,CBOE,738427
2013/06/26,SPX,I,CBOE,788977
2013/06/27,SPX,I,CBOE,967429
2013/06/28,SPX,I,CBOE,708388
2013/07/01,SPX,I,CBOE,655764
2013/07/02,SPX,I,CBOE,757786
2013/07/03,SPX,I,CBOE,422726
2013/07/05,SPX,I,CBOE,697302
2013/07/08,SPX,I,CBOE,1150805
2013/07/09,SPX,I,CBOE,967855
2013/07/10,SPX,I,CBOE,778936
2013/07/11,SPX,I,CBOE,1250900
2013/07/12,SPX,I,CBOE,893152
2013/07/15,SPX,I,CBOE,930942
2013/07/16,SPX,I,CBOE,767845
2013/07/17,SPX,I,CBOE,935430
2013/07/18,SPX,I,CBOE,1237044
2013/07/19,SPX,I,CBOE,632700
2013/07/22,SPX,I,CBOE,524907
2013/07/23,SPX,I,CBOE,466792
2013/07/24,SPX,I,CBOE,525073
2013/07/25,SPX,I,CBOE,538540
2013/07/26,SPX,I,CBOE,780833
2013/07/29,SPX,I,CBOE,419711
2013/07/30,SPX,I,CBOE,543039
2013/07/31,SPX,I,CBOE,617947
2013/08/01,SPX,I,CBOE,1037491
2013/08/02,SPX,I,CBOE,816567
2013/08/05,SPX,I,CBOE,622180
2013/08/06,SPX,I,CBOE,575442
2013/08/07,SPX,I,CBOE,536822
2013/08/08,SPX,I,CBOE,648401
2013/08/09,SPX,I,CBOE,676447
2013/08/12,SPX,I,CBOE,487520
2013/08/13,SPX,I,CBOE,664888
2013/08/14,SPX,I,CBOE,693272
2013/08/15,SPX,I,CBOE,1282219
2013/08/16,SPX,I,CBOE,923899
2013/08/19,SPX,I,CBOE,744217
2013/08/20,SPX,I,CBOE,602272
2013/08/21,SPX,I,CBOE,1044975
2013/08/22,SPX,I,CBOE,644700
2013/08/23,SPX,I,CBOE,581189
2013/08/26,SPX,I,CBOE,420016
2013/08/27,SPX,I,CBOE,1050133
2013/08/28,SPX,I,CBOE,790297
2013/08/29,SPX,I,CBOE,591529
2013/08/30,SPX,I,CBOE,645788
2013/09/03,SPX,I,CBOE,606037
2013/09/04,SPX,I,CBOE,676046
2013/09/05,SPX,I,CBOE,632374
2013/09/06,SPX,I,CBOE,864086
2013/09/09,SPX,I,CBOE,541568
2013/09/10,SPX,I,CBOE,902865
2013/09/11,SPX,I,CBOE,1028030
2013/09/12,SPX,I,CBOE,727784
2013/09/13,SPX,I,CBOE,597019
2013/09/16,SPX,I,CBOE,1013039
2013/09/17,SPX,I,CBOE,752382
2013/09/18,SPX,I,CBOE,1463177
2013/09/19,SPX,I,CBOE,1237472
2013/09/20,SPX,I,CBOE,900892
2013/09/23,SPX,I,CBOE,728767
2013/09/24,SPX,I,CBOE,599806
2013/09/25,SPX,I,CBOE,693846
2013/09/26,SPX,I,CBOE,693833
2013/09/27,SPX,I,CBOE,901509
2013/09/30,SPX,I,CBOE,813417
2013/10/01,SPX,I,CBOE,752362
2013/10/02,SPX,I,CBOE,778295
2013/10/03,SPX,I,CBOE,931537
2013/10/04,SPX,I,CBOE,765026
2013/10/07,SPX,I,CBOE,579753
2013/10/08,SPX,I,CBOE,1039642
2013/10/09,SPX,I,CBOE,1069683
2013/10/10,SPX,I,CBOE,1161001
2013/10/11,SPX,I,CBOE,903318
2013/10/14,SPX,I,CBOE,925102
2013/10/15,SPX,I,CBOE,928517
2013/10/16,SPX,I,CBOE,1361954
2013/10/17,SPX,I,CBOE,1636913
2013/10/18,SPX,I,CBOE,1342393
2013/10/21,SPX,I,CBOE,685036
2013/10/22,SPX,I,CBOE,913548
2013/10/23,SPX,I,CBOE,648646
2013/10/24,SPX,I,CBOE,587321
2013/10/25,SPX,I,CBOE,569095
2013/10/28,SPX,I,CBOE,870873
2013/10/29,SPX,I,CBOE,583508
2013/10/30,SPX,I,CBOE,1036550
2013/10/31,SPX,I,CBOE,689335
2013/11/01,SPX,I,CBOE,673897
2013/11/04,SPX,I,CBOE,512994
2013/11/05,SPX,I,CBOE,564089
2013/11/06,SPX,I,CBOE,603404
2013/11/07,SPX,I,CBOE,813489
2013/11/08,SPX,I,CBOE,827095
2013/11/11,SPX,I,CBOE,606662
2013/11/12,SPX,I,CBOE,905819
2013/11/13,SPX,I,CBOE,830614
2013/11/14,SPX,I,CBOE,1361600
2013/11/15,SPX,I,CBOE,776425
2013/11/18,SPX,I,CBOE,755168
2013/11/19,SPX,I,CBOE,725952
2013/11/20,SPX,I,CBOE,861015
2013/11/21,SPX,I,CBOE,520907
2013/11/22,SPX,I,CBOE,770737
2013/11/25,SPX,I,CBOE,645786
2013/11/26,SPX,I,CBOE,567839
2013/11/27,SPX,I,CBOE,611889
2013/11/29,SPX,I,CBOE,648444
2013/12/02,SPX,I,CBOE,551091
2013/12/03,SPX,I,CBOE,643300
2013/12/04,SPX,I,CBOE,761223
2013/12/05,SPX,I,CBOE,840721
2013/12/06,SPX,I,CBOE,900544
2013/12/09,SPX,I,CBOE,636855
2013/12/10,SPX,I,CBOE,618350
2013/12/11,SPX,I,CBOE,864492
2013/12/12,SPX,I,CBOE,844164
2013/12/13,SPX,I,CBOE,878985
2013/12/16,SPX,I,CBOE,628661
2013/12/17,SPX,I,CBOE,749302
2013/12/18,SPX,I,CBOE,1431152
2013/12/19,SPX,I,CBOE,1409558
2013/12/20,SPX,I,CBOE,1310126
2013/12/23,SPX,I,CBOE,652874
2013/12/24,SPX,I,CBOE,447804
2013/12/26,SPX,I,CBOE,688858
2013/12/27,SPX,I,CBOE,798496
2013/12/30,SPX,I,CBOE,684071
2013/12/31,SPX,I,CBOE,841081
2014/01/02,SPX,I,CBOE,1116255
2014/01/03,SPX,I,CBOE,891723
2014/01/06,SPX,I,CBOE,654604
2014/01/07,SPX,I,CBOE,635217
2014/01/08,SPX,I,CBOE,717459
2014/01/09,SPX,I,CBOE,769794
2014/01/10,SPX,I,CBOE,883268
2014/01/13,SPX,I,CBOE,938417
2014/01/14,SPX,I,CBOE,781241
2014/01/15,SPX,I,CBOE,872773
2014/01/16,SPX,I,CBOE,867161
2014/01/17,SPX,I,CBOE,788984
2014/01/21,SPX,I,CBOE,551199
2014/01/22,SPX,I,CBOE,731268
2014/01/23,SPX,I,CBOE,967282
2014/01/24,SPX,I,CBOE,1460231
2014/01/27,SPX,I,CBOE,1434826
2014/01/28,SPX,I,CBOE,598524
2014/01/29,SPX,I,CBOE,919528
2014/01/30,SPX,I,CBOE,779690
2014/01/31,SPX,I,CBOE,1043681
2014/02/03,SPX,I,CBOE,1563525
2014/02/04,SPX,I,CBOE,1057504
2014/02/05,SPX,I,CBOE,821664
2014/02/06,SPX,I,CBOE,937058
2014/02/07,SPX,I,CBOE,1112752
2014/02/10,SPX,I,CBOE,615989
2014/02/11,SPX,I,CBOE,1519945
2014/02/12,SPX,I,CBOE,727572
2014/02/13,SPX,I,CBOE,853496
2014/02/14,SPX,I,CBOE,1069631
2014/02/18,SPX,I,CBOE,709700
2014/02/19,SPX,I,CBOE,1454642
2014/02/20,SPX,I,CBOE,906801
2014/02/21,SPX,I,CBOE,862015
2014/02/24,SPX,I,CBOE,905136
2014/02/25,SPX,I,CBOE,559213
2014/02/26,SPX,I,CBOE,604313
2014/02/27,SPX,I,CBOE,701805
2014/02/28,SPX,I,CBOE,1165442
2014/03/03,SPX,I,CBOE,769422
2014/03/04,SPX,I,CBOE,874225
2014/03/05,SPX,I,CBOE,729320
2014/03/06,SPX,I,CBOE,889340
2014/03/07,SPX,I,CBOE,971652
2014/03/10,SPX,I,CBOE,572210
2014/03/11,SPX,I,CBOE,800362
2014/03/12,SPX,I,CBOE,685677
2014/03/13,SPX,I,CBOE,1028281
2014/03/14,SPX,I,CBOE,1058014
2014/03/17,SPX,I,CBOE,643562
2014/03/18,SPX,I,CBOE,874791
2014/03/19,SPX,I,CBOE,925950
2014/03/20,SPX,I,CBOE,943331
2014/03/21,SPX,I,CBOE,910810
2014/03/24,SPX,I,CBOE,698172
2014/03/25,SPX,I,CBOE,509641
2014/03/26,SPX,I,CBOE,784401
2014/03/27,SPX,I,CBOE,742469
2014/03/28,SPX,I,CBOE,919577
2014/03/31,SPX,I,CBOE,648646
2014/04/01,SPX,I,CBOE,710990
2014/04/02,SPX,I,CBOE,750698
2014/04/03,SPX,I,CBOE,691459
2014/04/04,SPX,I,CBOE,1202808
2014/04/07,SPX,I,CBOE,907648
2014/04/08,SPX,I,CBOE,567332
2014/04/09,SPX,I,CBOE,612833
2014/04/10,SPX,I,CBOE,953605
2014/04/11,SPX,I,CBOE,1351442
2014/04/14,SPX,I,CBOE,790404
2014/04/15,SPX,I,CBOE,950491
2014/04/16,SPX,I,CBOE,1141680
2014/04/17,SPX,I,CBOE,841177
2014/04/21,SPX,I,CBOE,512231
2014/04/22,SPX,I,CBOE,895360
2014/04/23,SPX,I,CBOE,429800
2014/04/24,SPX,I,CBOE,576645
2014/04/25,SPX,I,CBOE,778825
2014/04/28,SPX,I,CBOE,510644
2014/04/29,SPX,I,CBOE,461749
2014/04/30,SPX,I,CBOE,422107
2014/05/01,SPX,I,CBOE,814509
2014/05/02,SPX,I,CBOE,784495
2014/05/05,SPX,I,CBOE,553660
2014/05/06,SPX,I,CBOE,608414
2014/05/07,SPX,I,CBOE,491133
2014/05/08,SPX,I,CBOE,726413
2014/05/09,SPX,I,CBOE,706230
2014/05/12,SPX,I,CBOE,740261
2014/05/13,SPX,I,CBOE,705063
2014/05/14,SPX,I,CBOE,928725
2014/05/15,SPX,I,CBOE,1314023
2014/05/16,SPX,I,CBOE,923676
2014/05/19,SPX,I,CBOE,521004
2014/05/20,SPX,I,CBOE,618362
2014/05/21,SPX,I,CBOE,984356
2014/05/22,SPX,I,CBOE,608734
2014/05/23,SPX,I,CBOE,800252
2014/05/27,SPX,I,CBOE,728476
2014/05/28,SPX,I,CBOE,638134
2014/05/29,SPX,I,CBOE,912883
2014/05/30,SPX,I,CBOE,805560
2014/06/02,SPX,I,CBOE,745448
2014/06/03,SPX,I,CBOE,592574
2014/06/04,SPX,I,CBOE,754584
2014/06/05,SPX,I,CBOE,1286586
2014/06/06,SPX,I,CBOE,1186660
2014/06/09,SPX,I,CBOE,841595
2014/06/10,SPX,I,CBOE,731328
2014/06/11,SPX,I,CBOE,645873
2014/06/12,SPX,I,CBOE,862633
2014/06/13,SPX,I,CBOE,742137
2014/06/16,SPX,I,CBOE,651410
2014/06/17,SPX,I,CBOE,829366
2014/06/18,SPX,I,CBOE,1274949
2014/06/19,SPX,I,CBOE,1163830
2014/06/20,SPX,I,CBOE,976285
2014/06/23,SPX,I,CBOE,559170
2014/06/24,SPX,I,CBOE,767661
2014/06/25,SPX,I,CBOE,570881
2014/06/26,SPX,I,CBOE,663527
2014/06/27,SPX,I,CBOE,785591
2014/06/30,SPX,I,CBOE,700754
2014/07/01,SPX,I,CBOE,1060941
2014/07/02,SPX,I,CBOE,773020
2014/07/03,SPX,I,CBOE,754950
2014/07/07,SPX,I,CBOE,662930
2014/07/08,SPX,I,CBOE,862176
2014/07/09,SPX,I,CBOE,549393
2014/07/10,SPX,I,CBOE,808400
2014/07/11,SPX,I,CBOE,997357
2014/07/14,SPX,I,CBOE,687304
2014/07/15,SPX,I,CBOE,712211
2014/07/16,SPX,I,CBOE,1113458
2014/07/17,SPX,I,CBOE,1149746
2014/07/18,SPX,I,CBOE,985685
2014/07/21,SPX,I,CBOE,596978
2014/07/22,SPX,I,CBOE,572349
2014/07/23,SPX,I,CBOE,628800
2014/07/24,SPX,I,CBOE,883480
2014/07/25,SPX,I,CBOE,923200
2014/07/28,SPX,I,CBOE,541135
2014/07/29,SPX,I,CBOE,533981
2014/07/30,SPX,I,CBOE,718930
2014/07/31,SPX,I,CBOE,1486702
2014/08/01,SPX,I,CBOE,1669978
2014/08/04,SPX,I,CBOE,935277
2014/08/05,SPX,I,CBOE,860332
2014/08/06,SPX,I,CBOE,801308
2014/08/07,SPX,I,CBOE,1177257
2014/08/08,SPX,I,CBOE,1055779
2014/08/11,SPX,I,CBOE,731476
2014/08/12,SPX,I,CBOE,927033
2014/08/13,SPX,I,CBOE,768228
2014/08/14,SPX,I,CBOE,907364
2014/08/15,SPX,I,CBOE,1237191
2014/08/18,SPX,I,CBOE,827378
2014/08/19,SPX,I,CBOE,846607
2014/08/20,SPX,I,CBOE,936244
2014/08/21,SPX,I,CBOE,838899
2014/08/22,SPX,I,CBOE,868286
2014/08/25,SPX,I,CBOE,618605
2014/08/26,SPX,I,CBOE,596711
2014/08/27,SPX,I,CBOE,509414
2014/08/28,SPX,I,CBOE,662310
2014/08/29,SPX,I,CBOE,773802
2014/09/02,SPX,I,CBOE,578656
2014/09/03,SPX,I,CBOE,648579
2014/09/04,SPX,I,CBOE,923949
2014/09/05,SPX,I,CBOE,951180
2014/09/08,SPX,I,CBOE,625822
2014/09/09,SPX,I,CBOE,652680
2014/09/10,SPX,I,CBOE,658499
2014/09/11,SPX,I,CBOE,759308
2014/09/12,SPX,I,CBOE,1082889
2014/09/15,SPX,I,CBOE,712236
2014/09/16,SPX,I,CBOE,844440
2014/09/17,SPX,I,CBOE,927989
2014/09/18,SPX,I,CBOE,914699
2014/09/19,SPX,I,CBOE,1064182
2014/09/22,SPX,I,CBOE,852068
2014/09/23,SPX,I,CBOE,669812
2014/09/24,SPX,I,CBOE,796963
2014/09/25,SPX,I,CBOE,1122428
2014/09/26,SPX,I,CBOE,1032309
2014/09/29,SPX,I,CBOE,731041
2014/09/30,SPX,I,CBOE,818099
2014/10/01,SPX,I,CBOE,1368750
2014/10/02,SPX,I,CBOE,1291001
2014/10/03,SPX,I,CBOE,1047720
2014/10/06,SPX,I,CBOE,706638
2014/10/07,SPX,I,CBOE,902213
2014/10/08,SPX,I,CBOE,1215200
2014/10/09,SPX,I,CBOE,1171795
2014/10/10,SPX,I,CBOE,1547496
2014/10/13,SPX,I,CBOE,1811895
2014/10/14,SPX,I,CBOE,1659539
2014/10/15,SPX,I,CBOE,2686964
2014/10/16,SPX,I,CBOE,1944960
2014/10/17,SPX,I,CBOE,1309308
2014/10/20,SPX,I,CBOE,922917
2014/10/21,SPX,I,CBOE,1586789
2014/10/22,SPX,I,CBOE,1259380
2014/10/23,SPX,I,CBOE,1069928
2014/10/24,SPX,I,CBOE,769880
2014/10/27,SPX,I,CBOE,710428
2014/10/28,SPX,I,CBOE,1170152
2014/10/29,SPX,I,CBOE,1232716
2014/10/30,SPX,I,CBOE,910090
2014/10/31,SPX,I,CBOE,1760666
2014/11/03,SPX,I,CBOE,969803
2014/11/04,SPX,I,CBOE,652759
2014/11/05,SPX,I,CBOE,789990
2014/11/06,SPX,I,CBOE,979682
2014/11/07,SPX,I,CBOE,938820
2014/11/10,SPX,I,CBOE,788225
2014/11/11,SPX,I,CBOE,637421
2014/11/12,SPX,I,CBOE,721493
2014/11/13,SPX,I,CBOE,1018800
2014/11/14,SPX,I,CBOE,860352
2014/11/17,SPX,I,CBOE,674132
2014/11/18,SPX,I,CBOE,951771
2014/11/19,SPX,I,CBOE,880571
2014/11/20,SPX,I,CBOE,922665
2014/11/21,SPX,I,CBOE,1173954
2014/11/24,SPX,I,CBOE,620899
2014/11/25,SPX,I,CBOE,608608
2014/11/26,SPX,I,CBOE,669675
2014/11/28,SPX,I,CBOE,751407
2014/12/01,SPX,I,CBOE,720764
2014/12/02,SPX,I,CBOE,588445
2014/12/03,SPX,I,CBOE,688605
2014/12/04,SPX,I,CBOE,764026
2014/12/05,SPX,I,CBOE,1143067
2014/12/08,SPX,I,CBOE,917790
2014/12/09,SPX,I,CBOE,854951
2014/12/10,SPX,I,CBOE,951423
2014/12/11,SPX,I,CBOE,888047
2014/12/12,SPX,I,CBOE,1501298
2014/12/15,SPX,I,CBOE,1290879
2014/12/16,SPX,I,CBOE,1238064
2014/12/17,SPX,I,CBOE,1504459
2014/12/18,SPX,I,CBOE,1492341
2014/12/19,SPX,I,CBOE,1501225
2014/12/22,SPX,I,CBOE,782508
2014/12/23,SPX,I,CBOE,795892
2014/12/24,SPX,I,CBOE,426391
2014/12/26,SPX,I,CBOE,807917
2014/12/29,SPX,I,CBOE,633380
2014/12/30,SPX,I,CBOE,915235
2014/12/31,SPX,I,CBOE,965630
2015/01/02,SPX,I,CBOE,1091141
2015/01/05,SPX,I,CBOE,1217242
2015/01/06,SPX,I,CBOE,1136316
2015/01/07,SPX,I,CBOE,955927
2015/01/08,SPX,I,CBOE,1065180
2015/01/09,SPX,I,CBOE,1026425
2015/01/12,SPX,I,CBOE,606538
2015/01/13,SPX,I,CBOE,911381
2015/01/14,SPX,I,CBOE,1100334
2015/01/15,SPX,I,CBOE,1117100
2015/01/16,SPX,I,CBOE,1156512
2015/01/20,SPX,I,CBOE,657362
2015/01/21,SPX,I,CBOE,903984
2015/01/22,SPX,I,CBOE,925213
2015/01/23,SPX,I,CBOE,1154273
2015/01/26,SPX,I,CBOE,634314
2015/01/27,SPX,I,CBOE,710461
2015/01/28,SPX,I,CBOE,812964
2015/01/29,SPX,I,CBOE,1167232
2015/01/30,SPX,I,CBOE,1183950
2015/02/02,SPX,I,CBOE,860968
2015/02/03,SPX,I,CBOE,949234
2015/02/04,SPX,I,CBOE,647437
2015/02/05,SPX,I,CBOE,804639
2015/02/06,SPX,I,CBOE,1466423
2015/02/09,SPX,I,CBOE,771078
2015/02/10,SPX,I,CBOE,723903
2015/02/11,SPX,I,CBOE,685046
2015/02/12,SPX,I,CBOE,920662
2015/02/13,SPX,I,CBOE,1086819
2015/02/17,SPX,I,CBOE,769889
2015/02/18,SPX,I,CBOE,1129551
2015/02/19,SPX,I,CBOE,1011206
2015/02/20,SPX,I,CBOE,916515
2015/02/23,SPX,I,CBOE,616692
2015/02/24,SPX,I,CBOE,920029
2015/02/25,SPX,I,CBOE,852608
2015/02/26,SPX,I,CBOE,573432
2015/02/27,SPX,I,CBOE,967936
2015/03/02,SPX,I,CBOE,594757
2015/03/03,SPX,I,CBOE,657578
2015/03/04,SPX,I,CBOE,702148
2015/03/05,SPX,I,CBOE,508856
2015/03/06,SPX,I,CBOE,1239919
2015/03/09,SPX,I,CBOE,576501
2015/03/10,SPX,I,CBOE,1157080
2015/03/11,SPX,I,CBOE,775821
2015/03/12,SPX,I,CBOE,692429
2015/03/13,SPX,I,CBOE,1031102
2015/03/16,SPX,I,CBOE,747156
2015/03/17,SPX,I,CBOE,552176
2015/03/18,SPX,I,CBOE,1173624
2015/03/19,SPX,I,CBOE,1137515
2015/03/20,SPX,I,CBOE,982133
2015/03/23,SPX,I,CBOE,617150
2015/03/24,SPX,I,CBOE,710380
2015/03/25,SPX,I,CBOE,793161
2015/03/26,SPX,I,CBOE,1038050
2015/03/27,SPX,I,CBOE,893006
2015/03/30,SPX,I,CBOE,786617
2015/03/31,SPX,I,CBOE,672571
2015/04/01,SPX,I,CBOE,841781
2015/04/02,SPX,I,CBOE,715643
2015/04/06,SPX,I,CBOE,594649
2015/04/07,SPX,I,CBOE,655951
2015/04/08,SPX,I,CBOE,562641
2015/04/09,SPX,I,CBOE,726901
2015/04/10,SPX,I,CBOE,995507
2015/04/13,SPX,I,CBOE,695371
2015/04/14,SPX,I,CBOE,681485
2015/04/15,SPX,I,CBOE,984389
2015/04/16,SPX,I,CBOE,756414
2015/04/17,SPX,I,CBOE,1151280
2015/04/20,SPX,I,CBOE,498123
2015/04/21,SPX,I,CBOE,608890
2015/04/22,SPX,I,CBOE,603701
2015/04/23,SPX,I,CBOE,788370
2015/04/24,SPX,I,CBOE,933819
2015/04/27,SPX,I,CBOE,736410
2015/04/28,SPX,I,CBOE,530281
2015/04/29,SPX,I,CBOE,736754
2015/04/30,SPX,I,CBOE,983458
2015/05/01,SPX,I,CBOE,1042493
2015/05/04,SPX,I,CBOE,638578
2015/05/05,SPX,I,CBOE,721304
2015/05/06,SPX,I,CBOE,940951
2015/05/07,SPX,I,CBOE,823459
2015/05/08,SPX,I,CBOE,1055827
2015/05/11,SPX,I,CBOE,673534
2015/05/12,SPX,I,CBOE,823072
2015/05/13,SPX,I,CBOE,563587
2015/05/14,SPX,I,CBOE,961514
2015/05/15,SPX,I,CBOE,814401
2015/05/18,SPX,I,CBOE,804016
2015/05/19,SPX,I,CBOE,587235
2015/05/20,SPX,I,CBOE,704929
2015/05/21,SPX,I,CBOE,675947
2015/05/22,SPX,I,CBOE,806789
2015/05/26,SPX,I,CBOE,906755
2015/05/27,SPX,I,CBOE,765297
2015/05/28,SPX,I,CBOE,660415
2015/05/29,SPX,I,CBOE,962576
2015/06/01,SPX,I,CBOE,666391
2015/06/02,SPX,I,CBOE,686932
2015/06/03,SPX,I,CBOE,574070
2015/06/04,SPX,I,CBOE,1194995
2015/06/05,SPX,I,CBOE,1127232
2015/06/08,SPX,I,CBOE,865627
2015/06/09,SPX,I,CBOE,796772
2015/06/10,SPX,I,CBOE,871116
2015/06/11,SPX,I,CBOE,719167
2015/06/12,SPX,I,CBOE,1071852
2015/06/15,SPX,I,CBOE,829290
2015/06/16,SPX,I,CBOE,745889
2015/06/17,SPX,I,CBOE,867741
2015/06/18,SPX,I,CBOE,1278761
2015/06/19,SPX,I,CBOE,924820
2015/06/22,SPX,I,CBOE,766577
2015/06/23,SPX,I,CBOE,586291
2015/06/24,SPX,I,CBOE,787194
2015/06/25,SPX,I,CBOE,751619
2015/06/26,SPX,I,CBOE,1041861
2015/06/29,SPX,I,CBOE,1576324
2015/06/30,SPX,I,CBOE,1259128
2015/07/01,SPX,I,CBOE,1003282
2015/07/02,SPX,I,CBOE,974078
2015/07/06,SPX,I,CBOE,885245
2015/07/07,SPX,I,CBOE,1167751
2015/07/08,SPX,I,CBOE,1052606
2015/07/09,SPX,I,CBOE,1063532
2015/07/10,SPX,I,CBOE,1232112
2015/07/13,SPX,I,CBOE,1162637
2015/07/14,SPX,I,CBOE,853716
2015/07/15,SPX,I,CBOE,891964
2015/07/16,SPX,I,CBOE,1377080
2015/07/17,SPX,I,CBOE,947997
2015/07/20,SPX,I,CBOE,818971
2015/07/21,SPX,I,CBOE,744528
2015/07/22,SPX,I,CBOE,870448
2015/07/23,SPX,I,CBOE,904828
2015/07/24,SPX,I,CBOE,1405999
2015/07/27,SPX,I,CBOE,1089520
2015/07/28,SPX,I,CBOE,881401
2015/07/29,SPX,I,CBOE,732950
2015/07/30,SPX,I,CBOE,740475
2015/07/31,SPX,I,CBOE,965210
2015/08/03,SPX,I,CBOE,834924
2015/08/04,SPX,I,CBOE,555083
2015/08/05,SPX,I,CBOE,665981
2015/08/06,SPX,I,CBOE,1103264
2015/08/07,SPX,I,CBOE,1285855
2015/08/10,SPX,I,CBOE,773982
2015/08/11,SPX,I,CBOE,1007262
2015/08/12,SPX,I,CBOE,1316228
2015/08/13,SPX,I,CBOE,824798
2015/08/14,SPX,I,CBOE,819240
2015/08/17,SPX,I,CBOE,798346
2015/08/18,SPX,I,CBOE,825788
2015/08/19,SPX,I,CBOE,1292044
2015/08/20,SPX,I,CBOE,1940960
2015/08/21,SPX,I,CBOE,2980032
2015/08/24,SPX,I,CBOE,2487573
2015/08/25,SPX,I,CBOE,2060861
2015/08/26,SPX,I,CBOE,2019377
2015/08/27,SPX,I,CBOE,1792751
2015/08/28,SPX,I,CBOE,1279086
2015/08/31,SPX,I,CBOE,1174978
2015/09/01,SPX,I,CBOE,1370032
2015/09/02,SPX,I,CBOE,1017907
2015/09/03,SPX,I,CBOE,1093114
2015/09/04,SPX,I,CBOE,1337030
2015/09/08,SPX,I,CBOE,1057961
2015/09/09,SPX,I,CBOE,931353
2015/09/10,SPX,I,CBOE,1116991
2015/09/11,SPX,I,CBOE,1261166
2015/09/14,SPX,I,CBOE,748355
2015/09/15,SPX,I,CBOE,1089188
2015/09/16,SPX,I,CBOE,1401880
2015/09/17,SPX,I,CBOE,1247891
2015/09/18,SPX,I,CBOE,1291376
2015/09/21,SPX,I,CBOE,927340
2015/09/22,SPX,I,CBOE,1133831
2015/09/23,SPX,I,CBOE,1001645
2015/09/24,SPX,I,CBOE,1034507
2015/09/25,SPX,I,CBOE,1151342
2015/09/28,SPX,I,CBOE,1331861
2015/09/29,SPX,I,CBOE,1059346
2015/09/30,SPX,I,CBOE,1010775
2015/10/01,SPX,I,CBOE,924133
2015/10/02,SPX,I,CBOE,1200538
2015/10/05,SPX,I,CBOE,1129332
2015/10/06,SPX,I,CBOE,891087
2015/10/07,SPX,I,CBOE,911533
2015/10/08,SPX,I,CBOE,1049921
2015/10/09,SPX,I,CBOE,1200185
2015/10/12,SPX,I,CBOE,586669
2015/10/13,SPX,I,CBOE,793486
2015/10/14,SPX,I,CBOE,974358
2015/10/15,SPX,I,CBOE,1024419
2015/10/16,SPX,I,CBOE,824249
2015/10/19,SPX,I,CBOE,712325
2015/10/20,SPX,I,CBOE,710390
2015/10/21,SPX,I,CBOE,882845
2015/10/22,SPX,I,CBOE,1125630
2015/10/23,SPX,I,CBOE,1526879
2015/10/26,SPX,I,CBOE,549609
2015/10/27,SPX,I,CBOE,662035
2015/10/28,SPX,I,CBOE,935094
2015/10/29,SPX,I,CBOE,1197906
2015/10/30,SPX,I,CBOE,1028051
2015/11/02,SPX,I,CBOE,725581
2015/11/03,SPX,I,CBOE,1023526
2015/11/04,SPX,I,CBOE,763344
2015/11/05,SPX,I,CBOE,728734
2015/11/06,SPX,I,CBOE,1196494
2015/11/09,SPX,I,CBOE,1076090
2015/11/10,SPX,I,CBOE,514790
2015/11/11,SPX,I,CBOE,482517
2015/11/12,SPX,I,CBOE,1022847
2015/11/13,SPX,I,CBOE,1565930
2015/11/16,SPX,I,CBOE,1008856
2015/11/17,SPX,I,CBOE,827653
2015/11/18,SPX,I,CBOE,1237243
2015/11/19,SPX,I,CBOE,873417
2015/11/20,SPX,I,CBOE,913176
2015/11/23,SPX,I,CBOE,640893
2015/11/24,SPX,I,CBOE,710083
2015/11/25,SPX,I,CBOE,645673
2015/11/27,SPX,I,CBOE,543744
2015/11/30,SPX,I,CBOE,761302
2015/12/01,SPX,I,CBOE,688168
2015/12/02,SPX,I,CBOE,915448
2015/12/03,SPX,I,CBOE,1183415
2015/12/04,SPX,I,CBOE,1136362
2015/12/07,SPX,I,CBOE,634011
2015/12/08,SPX,I,CBOE,620868
2015/12/09,SPX,I,CBOE,945073
2015/12/10,SPX,I,CBOE,841219
2015/12/11,SPX,I,CBOE,1512627
2015/12/14,SPX,I,CBOE,1151139
2015/12/15,SPX,I,CBOE,942417
2015/12/16,SPX,I,CBOE,1179095
2015/12/17,SPX,I,CBOE,1147395
2015/12/18,SPX,I,CBOE,1089752
2015/12/21,SPX,I,CBOE,695816
2015/12/22,SPX,I,CBOE,774883
2015/12/23,SPX,I,CBOE,900955
2015/12/24,SPX,I,CBOE,404604
2015/12/28,SPX,I,CBOE,434501
2015/12/29,SPX,I,CBOE,652765
2015/12/30,SPX,I,CBOE,572113
2015/12/31,SPX,I,CBOE,835706
2016/01/04,SPX,I,CBOE,1165637
2016/01/05,SPX,I,CBOE,830248
2016/01/06,SPX,I,CBOE,1008582
2016/01/07,SPX,I,CBOE,1517533
2016/01/08,SPX,I,CBOE,1364798
2016/01/11,SPX,I,CBOE,1285502
2016/01/12,SPX,I,CBOE,990916
2016/01/13,SPX,I,CBOE,1214420
2016/01/14,SPX,I,CBOE,1559315
2016/01/15,SPX,I,CBOE,1442881
2016/01/19,SPX,I,CBOE,911881
2016/01/20,SPX,I,CBOE,2162705
2016/01/21,SPX,I,CBOE,1319983
2016/01/22,SPX,I,CBOE,1094453
2016/01/25,SPX,I,CBOE,734264
2016/01/26,SPX,I,CBOE,753450
2016/01/27,SPX,I,CBOE,748499
2016/01/28,SPX,I,CBOE,709329
2016/01/29,SPX,I,CBOE,1286142
2016/02/01,SPX,I,CBOE,823113
2016/02/02,SPX,I,CBOE,774301
2016/02/03,SPX,I,CBOE,1015661
2016/02/04,SPX,I,CBOE,755540
2016/02/05,SPX,I,CBOE,1072468
2016/02/08,SPX,I,CBOE,1235699
2016/02/09,SPX,I,CBOE,888155
2016/02/10,SPX,I,CBOE,825404
2016/02/11,SPX,I,CBOE,1271112
2016/02/12,SPX,I,CBOE,1188540
2016/02/16,SPX,I,CBOE,999464
2016/02/17,SPX,I,CBOE,1425073
2016/02/18,SPX,I,CBOE,1103670
2016/02/19,SPX,I,CBOE,951652
2016/02/22,SPX,I,CBOE,977340
2016/02/23,SPX,I,CBOE,760536
2016/02/24,SPX,I,CBOE,864207
2016/02/25,SPX,I,CBOE,751062
2016/02/26,SPX,I,CBOE,1050136
2016/02/29,SPX,I,CBOE,866717
2016/03/01,SPX,I,CBOE,1114973
2016/03/02,SPX,I,CBOE,917882
2016/03/03,SPX,I,CBOE,1047200
2016/03/04,SPX,I,CBOE,1267868
2016/03/07,SPX,I,CBOE,655954
2016/03/08,SPX,I,CBOE,748114
2016/03/09,SPX,I,CBOE,834158
2016/03/10,SPX,I,CBOE,957297
2016/03/11,SPX,I,CBOE,1282868
2016/03/14,SPX,I,CBOE,736685
2016/03/15,SPX,I,CBOE,823316
2016/03/16,SPX,I,CBOE,1204816
2016/03/17,SPX,I,CBOE,1462688
2016/03/18,SPX,I,CBOE,1116878
2016/03/21,SPX,I,CBOE,723718
2016/03/22,SPX,I,CBOE,720241
2016/03/23,SPX,I,CBOE,847228
2016/03/24,SPX,I,CBOE,943671
2016/03/28,SPX,I,CBOE,541905
2016/03/29,SPX,I,CBOE,714528
2016/03/30,SPX,I,CBOE,1367324
2016/03/31,SPX,I,CBOE,867411
2016/04/01,SPX,I,CBOE,899528
2016/04/04,SPX,I,CBOE,666101
2016/04/05,SPX,I,CBOE,670196
2016/04/06,SPX,I,CBOE,692649
2016/04/07,SPX,I,CBOE,827278
2016/04/08,SPX,I,CBOE,787303
2016/04/11,SPX,I,CBOE,657312
2016/04/12,SPX,I,CBOE,655090
2016/04/13,SPX,I,CBOE,978977
2016/04/14,SPX,I,CBOE,1026442
2016/04/15,SPX,I,CBOE,793619
2016/04/18,SPX,I,CBOE,640809
2016/04/19,SPX,I,CBOE,991776
2016/04/20,SPX,I,CBOE,1333713
2016/04/21,SPX,I,CBOE,914624
2016/04/22,SPX,I,CBOE,862988
2016/04/25,SPX,I,CBOE,577193
2016/04/26,SPX,I,CBOE,507719
2016/04/27,SPX,I,CBOE,686586
2016/04/28,SPX,I,CBOE,813484
2016/04/29,SPX,I,CBOE,1199725
2016/05/02,SPX,I,CBOE,520068
2016/05/03,SPX,I,CBOE,737655
2016/05/04,SPX,I,CBOE,921488
2016/05/05,SPX,I,CBOE,739035
2016/05/06,SPX,I,CBOE,1105819
2016/05/09,SPX,I,CBOE,585529
2016/05/10,SPX,I,CBOE,861153
2016/05/11,SPX,I,CBOE,849199
2016/05/12,SPX,I,CBOE,706323
2016/05/13,SPX,I,CBOE,1065929
2016/05/16,SPX,I,CBOE,693942
2016/05/17,SPX,I,CBOE,979496
2016/05/18,SPX,I,CBOE,1159672
2016/05/19,SPX,I,CBOE,1213320
2016/05/20,SPX,I,CBOE,963671
2016/05/23,SPX,I,CBOE,773235
2016/05/24,SPX,I,CBOE,1045360
2016/05/25,SPX,I,CBOE,1147981
2016/05/26,SPX,I,CBOE,809388
2016/05/27,SPX,I,CBOE,943124
2016/05/31,SPX,I,CBOE,1057735
2016/06/01,SPX,I,CBOE,929568
2016/06/02,SPX,I,CBOE,791615
2016/06/03,SPX,I,CBOE,1126649
2016/06/06,SPX,I,CBOE,996081
2016/06/07,SPX,I,CBOE,1167324
2016/06/08,SPX,I,CBOE,791775
2016/06/09,SPX,I,CBOE,771418
2016/06/10,SPX,I,CBOE,1150799
2016/06/13,SPX,I,CBOE,1079168
2016/06/14,SPX,I,CBOE,1270321
2016/06/15,SPX,I,CBOE,1251594
2016/06/16,SPX,I,CBOE,1353018
2016/06/17,SPX,I,CBOE,1179914
2016/06/20,SPX,I,CBOE,857676
2016/06/21,SPX,I,CBOE,916791
2016/06/22,SPX,I,CBOE,1188320
2016/06/23,SPX,I,CBOE,1051197
2016/06/24,SPX,I,CBOE,1866354
2016/06/27,SPX,I,CBOE,1855407
2016/06/28,SPX,I,CBOE,1393250
2016/06/29,SPX,I,CBOE,1676619
2016/06/30,SPX,I,CBOE,1640607
2016/07/01,SPX,I,CBOE,1261290
2016/07/05,SPX,I,CBOE,979352
2016/07/06,SPX,I,CBOE,966843
2016/07/07,SPX,I,CBOE,993054
2016/07/08,SPX,I,CBOE,1716696
2016/07/11,SPX,I,CBOE,1400438
2016/07/12,SPX,I,CBOE,1486815
2016/07/13,SPX,I,CBOE,1021802
2016/07/14,SPX,I,CBOE,1467409
2016/07/15,SPX,I,CBOE,1049409
2016/07/18,SPX,I,CBOE,822674
2016/07/19,SPX,I,CBOE,705350
2016/07/20,SPX,I,CBOE,1410420
2016/07/21,SPX,I,CBOE,816536
2016/07/22,SPX,I,CBOE,865583
2016/07/25,SPX,I,CBOE,770069
2016/07/26,SPX,I,CBOE,570365
2016/07/27,SPX,I,CBOE,793645
2016/07/28,SPX,I,CBOE,959683
2016/07/29,SPX,I,CBOE,1181528
2016/08/01,SPX,I,CBOE,800933
2016/08/02,SPX,I,CBOE,846825
2016/08/03,SPX,I,CBOE,619292
2016/08/04,SPX,I,CBOE,620361
2016/08/05,SPX,I,CBOE,1293265
2016/08/08,SPX,I,CBOE,842379
2016/08/09,SPX,I,CBOE,738213
2016/08/10,SPX,I,CBOE,839898
2016/08/11,SPX,I,CBOE,726560
2016/08/12,SPX,I,CBOE,834892
2016/08/15,SPX,I,CBOE,902192
2016/08/16,SPX,I,CBOE,921912
2016/08/17,SPX,I,CBOE,1044846
2016/08/18,SPX,I,CBOE,831087
2016/08/19,SPX,I,CBOE,908016
2016/08/22,SPX,I,CBOE,726587
2016/08/23,SPX,I,CBOE,849820
2016/08/24,SPX,I,CBOE,1034440
2016/08/25,SPX,I,CBOE,776440
2016/08/26,SPX,I,CBOE,1184665
2016/08/29,SPX,I,CBOE,780252
2016/08/30,SPX,I,CBOE,861780
2016/08/31,SPX,I,CBOE,927892
2016/09/01,SPX,I,CBOE,836628
2016/09/02,SPX,I,CBOE,1052918
2016/09/06,SPX,I,CBOE,925294
2016/09/07,SPX,I,CBOE,962161
2016/09/08,SPX,I,CBOE,876537
2016/09/09,SPX,I,CBOE,1893525
2016/09/12,SPX,I,CBOE,1646552
2016/09/13,SPX,I,CBOE,1143050
2016/09/14,SPX,I,CBOE,1212590
2016/09/15,SPX,I,CBOE,1126580
2016/09/16,SPX,I,CBOE,1142321
2016/09/19,SPX,I,CBOE,807495
2016/09/20,SPX,I,CBOE,693167
2016/09/21,SPX,I,CBOE,1288540
2016/09/22,SPX,I,CBOE,1409327
2016/09/23,SPX,I,CBOE,1093144
2016/09/26,SPX,I,CBOE,925283
2016/09/27,SPX,I,CBOE,817511
2016/09/28,SPX,I,CBOE,888041
2016/09/29,SPX,I,CBOE,1017167
2016/09/30,SPX,I,CBOE,1070350
2016/10/03,SPX,I,CBOE,770076
2016/10/04,SPX,I,CBOE,800162
2016/10/05,SPX,I,CBOE,668881
2016/10/06,SPX,I,CBOE,674523
2016/10/07,SPX,I,CBOE,1026005
2016/10/10,SPX,I,CBOE,775843
2016/10/11,SPX,I,CBOE,1259521
2016/10/12,SPX,I,CBOE,849245
2016/10/13,SPX,I,CBOE,1082549
2016/10/14,SPX,I,CBOE,1049012
2016/10/17,SPX,I,CBOE,743561
2016/10/18,SPX,I,CBOE,1030566
2016/10/19,SPX,I,CBOE,1026254
2016/10/20,SPX,I,CBOE,961789
2016/10/21,SPX,I,CBOE,1060490
2016/10/24,SPX,I,CBOE,734037
2016/10/25,SPX,I,CBOE,680395
2016/10/26,SPX,I,CBOE,836003
2016/10/27,SPX,I,CBOE,852836
2016/10/28,SPX,I,CBOE,1185408
2016/10/31,SPX,I,CBOE,822829
2016/11/01,SPX,I,CBOE,1205148
2016/11/02,SPX,I,CBOE,1217900
2016/11/03,SPX,I,CBOE,1306111
2016/11/04,SPX,I,CBOE,1582590
2016/11/07,SPX,I,CBOE,1406163
2016/11/08,SPX,I,CBOE,1331622
2016/11/09,SPX,I,CBOE,1970284
2016/11/10,SPX,I,CBOE,1540039
2016/11/11,SPX,I,CBOE,1251156
2016/11/14,SPX,I,CBOE,1275691
2016/11/15,SPX,I,CBOE,1102394
2016/11/16,SPX,I,CBOE,1333998
2016/11/17,SPX,I,CBOE,1234021
2016/11/18,SPX,I,CBOE,1184275
2016/11/21,SPX,I,CBOE,1162661
2016/11/22,SPX,I,CBOE,1131995
2016/11/23,SPX,I,CBOE,896656
2016/11/25,SPX,I,CBOE,829875
2016/11/28,SPX,I,CBOE,921757
2016/11/29,SPX,I,CBOE,874520
2016/11/30,SPX,I,CBOE,1267755
2016/12/01,SPX,I,CBOE,952450
2016/12/02,SPX,I,CBOE,1106021
2016/12/05,SPX,I,CBOE,999350
2016/12/06,SPX,I,CBOE,978582
2016/12/07,SPX,I,CBOE,1734221
2016/12/08,SPX,I,CBOE,1862252
2016/12/09,SPX,I,CBOE,1618158
2016/12/12,SPX,I,CBOE,1268112
2016/12/13,SPX,I,CBOE,1594301
2016/12/14,SPX,I,CBOE,1465865
2016/12/15,SPX,I,CBOE,1318652
2016/12/16,SPX,I,CBOE,1438270
2016/12/19,SPX,I,CBOE,881534
2016/12/20,SPX,I,CBOE,889190
2016/12/21,SPX,I,CBOE,936504
2016/12/22,SPX,I,CBOE,1036301
2016/12/23,SPX,I,CBOE,569149
2016/12/27,SPX,I,CBOE,573190
2016/12/28,SPX,I,CBOE,912186
2016/12/29,SPX,I,CBOE,782700
2016/12/30,SPX,I,CBOE,1174921
2017/01/03,SPX,I,CBOE,1279776
2017/01/04,SPX,I,CBOE,1054704
2017/01/05,SPX,I,CBOE,912949
2017/01/06,SPX,I,CBOE,1279251
2017/01/09,SPX,I,CBOE,866977
2017/01/10,SPX,I,CBOE,853557
2017/01/11,SPX,I,CBOE,1041476
2017/01/12,SPX,I,CBOE,1094025
2017/01/13,SPX,I,CBOE,1142282
2017/01/17,SPX,I,CBOE,1170959
2017/01/18,SPX,I,CBOE,1430564
2017/01/19,SPX,I,CBOE,1089426
2017/01/20,SPX,I,CBOE,1132397
2017/01/23,SPX,I,CBOE,1163896
2017/01/24,SPX,I,CBOE,875465
2017/01/25,SPX,I,CBOE,1587713
2017/01/26,SPX,I,CBOE,831717
2017/01/27,SPX,I,CBOE,1079941
2017/01/30,SPX,I,CBOE,1221704
2017/01/31,SPX,I,CBOE,980598
2017/02/01,SPX,I,CBOE,937999
2017/02/02,SPX,I,CBOE,867933
2017/02/03,SPX,I,CBOE,1316603
2017/02/06,SPX,I,CBOE,1182207
2017/02/07,SPX,I,CBOE,803043
2017/02/08,SPX,I,CBOE,942996
2017/02/09,SPX,I,CBOE,1250834
2017/02/10,SPX,I,CBOE,1437846
2017/02/13,SPX,I,CBOE,1556874
2017/02/14,SPX,I,CBOE,1417363
2017/02/15,SPX,I,CBOE,1883214
2017/02/16,SPX,I,CBOE,1338697
2017/02/17,SPX,I,CBOE,1173779
2017/02/21,SPX,I,CBOE,1610449
2017/02/22,SPX,I,CBOE,1212302
2017/02/23,SPX,I,CBOE,1063975
2017/02/24,SPX,I,CBOE,1335690
2017/02/27,SPX,I,CBOE,1132720
2017/02/28,SPX,I,CBOE,1146391
2017/03/01,SPX,I,CBOE,2121446
2017/03/02,SPX,I,CBOE,1314988
2017/03/03,SPX,I,CBOE,1320826
2017/03/06,SPX,I,CBOE,1117299
2017/03/07,SPX,I,CBOE,833837
2017/03/08,SPX,I,CBOE,1084692
2017/03/09,SPX,I,CBOE,962742
2017/03/10,SPX,I,CBOE,1115735
2017/03/13,SPX,I,CBOE,1112950
2017/03/14,SPX,I,CBOE,914323
2017/03/15,SPX,I,CBOE,1240272
2017/03/16,SPX,I,CBOE,1230759
2017/03/17,SPX,I,CBOE,1197092
2017/03/20,SPX,I,CBOE,1012529
2017/03/21,SPX,I,CBOE,1271038
2017/03/22,SPX,I,CBOE,1561026
2017/03/23,SPX,I,CBOE,1104112
2017/03/24,SPX,I,CBOE,1199462
2017/03/27,SPX,I,CBOE,1263606
2017/03/28,SPX,I,CBOE,1140714
2017/03/29,SPX,I,CBOE,856342
2017/03/30,SPX,I,CBOE,1021269
2017/03/31,SPX,I,CBOE,1266801
2017/04/03,SPX,I,CBOE,956179
2017/04/04,SPX,I,CBOE,660982
2017/04/05,SPX,I,CBOE,1287329
2017/04/06,SPX,I,CBOE,766112
2017/04/07,SPX,I,CBOE,1047327
2017/04/10,SPX,I,CBOE,838082
2017/04/11,SPX,I,CBOE,1081078
2017/04/12,SPX,I,CBOE,1013114
2017/04/13,SPX,I,CBOE,1442831
2017/04/17,SPX,I,CBOE,1101572
2017/04/18,SPX,I,CBOE,953598
2017/04/19,SPX,I,CBOE,1319472
2017/04/20,SPX,I,CBOE,1361130
2017/04/21,SPX,I,CBOE,1179272
2017/04/24,SPX,I,CBOE,1456071
2017/04/25,SPX,I,CBOE,1681850
2017/04/26,SPX,I,CBOE,1027387
2017/04/27,SPX,I,CBOE,878526
2017/04/28,SPX,I,CBOE,1100718
2017/05/01,SPX,I,CBOE,904358
2017/05/02,SPX,I,CBOE,839754
2017/05/03,SPX,I,CBOE,1001564
2017/05/04,SPX,I,CBOE,646404
2017/05/05,SPX,I,CBOE,1116298
2017/05/08,SPX,I,CBOE,1074741
2017/05/09,SPX,I,CBOE,1066613
2017/05/10,SPX,I,CBOE,872612
2017/05/11,SPX,I,CBOE,1024909
2017/05/12,SPX,I,CBOE,998532
2017/05/15,SPX,I,CBOE,1090950
2017/05/16,SPX,I,CBOE,893480
2017/05/17,SPX,I,CBOE,1885452
2017/05/18,SPX,I,CBOE,1584785
2017/05/19,SPX,I,CBOE,1161102
2017/05/22,SPX,I,CBOE,801809
2017/05/23,SPX,I,CBOE,897752
2017/05/24,SPX,I,CBOE,913447
2017/05/25,SPX,I,CBOE,1265770
2017/05/26,SPX,I,CBOE,834179
2017/05/30,SPX,I,CBOE,859218
2017/05/31,SPX,I,CBOE,1001104
2017/06/01,SPX,I,CBOE,1287155
2017/06/02,SPX,I,CBOE,1571859
2017/06/05,SPX,I,CBOE,901133
2017/06/06,SPX,I,CBOE,767234
2017/06/07,SPX,I,CBOE,926742
2017/06/08,SPX,I,CBOE,809294
2017/06/09,SPX,I,CBOE,1501124
2017/06/12,SPX,I,CBOE,890957
2017/06/13,SPX,I,CBOE,1011269
2017/06/14,SPX,I,CBOE,1229523
2017/06/15,SPX,I,CBOE,1228471
2017/06/16,SPX,I,CBOE,1068752
2017/06/19,SPX,I,CBOE,984938
2017/06/20,SPX,I,CBOE,946327
2017/06/21,SPX,I,CBOE,953845
2017/06/22,SPX,I,CBOE,796902
2017/06/23,SPX,I,CBOE,884200
2017/06/26,SPX,I,CBOE,904494
2017/06/27,SPX,I,CBOE,1029852
2017/06/28,SPX,I,CBOE,886314
2017/06/29,SPX,I,CBOE,1257618
2017/06/30,SPX,I,CBOE,1017185
2017/07/03,SPX,I,CBOE,530011
2017/07/05,SPX,I,CBOE,867525
2017/07/06,SPX,I,CBOE,1105161
2017/07/07,SPX,I,CBOE,1153728
2017/07/10,SPX,I,CBOE,1046062
2017/07/11,SPX,I,CBOE,736996
2017/07/12,SPX,I,CBOE,975004
2017/07/13,SPX,I,CBOE,792929
2017/07/14,SPX,I,CBOE,1324885
2017/07/17,SPX,I,CBOE,990554
2017/07/18,SPX,I,CBOE,920135
2017/07/19,SPX,I,CBOE,1275117
2017/07/20,SPX,I,CBOE,1310263
2017/07/21,SPX,I,CBOE,1090294
2017/07/24,SPX,I,CBOE,736129
2017/07/25,SPX,I,CBOE,997131
2017/07/26,SPX,I,CBOE,1106593
2017/07/27,SPX,I,CBOE,1025239
2017/07/28,SPX,I,CBOE,994779
2017/07/31,SPX,I,CBOE,986529
2017/08/01,SPX,I,CBOE,895500
2017/08/02,SPX,I,CBOE,945971
2017/08/03,SPX,I,CBOE,754433
2017/08/04,SPX,I,CBOE,1256022
2017/08/07,SPX,I,CBOE,824329
2017/08/08,SPX,I,CBOE,1030654
2017/08/09,SPX,I,CBOE,1231103
2017/08/10,SPX,I,CBOE,1598737
2017/08/11,SPX,I,CBOE,1441024
2017/08/14,SPX,I,CBOE,1243633
2017/08/15,SPX,I,CBOE,1057691
2017/08/16,SPX,I,CBOE,1716327
2017/08/17,SPX,I,CBOE,1562816
2017/08/18,SPX,I,CBOE,1720851
2017/08/21,SPX,I,CBOE,1078617
2017/08/22,SPX,I,CBOE,1318364
2017/08/23,SPX,I,CBOE,1012290
2017/08/24,SPX,I,CBOE,785169
2017/08/25,SPX,I,CBOE,1036978
2017/08/28,SPX,I,CBOE,970761
2017/08/29,SPX,I,CBOE,917599
2017/08/30,SPX,I,CBOE,1060079
2017/08/31,SPX,I,CBOE,1378116
2017/09/01,SPX,I,CBOE,1112761
2017/09/05,SPX,I,CBOE,1448820
2017/09/06,SPX,I,CBOE,1069298
2017/09/07,SPX,I,CBOE,852653
2017/09/08,SPX,I,CBOE,1166213
2017/09/11,SPX,I,CBOE,1589291
2017/09/12,SPX,I,CBOE,1515587
2017/09/13,SPX,I,CBOE,1047016
2017/09/14,SPX,I,CBOE,1341007
2017/09/15,SPX,I,CBOE,1361298
2017/09/18,SPX,I,CBOE,1356502
2017/09/19,SPX,I,CBOE,966823
2017/09/20,SPX,I,CBOE,1395766
2017/09/21,SPX,I,CBOE,936352
2017/09/22,SPX,I,CBOE,903791
2017/09/25,SPX,I,CBOE,1167816
2017/09/26,SPX,I,CBOE,818687
2017/09/27,SPX,I,CBOE,1371646
2017/09/28,SPX,I,CBOE,991833
2017/09/29,SPX,I,CBOE,1386281
2017/10/02,SPX,I,CBOE,1620274
2017/10/03,SPX,I,CBOE,1104325
2017/10/04,SPX,I,CBOE,1594136
2017/10/05,SPX,I,CBOE,1736208
2017/10/06,SPX,I,CBOE,1313925
2017/10/09,SPX,I,CBOE,941101
2017/10/10,SPX,I,CBOE,1010621
2017/10/11,SPX,I,CBOE,895928
2017/10/12,SPX,I,CBOE,1150105
2017/10/13,SPX,I,CBOE,1034049
2017/10/16,SPX,I,CBOE,1241790
2017/10/17,SPX,I,CBOE,1008984
2017/10/18,SPX,I,CBOE,1267074
2017/10/19,SPX,I,CBOE,1175643
2017/10/20,SPX,I,CBOE,1753299
2017/10/23,SPX,I,CBOE,1361754
2017/10/24,SPX,I,CBOE,906540
2017/10/25,SPX,I,CBOE,1618655
2017/10/26,SPX,I,CBOE,822637
2017/10/27,SPX,I,CBOE,1535533
2017/10/30,SPX,I,CBOE,1173723
2017/10/31,SPX,I,CBOE,881139
2017/11/01,SPX,I,CBOE,1343475
2017/11/02,SPX,I,CBOE,976282
2017/11/03,SPX,I,CBOE,1485057
2017/11/06,SPX,I,CBOE,1212136
2017/11/07,SPX,I,CBOE,1379720
2017/11/08,SPX,I,CBOE,963873
2017/11/09,SPX,I,CBOE,1660671
2017/11/10,SPX,I,CBOE,1428531
2017/11/13,SPX,I,CBOE,1129313
2017/11/14,SPX,I,CBOE,1287259
2017/11/15,SPX,I,CBOE,1621325
2017/11/16,SPX,I,CBOE,1369948
2017/11/17,SPX,I,CBOE,1470838
2017/11/20,SPX,I,CBOE,1258149
2017/11/21,SPX,I,CBOE,1784127
2017/11/22,SPX,I,CBOE,1210794
2017/11/24,SPX,I,CBOE,744313
2017/11/27,SPX,I,CBOE,1377170
2017/11/28,SPX,I,CBOE,1688831
2017/11/29,SPX,I,CBOE,1627899
2017/11/30,SPX,I,CBOE,2253253
2017/12/01,SPX,I,CBOE,2043528
2017/12/04,SPX,I,CBOE,1536753
2017/12/05,SPX,I,CBOE,1104017
2017/12/06,SPX,I,CBOE,1187072
2017/12/07,SPX,I,CBOE,1082257
2017/12/08,SPX,I,CBOE,1446736
2017/12/11,SPX,I,CBOE,1168343
2017/12/12,SPX,I,CBOE,1537476
2017/12/13,SPX,I,CBOE,1320025
2017/12/14,SPX,I,CBOE,1601504
2017/12/15,SPX,I,CBOE,1628317
2017/12/18,SPX,I,CBOE,1442507
2017/12/19,SPX,I,CBOE,1202377
2017/12/20,SPX,I,CBOE,1176503
2017/12/21,SPX,I,CBOE,989985
2017/12/22,SPX,I,CBOE,982169
2017/12/26,SPX,I,CBOE,791056
2017/12/27,SPX,I,CBOE,894429
2017/12/28,SPX,I,CBOE,879709
2017/12/29,SPX,I,CBOE,1286411
2018/01/02,SPX,I,CBOE,1180839
2018/01/03,SPX,I,CBOE,1519256
2018/01/04,SPX,I,CBOE,1521748
2018/01/05,SPX,I,CBOE,1637547
2018/01/08,SPX,I,CBOE,1327244
2018/01/09,SPX,I,CBOE,1300277
2018/01/10,SPX,I,CBOE,1182554
2018/01/11,SPX,I,CBOE,1587299
2018/01/12,SPX,I,CBOE,1931410
2018/01/16,SPX,I,CBOE,2049850
2018/01/17,SPX,I,CBOE,2296834
2018/01/18,SPX,I,CBOE,1670943
2018/01/19,SPX,I,CBOE,1257933
2018/01/22,SPX,I,CBOE,1470349
2018/01/23,SPX,I,CBOE,1718084
2018/01/24,SPX,I,CBOE,1638344
2018/01/25,SPX,I,CBOE,1078731
2018/01/26,SPX,I,CBOE,1798280
2018/01/29,SPX,I,CBOE,1577809
2018/01/30,SPX,I,CBOE,1493753
2018/01/31,SPX,I,CBOE,1347856
2018/02/01,SPX,I,CBOE,1178075
2018/02/02,SPX,I,CBOE,2141211
2018/02/05,SPX,I,CBOE,2685821
2018/02/06,SPX,I,CBOE,2754184
2018/02/07,SPX,I,CBOE,1859327
2018/02/08,SPX,I,CBOE,1913210
2018/02/09,SPX,I,CBOE,3213399
2018/02/12,SPX,I,CBOE,1837061
2018/02/13,SPX,I,CBOE,1572456
2018/02/14,SPX,I,CBOE,1941062
2018/02/15,SPX,I,CBOE,1747426
2018/02/16,SPX,I,CBOE,1959795
2018/02/20,SPX,I,CBOE,1125814
2018/02/21,SPX,I,CBOE,1303921
2018/02/22,SPX,I,CBOE,1116477
2018/02/23,SPX,I,CBOE,1633147
2018/02/26,SPX,I,CBOE,1690589
2018/02/27,SPX,I,CBOE,1607042
2018/02/28,SPX,I,CBOE,1358834
2018/03/01,SPX,I,CBOE,1851811
2018/03/02,SPX,I,CBOE,1667778
2018/03/05,SPX,I,CBOE,1531625
2018/03/06,SPX,I,CBOE,961228
2018/03/07,SPX,I,CBOE,1140259
2018/03/08,SPX,I,CBOE,885075
2018/03/09,SPX,I,CBOE,2200585
2018/03/12,SPX,I,CBOE,1502306
2018/03/13,SPX,I,CBOE,1346643
2018/03/14,SPX,I,CBOE,1438266
2018/03/15,SPX,I,CBOE,1340152
2018/03/16,SPX,I,CBOE,1464258
2018/03/19,SPX,I,CBOE,1723478
2018/03/20,SPX,I,CBOE,1182328
2018/03/21,SPX,I,CBOE,1260201
2018/03/22,SPX,I,CBOE,1854449
2018/03/23,SPX,I,CBOE,2163863
2018/03/26,SPX,I,CBOE,1757694
2018/03/27,SPX,I,CBOE,1535093
2018/03/28,SPX,I,CBOE,1853061
2018/03/29,SPX,I,CBOE,1875657
2018/04/02,SPX,I,CBOE,1753462
2018/04/03,SPX,I,CBOE,1386712
2018/04/04,SPX,I,CBOE,1250930
2018/04/05,SPX,I,CBOE,1209114
2018/04/06,SPX,I,CBOE,1772981
2018/04/09,SPX,I,CBOE,1346414
2018/04/10,SPX,I,CBOE,1080793
2018/04/11,SPX,I,CBOE,1450893
2018/04/12,SPX,I,CBOE,1291181
2018/04/13,SPX,I,CBOE,1493411
2018/04/16,SPX,I,CBOE,1445241
2018/04/17,SPX,I,CBOE,1827994
2018/04/18,SPX,I,CBOE,1551532
2018/04/19,SPX,I,CBOE,1359431
2018/04/20,SPX,I,CBOE,1166451
2018/04/23,SPX,I,CBOE,785046
2018/04/24,SPX,I,CBOE,1494520
2018/04/25,SPX,I,CBOE,1398938
2018/04/26,SPX,I,CBOE,1015153
2018/04/27,SPX,I,CBOE,945726
2018/04/30,SPX,I,CBOE,1107204
2018/05/01,SPX,I,CBOE,1115947
2018/05/02,SPX,I,CBOE,1110996
2018/05/03,SPX,I,CBOE,1660954
2018/05/04,SPX,I,CBOE,1352650
2018/05/07,SPX,I,CBOE,985291
2018/05/08,SPX,I,CBOE,878190
2018/05/09,SPX,I,CBOE,1454266
2018/05/10,SPX,I,CBOE,1499286
2018/05/11,SPX,I,CBOE,1702225
2018/05/14,SPX,I,CBOE,1312243
2018/05/15,SPX,I,CBOE,1218167
2018/05/16,SPX,I,CBOE,1057547
2018/05/17,SPX,I,CBOE,1178772
2018/05/18,SPX,I,CBOE,958141
2018/05/21,SPX,I,CBOE,1038173
2018/05/22,SPX,I,CBOE,1040602
2018/05/23,SPX,I,CBOE,1209613
2018/05/24,SPX,I,CBOE,1066685
2018/05/25,SPX,I,CBOE,954575
2018/05/29,SPX,I,CBOE,1471714
2018/05/30,SPX,I,CBOE,1125824
2018/05/31,SPX,I,CBOE,1229594
2018/06/01,SPX,I,CBOE,1055337
2018/06/04,SPX,I,CBOE,986134
2018/06/05,SPX,I,CBOE,860122
2018/06/06,SPX,I,CBOE,1371216
2018/06/07,SPX,I,CBOE,1439012
2018/06/08,SPX,I,CBOE,1027127
2018/06/11,SPX,I,CBOE,1372392
2018/06/12,SPX,I,CBOE,1292584
2018/06/13,SPX,I,CBOE,1129137
2018/06/14,SPX,I,CBOE,1208244
2018/06/15,SPX,I,CBOE,1410666
2018/06/18,SPX,I,CBOE,1329201
2018/06/19,SPX,I,CBOE,980386
2018/06/20,SPX,I,CBOE,1311137
2018/06/21,SPX,I,CBOE,1073082
2018/06/22,SPX,I,CBOE,1040257
2018/06/25,SPX,I,CBOE,1629229
2018/06/26,SPX,I,CBOE,1056517
2018/06/27,SPX,I,CBOE,1308523
2018/06/28,SPX,I,CBOE,1316213
2018/06/29,SPX,I,CBOE,1197663
2018/07/02,SPX,I,CBOE,998185
2018/07/03,SPX,I,CBOE,716745
2018/07/05,SPX,I,CBOE,942521
2018/07/06,SPX,I,CBOE,1178575
2018/07/09,SPX,I,CBOE,1481154
2018/07/10,SPX,I,CBOE,1260187
2018/07/11,SPX,I,CBOE,904962
2018/07/12,SPX,I,CBOE,1283419
2018/07/13,SPX,I,CBOE,1340295
2018/07/16,SPX,I,CBOE,1129879
2018/07/17,SPX,I,CBOE,1246332
2018/07/18,SPX,I,CBOE,1321023
2018/07/19,SPX,I,CBOE,1334149
2018/07/20,SPX,I,CBOE,1115587
2018/07/23,SPX,I,CBOE,900178
2018/07/24,SPX,I,CBOE,1207773
2018/07/25,SPX,I,CBOE,1351968
2018/07/26,SPX,I,CBOE,1251801
2018/07/27,SPX,I,CBOE,1312664
2018/07/30,SPX,I,CBOE,1177873
2018/07/31,SPX,I,CBOE,1066837
2018/08/01,SPX,I,CBOE,892774
2018/08/02,SPX,I,CBOE,955452
2018/08/03,SPX,I,CBOE,1245840
2018/08/06,SPX,I,CBOE,1177482
2018/08/07,SPX,I,CBOE,1282482
2018/08/08,SPX,I,CBOE,1185950
2018/08/09,SPX,I,CBOE,949975
2018/08/10,SPX,I,CBOE,1675124
2018/08/13,SPX,I,CBOE,1184732
2018/08/14,SPX,I,CBOE,795210
2018/08/15,SPX,I,CBOE,1821651
2018/08/16,SPX,I,CBOE,1330301
2018/08/17,SPX,I,CBOE,1432447
2018/08/20,SPX,I,CBOE,1101875
2018/08/21,SPX,I,CBOE,1407212
2018/08/22,SPX,I,CBOE,1273545
2018/08/23,SPX,I,CBOE,948974
2018/08/24,SPX,I,CBOE,1248376
2018/08/27,SPX,I,CBOE,1846465
2018/08/28,SPX,I,CBOE,1516740
2018/08/29,SPX,I,CBOE,1568484
2018/08/30,SPX,I,CBOE,1493378
2018/08/31,SPX,I,CBOE,1295163
2018/09/04,SPX,I,CBOE,1197072
2018/09/05,SPX,I,CBOE,1316500
2018/09/06,SPX,I,CBOE,1342597
2018/09/07,SPX,I,CBOE,1386818
2018/09/10,SPX,I,CBOE,1064013
2018/09/11,SPX,I,CBOE,1050024
2018/09/12,SPX,I,CBOE,1184594
2018/09/13,SPX,I,CBOE,1285607
2018/09/14,SPX,I,CBOE,1375893
2018/09/17,SPX,I,CBOE,1267328
2018/09/18,SPX,I,CBOE,1152402
2018/09/19,SPX,I,CBOE,1209426
2018/09/20,SPX,I,CBOE,2174570
2018/09/21,SPX,I,CBOE,1711654
2018/09/24,SPX,I,CBOE,1325521
2018/09/25,SPX,I,CBOE,881193
2018/09/26,SPX,I,CBOE,1098857
2018/09/27,SPX,I,CBOE,1294747
2018/09/28,SPX,I,CBOE,1408061
2018/10/01,SPX,I,CBOE,1174104
2018/10/02,SPX,I,CBOE,776942
2018/10/03,SPX,I,CBOE,1150873
2018/10/04,SPX,I,CBOE,1758250
2018/10/05,SPX,I,CBOE,1659426
2018/10/08,SPX,I,CBOE,1570663
2018/10/09,SPX,I,CBOE,969482
2018/10/10,SPX,I,CBOE,2719764
2018/10/11,SPX,I,CBOE,2962451
2018/10/12,SPX,I,CBOE,2369369
2018/10/15,SPX,I,CBOE,1641906
2018/10/16,SPX,I,CBOE,1829113
2018/10/17,SPX,I,CBOE,1739270
2018/10/18,SPX,I,CBOE,1762638
2018/10/19,SPX,I,CBOE,1608277
2018/10/22,SPX,I,CBOE,1388818
2018/10/23,SPX,I,CBOE,2091402
2018/10/24,SPX,I,CBOE,1893409
2018/10/25,SPX,I,CBOE,2269244
2018/10/26,SPX,I,CBOE,2384920
2018/10/29,SPX,I,CBOE,1888117
2018/10/30,SPX,I,CBOE,1957179
2018/10/31,SPX,I,CBOE,1834572
2018/11/01,SPX,I,CBOE,1308317
2018/11/02,SPX,I,CBOE,1500175
2018/11/05,SPX,I,CBOE,1312346
2018/11/06,SPX,I,CBOE,1183873
2018/11/07,SPX,I,CBOE,2134399
2018/11/08,SPX,I,CBOE,1306811
2018/11/09,SPX,I,CBOE,1546093
2018/11/12,SPX,I,CBOE,1516077
2018/11/13,SPX,I,CBOE,1547689
2018/11/14,SPX,I,CBOE,1639800
2018/11/15,SPX,I,CBOE,1814215
2018/11/16,SPX,I,CBOE,1609064
2018/11/19,SPX,I,CBOE,1460083
2018/11/20,SPX,I,CBOE,1911482
2018/11/21,SPX,I,CBOE,1537092
2018/11/23,SPX,I,CBOE,1022624
2018/11/26,SPX,I,CBOE,1881584
2018/11/27,SPX,I,CBOE,1327305
2018/11/28,SPX,I,CBOE,1762974
2018/11/29,SPX,I,CBOE,1434828
2018/11/30,SPX,I,CBOE,1884642
2018/12/03,SPX,I,CBOE,1537534
2018/12/04,SPX,I,CBOE,2202315
2018/12/06,SPX,I,CBOE,2071576
2018/12/07,SPX,I,CBOE,2112717
2018/12/10,SPX,I,CBOE,2274469
2018/12/11,SPX,I,CBOE,1450761
2018/12/12,SPX,I,CBOE,1765450
2018/12/13,SPX,I,CBOE,1286380
2018/12/14,SPX,I,CBOE,1881054
2018/12/17,SPX,I,CBOE,2150050
2018/12/18,SPX,I,CBOE,1999883
2018/12/19,SPX,I,CBOE,2623147
2018/12/20,SPX,I,CBOE,2933946
2018/12/21,SPX,I,CBOE,2570781
2018/12/24,SPX,I,CBOE,1869449
2018/12/26,SPX,I,CBOE,2321214
2018/12/27,SPX,I,CBOE,2001835
2018/12/28,SPX,I,CBOE,1832572
2018/12/31,SPX,I,CBOE,1629823
2019/01/02,SPX,I,CBOE,1908353
2019/01/03,SPX,I,CBOE,1529161
2019/01/04,SPX,I,CBOE,1876840
2019/01/07,SPX,I,CBOE,1230169
2019/01/08,SPX,I,CBOE,1472414
2019/01/09,SPX,I,CBOE,1389464
2019/01/10,SPX,I,CBOE,1386019
2019/01/11,SPX,I,CBOE,1633653
2019/01/14,SPX,I,CBOE,990409
2019/01/15,SPX,I,CBOE,1492248
2019/01/16,SPX,I,CBOE,1611362
2019/01/17,SPX,I,CBOE,1281654
2019/01/18,SPX,I,CBOE,2031192
2019/01/22,SPX,I,CBOE,1401680
2019/01/23,SPX,I,CBOE,1047916
2019/01/24,SPX,I,CBOE,805650
2019/01/25,SPX,I,CBOE,1204877
2019/01/28,SPX,I,CBOE,1099603
2019/01/29,SPX,I,CBOE,675601
2019/01/30,SPX,I,CBOE,1252791
2019/01/31,SPX,I,CBOE,1448797
2019/02/01,SPX,I,CBOE,1576455
2019/02/04,SPX,I,CBOE,932685
2019/02/05,SPX,I,CBOE,1113469
2019/02/06,SPX,I,CBOE,1216308
2019/02/07,SPX,I,CBOE,1347080
2019/02/08,SPX,I,CBOE,1202744
2019/02/11,SPX,I,CBOE,1002005
2019/02/12,SPX,I,CBOE,1056382
2019/02/13,SPX,I,CBOE,1488157
2019/02/14,SPX,I,CBOE,1314426
2019/02/15,SPX,I,CBOE,1267317
2019/02/19,SPX,I,CBOE,921948
2019/02/20,SPX,I,CBOE,921304
2019/02/21,SPX,I,CBOE,1179831
2019/02/22,SPX,I,CBOE,1162690
2019/02/25,SPX,I,CBOE,1155162
2019/02/26,SPX,I,CBOE,1098698
2019/02/27,SPX,I,CBOE,883751
2019/02/28,SPX,I,CBOE,1125817
2019/03/01,SPX,I,CBOE,1211480
2019/03/04,SPX,I,CBOE,1422585
2019/03/05,SPX,I,CBOE,946492
2019/03/06,SPX,I,CBOE,1091714
2019/03/07,SPX,I,CBOE,1407470
2019/03/08,SPX,I,CBOE,1542360
2019/03/11,SPX,I,CBOE,1215273
2019/03/12,SPX,I,CBOE,1079835
2019/03/13,SPX,I,CBOE,1633749
2019/03/14,SPX,I,CBOE,1156541
2019/03/15,SPX,I,CBOE,1497325
2019/03/18,SPX,I,CBOE,1189424
2019/03/19,SPX,I,CBOE,1348486
2019/03/20,SPX,I,CBOE,1207138
2019/03/21,SPX,I,CBOE,938363
2019/03/22,SPX,I,CBOE,1511752
2019/03/25,SPX,I,CBOE,1079157
2019/03/26,SPX,I,CBOE,955503
2019/03/27,SPX,I,CBOE,1078170
2019/03/28,SPX,I,CBOE,913643
2019/03/29,SPX,I,CBOE,1227661
2019/04/01,SPX,I,CBOE,1387690
2019/04/02,SPX,I,CBOE,926033
2019/04/03,SPX,I,CBOE,1454927
2019/04/04,SPX,I,CBOE,892942
2019/04/05,SPX,I,CBOE,1161272
2019/04/08,SPX,I,CBOE,954771
2019/04/09,SPX,I,CBOE,1052623
2019/04/10,SPX,I,CBOE,788829
2019/04/11,SPX,I,CBOE,661006
2019/04/12,SPX,I,CBOE,1178276
2019/04/15,SPX,I,CBOE,1033367
2019/04/16,SPX,I,CBOE,979510
2019/04/17,SPX,I,CBOE,1645948
2019/04/18,SPX,I,CBOE,1272593
2019/04/22,SPX,I,CBOE,1043719
2019/04/23,SPX,I,CBOE,1214605
2019/04/24,SPX,I,CBOE,1072274
2019/04/25,SPX,I,CBOE,947150
2019/04/26,SPX,I,CBOE,1064394
2019/04/29,SPX,I,CBOE,1216336
2019/04/30,SPX,I,CBOE,1241584
2019/05/01,SPX,I,CBOE,1322899
2019/05/02,SPX,I,CBOE,1323115
2019/05/03,SPX,I,CBOE,1248115
2019/05/06,SPX,I,CBOE,1469977
2019/05/07,SPX,I,CBOE,1830605
2019/05/08,SPX,I,CBOE,1318994
2019/05/09,SPX,I,CBOE,1699488
2019/05/10,SPX,I,CBOE,1804397
2019/05/13,SPX,I,CBOE,1824098
2019/05/14,SPX,I,CBOE,1320466
2019/05/15,SPX,I,CBOE,1235690
2019/05/16,SPX,I,CBOE,1506252
2019/05/17,SPX,I,CBOE,1412629
2019/05/20,SPX,I,CBOE,979503
2019/05/21,SPX,I,CBOE,903210
2019/05/22,SPX,I,CBOE,1129678
2019/05/23,SPX,I,CBOE,1475040
2019/05/24,SPX,I,CBOE,1094276
2019/05/28,SPX,I,CBOE,1202719
2019/05/29,SPX,I,CBOE,2027110
2019/05/30,SPX,I,CBOE,1204895
2019/05/31,SPX,I,CBOE,1929272
2019/06/03,SPX,I,CBOE,1524556
2019/06/04,SPX,I,CBOE,1254795
2019/06/05,SPX,I,CBOE,1276123
2019/06/06,SPX,I,CBOE,1115713
2019/06/07,SPX,I,CBOE,1683457
2019/06/10,SPX,I,CBOE,1228196
2019/06/11,SPX,I,CBOE,1056381
2019/06/12,SPX,I,CBOE,1040454
2019/06/13,SPX,I,CBOE,850799
2019/06/14,SPX,I,CBOE,1066760
2019/06/17,SPX,I,CBOE,1034509
2019/06/18,SPX,I,CBOE,1538375
2019/06/19,SPX,I,CBOE,1551578
2019/06/20,SPX,I,CBOE,2151210
2019/06/21,SPX,I,CBOE,1539895
2019/06/24,SPX,I,CBOE,1006574
2019/06/25,SPX,I,CBOE,1379771
2019/06/26,SPX,I,CBOE,1067647
2019/06/27,SPX,I,CBOE,925541
2019/06/28,SPX,I,CBOE,1412557
2019/07/01,SPX,I,CBOE,1495629
2019/07/02,SPX,I,CBOE,1058281
2019/07/03,SPX,I,CBOE,1031323
2019/07/05,SPX,I,CBOE,1378297
2019/07/08,SPX,I,CBOE,1336825
2019/07/09,SPX,I,CBOE,753150
2019/07/10,SPX,I,CBOE,1194265
2019/07/11,SPX,I,CBOE,977591
2019/07/12,SPX,I,CBOE,1242991
2019/07/15,SPX,I,CBOE,1194013
2019/07/16,SPX,I,CBOE,1154007
2019/07/17,SPX,I,CBOE,1266652
2019/07/18,SPX,I,CBOE,1368772
2019/07/19,SPX,I,CBOE,1587886
2019/07/22,SPX,I,CBOE,1024278
2019/07/23,SPX,I,CBOE,803659
2019/07/24,SPX,I,CBOE,1209158
2019/07/25,SPX,I,CBOE,841538
2019/07/26,SPX,I,CBOE,1054584
2019/07/29,SPX,I,CBOE,878880
2019/07/30,SPX,I,CBOE,932111
2019/07/31,SPX,I,CBOE,1290613
2019/08/01,SPX,I,CBOE,1646836
2019/08/02,SPX,I,CBOE,1981325
2019/08/05,SPX,I,CBOE,2608649
2019/08/06,SPX,I,CBOE,1726580
2019/08/07,SPX,I,CBOE,1500141
2019/08/08,SPX,I,CBOE,1287934
2019/08/09,SPX,I,CBOE,1424716
2019/08/12,SPX,I,CBOE,1187774
2019/08/13,SPX,I,CBOE,1295893
2019/08/14,SPX,I,CBOE,2160537
2019/08/15,SPX,I,CBOE,1492053
2019/08/16,SPX,I,CBOE,1690527
2019/08/19,SPX,I,CBOE,1259932
2019/08/20,SPX,I,CBOE,871575
2019/08/21,SPX,I,CBOE,1289509
2019/08/22,SPX,I,CBOE,896428
2019/08/23,SPX,I,CBOE,1935602
2019/08/26,SPX,I,CBOE,1328843
2019/08/27,SPX,I,CBOE,1067573
2019/08/28,SPX,I,CBOE,1311382
2019/08/29,SPX,I,CBOE,1207405
2019/08/30,SPX,I,CBOE,1574099
2019/09/03,SPX,I,CBOE,1193796
2019/09/04,SPX,I,CBOE,1256784
2019/09/05,SPX,I,CBOE,1512084
2019/09/06,SPX,I,CBOE,1382765
2019/09/09,SPX,I,CBOE,1314627
2019/09/10,SPX,I,CBOE,1020916
2019/09/11,SPX,I,CBOE,1229483
2019/09/12,SPX,I,CBOE,1428434
2019/09/13,SPX,I,CBOE,1380293
2019/09/16,SPX,I,CBOE,1209834
2019/09/17,SPX,I,CBOE,1069458
2019/09/18,SPX,I,CBOE,1798682
2019/09/19,SPX,I,CBOE,1555601
2019/09/20,SPX,I,CBOE,1590547
2019/09/23,SPX,I,CBOE,1130127
2019/09/24,SPX,I,CBOE,1517460
2019/09/25,SPX,I,CBOE,1314164
2019/09/26,SPX,I,CBOE,938938
2019/09/27,SPX,I,CBOE,1845645
2019/09/30,SPX,I,CBOE,1230528
2019/10/01,SPX,I,CBOE,1219135
2019/10/02,SPX,I,CBOE,2268911
2019/10/03,SPX,I,CBOE,1548854
2019/10/04,SPX,I,CBOE,1454485
2019/10/07,SPX,I,CBOE,1111105
2019/10/08,SPX,I,CBOE,1198935
2019/10/09,SPX,I,CBOE,1081885
2019/10/10,SPX,I,CBOE,1247506
2019/10/11,SPX,I,CBOE,1740835
2019/10/14,SPX,I,CBOE,1168691
2019/10/15,SPX,I,CBOE,1395234
2019/10/16,SPX,I,CBOE,1565278
2019/10/17,SPX,I,CBOE,1211002
2019/10/18,SPX,I,CBOE,1438673
2019/10/21,SPX,I,CBOE,965133
2019/10/22,SPX,I,CBOE,827746
2019/10/23,SPX,I,CBOE,937595
2019/10/24,SPX,I,CBOE,809116
2019/10/25,SPX,I,CBOE,1146293
2019/10/28,SPX,I,CBOE,1274521
2019/10/29,SPX,I,CBOE,978508
2019/10/30,SPX,I,CBOE,1159561
2019/10/31,SPX,I,CBOE,1534990
2019/11/01,SPX,I,CBOE,1427494
2019/11/04,SPX,I,CBOE,1264613
2019/11/05,SPX,I,CBOE,890924
2019/11/06,SPX,I,CBOE,909124
2019/11/07,SPX,I,CBOE,1147593
2019/11/08,SPX,I,CBOE,1057437
2019/11/11,SPX,I,CBOE,915165
2019/11/12,SPX,I,CBOE,989489
2019/11/13,SPX,I,CBOE,1226101
2019/11/14,SPX,I,CBOE,1149675
2019/11/15,SPX,I,CBOE,1494013
2019/11/18,SPX,I,CBOE,1101313
2019/11/19,SPX,I,CBOE,877794
2019/11/20,SPX,I,CBOE,1472213
2019/11/21,SPX,I,CBOE,924841
2019/11/22,SPX,I,CBOE,1083221
2019/11/25,SPX,I,CBOE,1144448
2019/11/26,SPX,I,CBOE,903052
2019/11/27,SPX,I,CBOE,1416099
2019/11/29,SPX,I,CBOE,855376
2019/12/02,SPX,I,CBOE,1604982
2019/12/03,SPX,I,CBOE,1387649
2019/12/04,SPX,I,CBOE,1168337
2019/12/05,SPX,I,CBOE,725786
2019/12/06,SPX,I,CBOE,1465933
2019/12/09,SPX,I,CBOE,1151923
2019/12/10,SPX,I,CBOE,963563
2019/12/11,SPX,I,CBOE,1024104
2019/12/12,SPX,I,CBOE,1424371
2019/12/13,SPX,I,CBOE,1845066
2019/12/16,SPX,I,CBOE,1830937
2019/12/17,SPX,I,CBOE,1126811
2019/12/18,SPX,I,CBOE,1252603
2019/12/19,SPX,I,CBOE,1318189
2019/12/20,SPX,I,CBOE,1781766
2019/12/23,SPX,I,CBOE,1055240
2019/12/24,SPX,I,CBOE,449503
2019/12/26,SPX,I,CBOE,693793
2019/12/27,SPX,I,CBOE,1222065
2019/12/30,SPX,I,CBOE,1220065
2019/12/31,SPX,I,CBOE,1409904
2020/01/02,SPX,I,CBOE,1106409
2020/01/03,SPX,I,CBOE,1510535
2020/01/06,SPX,I,CBOE,1283496
2020/01/07,SPX,I,CBOE,985736
2020/01/08,SPX,I,CBOE,1513507
2020/01/09,SPX,I,CBOE,1290156
2020/01/10,SPX,I,CBOE,1512322
2020/01/13,SPX,I,CBOE,1407264
2020/01/14,SPX,I,CBOE,1225993
2020/01/15,SPX,I,CBOE,1458100
2020/01/16,SPX,I,CBOE,1502310
2020/01/17,SPX,I,CBOE,1611597
2020/01/21,SPX,I,CBOE,1135012
2020/01/22,SPX,I,CBOE,1416323
2020/01/23,SPX,I,CBOE,1071675
2020/01/24,SPX,I,CBOE,1834561
2020/01/27,SPX,I,CBOE,1760260
2020/01/28,SPX,I,CBOE,1069114
2020/01/29,SPX,I,CBOE,1188194
2020/01/30,SPX,I,CBOE,1197739
2020/01/31,SPX,I,CBOE,1952245
2020/02/03,SPX,I,CBOE,1243207
2020/02/04,SPX,I,CBOE,1365599
2020/02/05,SPX,I,CBOE,1405348
2020/02/06,SPX,I,CBOE,1176412
2020/02/07,SPX,I,CBOE,1412458
2020/02/10,SPX,I,CBOE,1207827
2020/02/11,SPX,I,CBOE,1466025
2020/02/12,SPX,I,CBOE,1369570
2020/02/13,SPX,I,CBOE,1176392
2020/02/14,SPX,I,CBOE,1325018
2020/02/18,SPX,I,CBOE,1631462
2020/02/19,SPX,I,CBOE,1666383
2020/02/20,SPX,I,CBOE,1634614
2020/02/21,SPX,I,CBOE,1782449
2020/02/24,SPX,I,CBOE,2761070
2020/02/25,SPX,I,CBOE,2382994
2020/02/26,SPX,I,CBOE,2538884
2020/02/27,SPX,I,CBOE,2833002
2020/02/28,SPX,I,CBOE,3594437
2020/03/02,SPX,I,CBOE,2289135
2020/03/03,SPX,I,CBOE,1582850
2020/03/04,SPX,I,CBOE,2085874
2020/03/05,SPX,I,CBOE,1511953
2020/03/06,SPX,I,CBOE,2446350
2020/03/09,SPX,I,CBOE,2349556
2020/03/10,SPX,I,CBOE,2084985
2020/03/11,SPX,I,CBOE,2173220
2020/03/12,SPX,I,CBOE,3043565
2020/03/13,SPX,I,CBOE,3212605
2020/03/16,SPX,I,CBOE,1905334
2020/03/17,SPX,I,CBOE,1978088
2020/03/18,SPX,I,CBOE,2516199
2020/03/19,SPX,I,CBOE,1870309
2020/03/20,SPX,I,CBOE,1743467
2020/03/23,SPX,I,CBOE,1599108
2020/03/24,SPX,I,CBOE,1531024
2020/03/25,SPX,I,CBOE,1756980
2020/03/26,SPX,I,CBOE,1408481
2020/03/27,SPX,I,CBOE,1434371
2020/03/30,SPX,I,CBOE,1311627
2020/03/31,SPX,I,CBOE,1586035
2020/04/01,SPX,I,CBOE,1448588
2020/04/02,SPX,I,CBOE,1146722
2020/04/03,SPX,I,CBOE,1388454
2020/04/06,SPX,I,CBOE,1436783
2020/04/07,SPX,I,CBOE,1327009
2020/04/08,SPX,I,CBOE,1277747
2020/04/09,SPX,I,CBOE,1425991
2020/04/13,SPX,I,CBOE,1020637
2020/04/14,SPX,I,CBOE,1262028
2020/04/15,SPX,I,CBOE,1355906
2020/04/16,SPX,I,CBOE,1062073
2020/04/17,SPX,I,CBOE,1266141
2020/04/20,SPX,I,CBOE,1076630
2020/04/21,SPX,I,CBOE,887723
2020/04/22,SPX,I,CBOE,857801
2020/04/23,SPX,I,CBOE,845101
2020/04/24,SPX,I,CBOE,1126153
2020/04/27,SPX,I,CBOE,1083875
2020/04/28,SPX,I,CBOE,833758
2020/04/29,SPX,I,CBOE,1277455
2020/04/30,SPX,I,CBOE,1118639
2020/05/01,SPX,I,CBOE,1357973
2020/05/04,SPX,I,CBOE,977433
2020/05/05,SPX,I,CBOE,859837
2020/05/06,SPX,I,CBOE,911180
2020/05/07,SPX,I,CBOE,834903
2020/05/08,SPX,I,CBOE,1098352
2020/05/11,SPX,I,CBOE,1128951
2020/05/12,SPX,I,CBOE,977368
2020/05/13,SPX,I,CBOE,1649254
2020/05/14,SPX,I,CBOE,1212465
2020/05/15,SPX,I,CBOE,1127602
2020/05/18,SPX,I,CBOE,1213466
2020/05/19,SPX,I,CBOE,797700
2020/05/20,SPX,I,CBOE,1051813
2020/05/21,SPX,I,CBOE,702781
2020/05/22,SPX,I,CBOE,972858
2020/05/26,SPX,I,CBOE,1203259
2020/05/27,SPX,I,CBOE,1258974
2020/05/28,SPX,I,CBOE,1163402
2020/05/29,SPX,I,CBOE,1248127
2020/06/01,SPX,I,CBOE,916650
2020/06/02,SPX,I,CBOE,887477
2020/06/03,SPX,I,CBOE,1564498
2020/06/04,SPX,I,CBOE,890220
2020/06/05,SPX,I,CBOE,1905712
2020/06/08,SPX,I,CBOE,1265543
2020/06/09,SPX,I,CBOE,924720
2020/06/10,SPX,I,CBOE,1127872
2020/06/11,SPX,I,CBOE,1729308
2020/06/12,SPX,I,CBOE,1714930
2020/06/15,SPX,I,CBOE,1382628
2020/06/16,SPX,I,CBOE,1080960
2020/06/17,SPX,I,CBOE,1119489
2020/06/18,SPX,I,CBOE,993691
2020/06/19,SPX,I,CBOE,1430437
2020/06/22,SPX,I,CBOE,968440
2020/06/23,SPX,I,CBOE,731581
2020/06/24,SPX,I,CBOE,1344527
2020/06/25,SPX,I,CBOE,780887
2020/06/26,SPX,I,CBOE,1436035
2020/06/29,SPX,I,CBOE,1057757
2020/06/30,SPX,I,CBOE,1492996
2020/07/01,SPX,I,CBOE,1059219
2020/07/02,SPX,I,CBOE,1294340
2020/07/06,SPX,I,CBOE,915792
2020/07/07,SPX,I,CBOE,698605
2020/07/08,SPX,I,CBOE,967466
2020/07/09,SPX,I,CBOE,725111
2020/07/10,SPX,I,CBOE,1052258
2020/07/13,SPX,I,CBOE,1452339
2020/07/14,SPX,I,CBOE,823962
2020/07/15,SPX,I,CBOE,1190113
2020/07/16,SPX,I,CBOE,828912
2020/07/17,SPX,I,CBOE,974113
2020/07/20,SPX,I,CBOE,949870
2020/07/21,SPX,I,CBOE,806143
2020/07/22,SPX,I,CBOE,990070
2020/07/23,SPX,I,CBOE,809810
2020/07/24,SPX,I,CBOE,1056790
2020/07/27,SPX,I,CBOE,769215
2020/07/28,SPX,I,CBOE,575010
2020/07/29,SPX,I,CBOE,840061
2020/07/30,SPX,I,CBOE,717868
2020/07/31,SPX,I,CBOE,1192497
2020/08/03,SPX,I,CBOE,1064403
2020/08/04,SPX,I,CBOE,756481
2020/08/05,SPX,I,CBOE,962465
2020/08/06,SPX,I,CBOE,807287
2020/08/07,SPX,I,CBOE,1065907
2020/08/10,SPX,I,CBOE,938975
2020/08/11,SPX,I,CBOE,804018
2020/08/12,SPX,I,CBOE,1045214
2020/08/13,SPX,I,CBOE,730387
2020/08/14,SPX,I,CBOE,1004450
2020/08/17,SPX,I,CBOE,759105
2020/08/18,SPX,I,CBOE,731352
2020/08/19,SPX,I,CBOE,1153039
2020/08/20,SPX,I,CBOE,930152
2020/08/21,SPX,I,CBOE,1026406
2020/08/24,SPX,I,CBOE,1049791
2020/08/25,SPX,I,CBOE,794127
2020/08/26,SPX,I,CBOE,1434784
2020/08/27,SPX,I,CBOE,1102419
2020/08/28,SPX,I,CBOE,1191916
2020/08/31,SPX,I,CBOE,1169475
2020/09/01,SPX,I,CBOE,782497
2020/09/02,SPX,I,CBOE,1657133
2020/09/03,SPX,I,CBOE,1367147
2020/09/04,SPX,I,CBOE,1734739
2020/09/08,SPX,I,CBOE,1200334
2020/09/09,SPX,I,CBOE,1186926
2020/09/10,SPX,I,CBOE,1050972
2020/09/11,SPX,I,CBOE,1363624
2020/09/14,SPX,I,CBOE,1111770
2020/09/15,SPX,I,CBOE,834434
2020/09/16,SPX,I,CBOE,1102472
2020/09/17,SPX,I,CBOE,1225004
2020/09/18,SPX,I,CBOE,1345753
2020/09/21,SPX,I,CBOE,1350398
2020/09/22,SPX,I,CBOE,889832
2020/09/23,SPX,I,CBOE,1252740
2020/09/24,SPX,I,CBOE,963222
2020/09/25,SPX,I,CBOE,1260176
2020/09/28,SPX,I,CBOE,988202
2020/09/29,SPX,I,CBOE,647019
2020/09/30,SPX,I,CBOE,1397219
2020/10/01,SPX,I,CBOE,786989
2020/10/02,SPX,I,CBOE,1058187
2020/10/05,SPX,I,CBOE,918565
2020/10/06,SPX,I,CBOE,870237
2020/10/07,SPX,I,CBOE,954862
2020/10/08,SPX,I,CBOE,790275
2020/10/09,SPX,I,CBOE,1210390
2020/10/12,SPX,I,CBOE,1335353
2020/10/13,SPX,I,CBOE,866935
2020/10/14,SPX,I,CBOE,1023889
2020/10/15,SPX,I,CBOE,1019624
2020/10/16,SPX,I,CBOE,1088592
2020/10/19,SPX,I,CBOE,1206759
2020/10/20,SPX,I,CBOE,658462
2020/10/21,SPX,I,CBOE,946291
2020/10/22,SPX,I,CBOE,734503
2020/10/23,SPX,I,CBOE,977431
2020/10/26,SPX,I,CBOE,1351809
2020/10/27,SPX,I,CBOE,770387
2020/10/28,SPX,I,CBOE,1717025
2020/10/29,SPX,I,CBOE,987655
2020/10/30,SPX,I,CBOE,1578750
2020/11/02,SPX,I,CBOE,1082474
2020/11/03,SPX,I,CBOE,889114
2020/11/04,SPX,I,CBOE,1328844
2020/11/05,SPX,I,CBOE,1165203
2020/11/06,SPX,I,CBOE,1231592
2020/11/09,SPX,I,CBOE,1578479
2020/11/10,SPX,I,CBOE,901009
2020/11/11,SPX,I,CBOE,962237
2020/11/12,SPX,I,CBOE,881732
2020/11/13,SPX,I,CBOE,1150953
2020/11/16,SPX,I,CBOE,1112660
2020/11/17,SPX,I,CBOE,816929
2020/11/18,SPX,I,CBOE,1214814
2020/11/19,SPX,I,CBOE,957616
2020/11/20,SPX,I,CBOE,1074393
2020/11/23,SPX,I,CBOE,1017373
2020/11/24,SPX,I,CBOE,1009269
2020/11/25,SPX,I,CBOE,863674
2020/11/27,SPX,I,CBOE,673445
2020/11/30,SPX,I,CBOE,1168431
2020/12/01,SPX,I,CBOE,908435
2020/12/02,SPX,I,CBOE,1000886
2020/12/03,SPX,I,CBOE,765057
2020/12/04,SPX,I,CBOE,1135588
2020/12/07,SPX,I,CBOE,1000884
2020/12/08,SPX,I,CBOE,906731
2020/12/09,SPX,I,CBOE,1399703
2020/12/10,SPX,I,CBOE,849456
2020/12/11,SPX,I,CBOE,1531667
2020/12/14,SPX,I,CBOE,1439251
2020/12/15,SPX,I,CBOE,1046135
2020/12/16,SPX,I,CBOE,1201601
2020/12/17,SPX,I,CBOE,1059756
2020/12/18,SPX,I,CBOE,1346333
2020/12/21,SPX,I,CBOE,1378753
2020/12/22,SPX,I,CBOE,720464
2020/12/23,SPX,I,CBOE,918567
2020/12/24,SPX,I,CBOE,651934
2020/12/28,SPX,I,CBOE,988750
2020/12/29,SPX,I,CBOE,858657
2020/12/30,SPX,I,CBOE,923586
2020/12/31,SPX,I,CBOE,1614822
2021/01/04,SPX,I,CBOE,1528320
2021/01/05,SPX,I,CBOE,831214
2021/01/06,SPX,I,CBOE,1483014
2021/01/07,SPX,I,CBOE,1066347
2021/01/08,SPX,I,CBOE,1369681
2021/01/11,SPX,I,CBOE,1151253
2021/01/12,SPX,I,CBOE,901070
2021/01/13,SPX,I,CBOE,1281136
2021/01/14,SPX,I,CBOE,1188535
2021/01/15,SPX,I,CBOE,1548832
2021/01/19,SPX,I,CBOE,1113233
2021/01/20,SPX,I,CBOE,1496812
2021/01/21,SPX,I,CBOE,908362
2021/01/22,SPX,I,CBOE,1015906
2021/01/25,SPX,I,CBOE,1361730
2021/01/26,SPX,I,CBOE,800391
2021/01/27,SPX,I,CBOE,1570398
2021/01/28,SPX,I,CBOE,1145430
2021/01/29,SPX,I,CBOE,1692073
2021/02/01,SPX,I,CBOE,1317460
2021/02/02,SPX,I,CBOE,1124185
2021/02/03,SPX,I,CBOE,1125913
2021/02/04,SPX,I,CBOE,883872
2021/02/05,SPX,I,CBOE,1359296
2021/02/08,SPX,I,CBOE,1112080
2021/02/09,SPX,I,CBOE,901034
2021/02/10,SPX,I,CBOE,1206509
2021/02/11,SPX,I,CBOE,906437
2021/02/12,SPX,I,CBOE,1233246
2021/02/16,SPX,I,CBOE,1295953
2021/02/17,SPX,I,CBOE,1344735
2021/02/18,SPX,I,CBOE,1244499
2021/02/19,SPX,I,CBOE,1454761
2021/02/22,SPX,I,CBOE,1156860
2021/02/23,SPX,I,CBOE,1098466
2021/02/24,SPX,I,CBOE,1296841
2021/02/25,SPX,I,CBOE,1296246
2021/02/26,SPX,I,CBOE,1730897
2021/03/01,SPX,I,CBOE,1361132
2021/03/02,SPX,I,CBOE,867584
2021/03/03,SPX,I,CBOE,1165317
2021/03/04,SPX,I,CBOE,1444260
2021/03/05,SPX,I,CBOE,1706885
2021/03/08,SPX,I,CBOE,1324586
2021/03/09,SPX,I,CBOE,1010344
2021/03/10,SPX,I,CBOE,1078502
2021/03/11,SPX,I,CBOE,1183063
2021/03/12,SPX,I,CBOE,1167034
2021/03/15,SPX,I,CBOE,1324424
2021/03/16,SPX,I,CBOE,1061116
2021/03/17,SPX,I,CBOE,1257802
2021/03/18,SPX,I,CBOE,1060308
2021/03/19,SPX,I,CBOE,1359122
2021/03/22,SPX,I,CBOE,1141013
2021/03/23,SPX,I,CBOE,927621
2021/03/24,SPX,I,CBOE,1149682
2021/03/25,SPX,I,CBOE,1073619
2021/03/26,SPX,I,CBOE,1544712
2021/03/29,SPX,I,CBOE,1299562
2021/03/30,SPX,I,CBOE,811276
2021/03/31,SPX,I,CBOE,1487341
2021/04/01,SPX,I,CBOE,1365998
2021/04/05,SPX,I,CBOE,1591101
2021/04/06,SPX,I,CBOE,921952
2021/04/07,SPX,I,CBOE,1142408
2021/04/08,SPX,I,CBOE,964660
2021/04/09,SPX,I,CBOE,1456663
2021/04/12,SPX,I,CBOE,1240161
2021/04/13,SPX,I,CBOE,925051
2021/04/14,SPX,I,CBOE,1347713
2021/04/15,SPX,I,CBOE,1233555
2021/04/16,SPX,I,CBOE,1359704
2021/04/19,SPX,I,CBOE,1265701
2021/04/20,SPX,I,CBOE,1005581
2021/04/21,SPX,I,CBOE,1153619
2021/04/22,SPX,I,CBOE,1083418
2021/04/23,SPX,I,CBOE,1355224
2021/04/26,SPX,I,CBOE,1013736
2021/04/27,SPX,I,CBOE,616520
2021/04/28,SPX,I,CBOE,1058626
2021/04/29,SPX,I,CBOE,1082263
2021/04/30,SPX,I,CBOE,1393005
2021/05/03,SPX,I,CBOE,1187813
2021/05/04,SPX,I,CBOE,1300490
2021/05/05,SPX,I,CBOE,1249537
2021/05/06,SPX,I,CBOE,1014425
2021/05/07,SPX,I,CBOE,1742465
2021/05/10,SPX,I,CBOE,1486727
2021/05/11,SPX,I,CBOE,1364593
2021/05/12,SPX,I,CBOE,1839402
2021/05/13,SPX,I,CBOE,1285537
2021/05/14,SPX,I,CBOE,1692814
2021/05/17,SPX,I,CBOE,1274219
2021/05/18,SPX,I,CBOE,1078086
2021/05/19,SPX,I,CBOE,1733248
2021/05/20,SPX,I,CBOE,1275143
2021/05/21,SPX,I,CBOE,1429443
2021/05/24,SPX,I,CBOE,1332469
2021/05/25,SPX,I,CBOE,985957
2021/05/26,SPX,I,CBOE,1047242
2021/05/27,SPX,I,CBOE,877578
2021/05/28,SPX,I,CBOE,1274440
2021/06/01,SPX,I,CBOE,1275466
2021/06/02,SPX,I,CBOE,1080290
2021/06/03,SPX,I,CBOE,870505
2021/06/04,SPX,I,CBOE,1393008
2021/06/07,SPX,I,CBOE,1022654
2021/06/08,SPX,I,CBOE,985694
2021/06/09,SPX,I,CBOE,1086663
2021/06/10,SPX,I,CBOE,1205043
2021/06/11,SPX,I,CBOE,1497083
2021/06/14,SPX,I,CBOE,1407267
2021/06/15,SPX,I,CBOE,886432
2021/06/16,SPX,I,CBOE,1669553
2021/06/17,SPX,I,CBOE,1537307
2021/06/18,SPX,I,CBOE,2015087
2021/06/21,SPX,I,CBOE,1693191
2021/06/22,SPX,I,CBOE,1152590
2021/06/23,SPX,I,CBOE,1217717
2021/06/24,SPX,I,CBOE,995191
2021/06/25,SPX,I,CBOE,1393077
2021/06/28,SPX,I,CBOE,1215824
2021/06/29,SPX,I,CBOE,912675
2021/06/30,SPX,I,CBOE,1591473
2021/07/01,SPX,I,CBOE,1136802
2021/07/02,SPX,I,CBOE,1671132
2021/07/06,SPX,I,CBOE,1646997
2021/07/07,SPX,I,CBOE,1361510
2021/07/08,SPX,I,CBOE,1260626
2021/07/09,SPX,I,CBOE,1570643
2021/07/12,SPX,I,CBOE,1434088
2021/07/13,SPX,I,CBOE,1152022
2021/07/14,SPX,I,CBOE,1537736
2021/07/15,SPX,I,CBOE,1253949
2021/07/16,SPX,I,CBOE,1703861
2021/07/19,SPX,I,CBOE,2169961
2021/07/20,SPX,I,CBOE,1115495
2021/07/21,SPX,I,CBOE,1351989
2021/07/22,SPX,I,CBOE,825208
2021/07/23,SPX,I,CBOE,1737479
2021/07/26,SPX,I,CBOE,1225025
2021/07/27,SPX,I,CBOE,894559
2021/07/28,SPX,I,CBOE,1115109
2021/07/29,SPX,I,CBOE,906512
2021/07/30,SPX,I,CBOE,1437964
2021/08/02,SPX,I,CBOE,1368297
2021/08/03,SPX,I,CBOE,916385
2021/08/04,SPX,I,CBOE,1068095
2021/08/05,SPX,I,CBOE,844745
2021/08/06,SPX,I,CBOE,1418965
2021/08/09,SPX,I,CBOE,1220547
2021/08/10,SPX,I,CBOE,839990
2021/08/11,SPX,I,CBOE,1339203
2021/08/12,SPX,I,CBOE,1012164
2021/08/13,SPX,I,CBOE,1369746
2021/08/16,SPX,I,CBOE,1632441
2021/08/17,SPX,I,CBOE,1390381
2021/08/18,SPX,I,CBOE,1718936
2021/08/19,SPX,I,CBOE,1625251
2021/08/20,SPX,I,CBOE,1602568
2021/08/23,SPX,I,CBOE,1578001
2021/08/24,SPX,I,CBOE,851453
2021/08/25,SPX,I,CBOE,1208985
2021/08/26,SPX,I,CBOE,1021848
2021/08/27,SPX,I,CBOE,1512561
2021/08/30,SPX,I,CBOE,1509677
2021/08/31,SPX,I,CBOE,1127149
2021/09/01,SPX,I,CBOE,1237933
2021/09/02,SPX,I,CBOE,901321
2021/09/03,SPX,I,CBOE,1476971
2021/09/07,SPX,I,CBOE,1566709
2021/09/08,SPX,I,CBOE,1575243
2021/09/09,SPX,I,CBOE,1083609
2021/09/10,SPX,I,CBOE,2196490
2021/09/13,SPX,I,CBOE,2045803
2021/09/14,SPX,I,CBOE,1391548
2021/09/15,SPX,I,CBOE,1999706
2021/09/16,SPX,I,CBOE,1433176
2021/09/17,SPX,I,CBOE,1984356
2021/09/20,SPX,I,CBOE,2617269
2021/09/21,SPX,I,CBOE,1315403
2021/09/22,SPX,I,CBOE,1636082
2021/09/23,SPX,I,CBOE,1510852
2021/09/24,SPX,I,CBOE,1547646
2021/09/27,SPX,I,CBOE,1510940
2021/09/28,SPX,I,CBOE,1820052
2021/09/29,SPX,I,CBOE,1640791
2021/09/30,SPX,I,CBOE,2437827
2021/10/01,SPX,I,CBOE,2277420
2021/10/04,SPX,I,CBOE,1876180
2021/10/05,SPX,I,CBOE,1375728
2021/10/06,SPX,I,CBOE,2026376
2021/10/07,SPX,I,CBOE,1411130
2021/10/08,SPX,I,CBOE,1555459
2021/10/11,SPX,I,CBOE,1565721
2021/10/12,SPX,I,CBOE,1042810
2021/10/13,SPX,I,CBOE,1573546
2021/10/14,SPX,I,CBOE,1652033
2021/10/15,SPX,I,CBOE,1793111
2021/10/18,SPX,I,CBOE,1660715
2021/10/19,SPX,I,CBOE,1269879
2021/10/20,SPX,I,CBOE,1588101
2021/10/21,SPX,I,CBOE,982918
2021/10/22,SPX,I,CBOE,1698070
2021/10/25,SPX,I,CBOE,1326137
2021/10/26,SPX,I,CBOE,1447613
2021/10/27,SPX,I,CBOE,1571032
2021/10/28,SPX,I,CBOE,973331
2021/10/29,SPX,I,CBOE,1707933
2021/11/01,SPX,I,CBOE,1460816
2021/11/02,SPX,I,CBOE,1118159
2021/11/03,SPX,I,CBOE,1490567
2021/11/04,SPX,I,CBOE,1660654
2021/11/05,SPX,I,CBOE,2339817
2021/11/08,SPX,I,CBOE,1304505
2021/11/09,SPX,I,CBOE,1170325
2021/11/10,SPX,I,CBOE,1847516
2021/11/11,SPX,I,CBOE,971770
2021/11/12,SPX,I,CBOE,1894642
2021/11/15,SPX,I,CBOE,1635241
2021/11/16,SPX,I,CBOE,1254400
2021/11/17,SPX,I,CBOE,1437199
2021/11/18,SPX,I,CBOE,1391612
2021/11/19,SPX,I,CBOE,1722693
2021/11/22,SPX,I,CBOE,2054790
2021/11/23,SPX,I,CBOE,1387982
2021/11/24,SPX,I,CBOE,1571607
2021/11/26,SPX,I,CBOE,1683724
2021/11/29,SPX,I,CBOE,1774974
2021/11/30,SPX,I,CBOE,1794016
2021/12/01,SPX,I,CBOE,2260827
2021/12/02,SPX,I,CBOE,1452264
2021/12/03,SPX,I,CBOE,2185043
2021/12/06,SPX,I,CBOE,1914150
2021/12/07,SPX,I,CBOE,1531872
2021/12/08,SPX,I,CBOE,1371104
2021/12/09,SPX,I,CBOE,1143602
2021/12/10,SPX,I,CBOE,1747647
2021/12/13,SPX,I,CBOE,1561393
2021/12/14,SPX,I,CBOE,1427817
2021/12/15,SPX,I,CBOE,1759216
2021/12/16,SPX,I,CBOE,1693325
2021/12/17,SPX,I,CBOE,1880717
2021/12/20,SPX,I,CBOE,1642521
2021/12/21,SPX,I,CBOE,1399461
2021/12/22,SPX,I,CBOE,1434154
2021/12/23,SPX,I,CBOE,1444158
2021/12/27,SPX,I,CBOE,1508648
2021/12/28,SPX,I,CBOE,1040599
2021/12/29,SPX,I,CBOE,1170969
2021/12/30,SPX,I,CBOE,1032966
2021/12/31,SPX,I,CBOE,1638703
2022/01/03,SPX,I,CBOE,1446963
2022/01/04,SPX,I,CBOE,1200419
2022/01/05,SPX,I,CBOE,1989216
2022/01/06,SPX,I,CBOE,1299409
2022/01/07,SPX,I,CBOE,1651386
2022/01/10,SPX,I,CBOE,2145412
2022/01/11,SPX,I,CBOE,1232889
2022/01/12,SPX,I,CBOE,1634364
2022/01/13,SPX,I,CBOE,1214367
2022/01/14,SPX,I,CBOE,1813770
2022/01/18,SPX,I,CBOE,1935152
2022/01/19,SPX,I,CBOE,1995815
2022/01/20,SPX,I,CBOE,1886731
2022/01/21,SPX,I,CBOE,2600818
2022/01/24,SPX,I,CBOE,3043563
2022/01/25,SPX,I,CBOE,1767693
2022/01/26,SPX,I,CBOE,1930532
2022/01/27,SPX,I,CBOE,1468205
2022/01/28,SPX,I,CBOE,2097562
2022/01/31,SPX,I,CBOE,2153011
2022/02/01,SPX,I,CBOE,1240866
2022/02/02,SPX,I,CBOE,1689307
2022/02/03,SPX,I,CBOE,1251217
2022/02/04,SPX,I,CBOE,1754455
2022/02/07,SPX,I,CBOE,1540603
2022/02/08,SPX,I,CBOE,1160182
2022/02/09,SPX,I,CBOE,1684070
2022/02/10,SPX,I,CBOE,1510434
2022/02/11,SPX,I,CBOE,2250878
2022/02/14,SPX,I,CBOE,1851362
2022/02/15,SPX,I,CBOE,1331298
2022/02/16,SPX,I,CBOE,1630897
2022/02/17,SPX,I,CBOE,1629167
2022/02/18,SPX,I,CBOE,2048877
2022/02/22,SPX,I,CBOE,2002855
2022/02/23,SPX,I,CBOE,2065558
2022/02/24,SPX,I,CBOE,1986143
2022/02/25,SPX,I,CBOE,2232845
2022/02/28,SPX,I,CBOE,1791043
2022/03/01,SPX,I,CBOE,1374238
2022/03/02,SPX,I,CBOE,1635216
2022/03/03,SPX,I,CBOE,1149073
2022/03/04,SPX,I,CBOE,1829482
2022/03/07,SPX,I,CBOE,1845906
2022/03/08,SPX,I,CBOE,1540516
2022/03/09,SPX,I,CBOE,1724712
2022/03/10,SPX,I,CBOE,1410030
2022/03/11,SPX,I,CBOE,1892136
2022/03/14,SPX,I,CBOE,1785284
2022/03/15,SPX,I,CBOE,1436698
2022/03/16,SPX,I,CBOE,2002261
2022/03/17,SPX,I,CBOE,1515769
2022/03/18,SPX,I,CBOE,1864218
2022/03/21,SPX,I,CBOE,1762908
2022/03/22,SPX,I,CBOE,1529621
2022/03/23,SPX,I,CBOE,1485778
2022/03/24,SPX,I,CBOE,1117985
2022/03/25,SPX,I,CBOE,1915173
2022/03/28,SPX,I,CBOE,1782742
2022/03/29,SPX,I,CBOE,1661148
2022/03/30,SPX,I,CBOE,1738031
2022/03/31,SPX,I,CBOE,2044263
2022/04/01,SPX,I,CBOE,1951284
2022/04/04,SPX,I,CBOE,1481428
2022/04/05,SPX,I,CBOE,1280526
2022/04/06,SPX,I,CBOE,1900379
2022/04/07,SPX,I,CBOE,1178721
2022/04/08,SPX,I,CBOE,1648634
2022/04/11,SPX,I,CBOE,1761813
2022/04/12,SPX,I,CBOE,1521089
2022/04/13,SPX,I,CBOE,1928941
2022/04/14,SPX,I,CBOE,1842215
2022/04/18,SPX,I,CBOE,1654927
2022/04/19,SPX,I,CBOE,1294932
2022/04/20,SPX,I,CBOE,1591732
2022/04/21,SPX,I,CBOE,1582343
2022/04/22,SPX,I,CBOE,2580341
2022/04/25,SPX,I,CBOE,2531765
2022/04/26,SPX,I,CBOE,1988705
2022/04/27,SPX,I,CBOE,2101122
2022/04/28,SPX,I,CBOE,1530482
2022/04/29,SPX,I,CBOE,2390119
2022/05/02,SPX,I,CBOE,2502338
2022/05/03,SPX,I,CBOE,1719828
2022/05/04,SPX,I,CBOE,1920752
2022/05/05,SPX,I,CBOE,1737340
2022/05/06,SPX,I,CBOE,2162074
2022/05/09,SPX,I,CBOE,2233867
2022/05/10,SPX,I,CBOE,2214675
2022/05/11,SPX,I,CBOE,2232209
2022/05/12,SPX,I,CBOE,2125065
2022/05/13,SPX,I,CBOE,2351374
2022/05/16,SPX,I,CBOE,2010125
2022/05/17,SPX,I,CBOE,1957103
2022/05/18,SPX,I,CBOE,2702447
2022/05/19,SPX,I,CBOE,2454921
2022/05/20,SPX,I,CBOE,2748054
2022/05/23,SPX,I,CBOE,2059364
2022/05/24,SPX,I,CBOE,1842536
2022/05/25,SPX,I,CBOE,1868859
2022/05/26,SPX,I,CBOE,2074504
2022/05/27,SPX,I,CBOE,2444681
2022/05/31,SPX,I,CBOE,2162687
2022/06/01,SPX,I,CBOE,2180833
2022/06/02,SPX,I,CBOE,1983062
2022/06/03,SPX,I,CBOE,1905073
2022/06/06,SPX,I,CBOE,1715362
2022/06/07,SPX,I,CBOE,1899494
2022/06/08,SPX,I,CBOE,1797204
2022/06/09,SPX,I,CBOE,2138715
2022/06/10,SPX,I,CBOE,2951523
2022/06/13,SPX,I,CBOE,3138595
2022/06/14,SPX,I,CBOE,2698043
2022/06/15,SPX,I,CBOE,2293009
2022/06/16,SPX,I,CBOE,3115536
2022/06/17,SPX,I,CBOE,2501627
2022/06/21,SPX,I,CBOE,2120169
2022/06/22,SPX,I,CBOE,2169839
2022/06/23,SPX,I,CBOE,1980845
2022/06/24,SPX,I,CBOE,2581085
2022/06/27,SPX,I,CBOE,1830493
2022/06/28,SPX,I,CBOE,2380948
2022/06/29,SPX,I,CBOE,2059841
2022/06/30,SPX,I,CBOE,2526091
2022/07/01,SPX,I,CBOE,2049345
2022/07/05,SPX,I,CBOE,2097581
2022/07/06,SPX,I,CBOE,1768834
2022/07/07,SPX,I,CBOE,1835767
2022/07/08,SPX,I,CBOE,2070829
2022/07/11,SPX,I,CBOE,1721787
2022/07/12,SPX,I,CBOE,1907403
2022/07/13,SPX,I,CBOE,2346401
2022/07/14,SPX,I,CBOE,2483975
2022/07/15,SPX,I,CBOE,2032858
2022/07/18,SPX,I,CBOE,2041961
2022/07/19,SPX,I,CBOE,2492080
2022/07/20,SPX,I,CBOE,2378712
2022/07/21,SPX,I,CBOE,2068577
2022/07/22,SPX,I,CBOE,2220554
2022/07/25,SPX,I,CBOE,1670612
2022/07/26,SPX,I,CBOE,1671919
2022/07/27,SPX,I,CBOE,2005524
2022/07/28,SPX,I,CBOE,2480155
2022/07/29,SPX,I,CBOE,2671997
2022/08/01,SPX,I,CBOE,2114860
2022/08/02,SPX,I,CBOE,2123688
2022/08/03,SPX,I,CBOE,2217051
2022/08/04,SPX,I,CBOE,1777302
2022/08/05,SPX,I,CBOE,2157774
2022/08/08,SPX,I,CBOE,2129277
2022/08/09,SPX,I,CBOE,1613187
2022/08/10,SPX,I,CBOE,2441523
2022/08/11,SPX,I,CBOE,2539391
2022/08/12,SPX,I,CBOE,2275615
2022/08/15,SPX,I,CBOE,2209047
