Date,VIX,VVIX
2017-01-17,11.87,92.389999
2017-01-18,12.48,87.059998
2017-01-19,12.78,86.839996
2017-01-20,11.54,83.629997
2017-01-23,11.77,84.510002
2017-01-24,11.07,79.050003
2017-01-25,10.81,78.660004
2017-01-26,10.63,79.650002
2017-01-27,10.58,83.629997
2017-01-30,11.88,92.040001
2017-01-31,11.99,89.830002
2017-02-01,11.81,87.75
2017-02-02,11.93,89.730003
2017-02-03,10.97,88.970001
2017-02-06,11.37,90.019997
2017-02-07,11.29,89.610001
2017-02-08,11.45,94.580002
2017-02-09,10.88,89.589996
2017-02-10,10.85,85.769997
2017-02-13,11.07,80.839996
2017-02-14,10.74,78.349998
2017-02-15,11.97,81.120003
2017-02-16,11.76,79.660004
2017-02-17,11.49,81.25
2017-02-21,11.57,82.449997
2017-02-22,11.74,81.529999
2017-02-23,11.71,82.199997
2017-02-24,11.47,83.309998
2017-02-27,12.09,85.690002
2017-02-28,12.92,88.080002
2017-03-01,12.54,84.029999
2017-03-02,11.81,83.610001
2017-03-03,10.96,81.190002
2017-03-06,11.24,81.440002
2017-03-07,11.45,81.43
2017-03-08,11.86,82.5
2017-03-09,12.3,83.639999
2017-03-10,11.66,80.269997
2017-03-13,11.35,81.57
2017-03-14,12.3,85.879997
2017-03-15,11.63,80.760002
2017-03-16,11.21,75.959999
2017-03-17,11.28,78.660004
2017-03-20,11.34,77.160004
2017-03-21,12.47,83.019997
2017-03-22,12.81,83.800003
2017-03-23,13.12,88.93
2017-03-24,12.96,89.739998
2017-03-27,12.5,84.860001
2017-03-28,11.53,79.269997
2017-03-29,11.42,78.260002
2017-03-30,11.54,77.870003
2017-03-31,12.37,78.309998
2017-04-03,12.38,82.959999
2017-04-04,11.79,79.669998
2017-04-05,12.89,86.589996
2017-04-06,12.39,83.910004
2017-04-07,12.87,89.389999
2017-04-10,14.05,97.900002
2017-04-11,15.07,103.739998
2017-04-12,15.77,111.529999
2017-04-13,15.96,115.540001
2017-04-17,14.66,101.489998
2017-04-18,14.42,99.519997
2017-04-19,14.93,97.889999
2017-04-20,14.15,94.529999
2017-04-21,14.63,95.410004
2017-04-24,10.84,78.169998
2017-04-25,10.76,75.639999
2017-04-26,10.85,76.639999
2017-04-27,10.36,76.660004
2017-04-28,10.82,77.089996
2017-05-01,10.11,78.330002
2017-05-02,10.59,79.330002
2017-05-03,10.68,78.769997
2017-05-04,10.46,78.0
2017-05-05,10.57,80.650002
2017-05-08,9.77,81.379997
2017-05-09,9.96,83.629997
2017-05-10,10.21,87.489998
2017-05-11,10.6,86.510002
2017-05-12,10.4,82.5
2017-05-15,10.42,79.529999
2017-05-16,10.65,76.760002
2017-05-17,15.59,111.480003
2017-05-18,14.66,104.120003
2017-05-19,12.04,87.209999
2017-05-22,10.93,83.470001
2017-05-23,10.72,84.190002
2017-05-24,10.02,81.910004
2017-05-25,9.99,82.199997
2017-05-26,9.81,81.809998
2017-05-30,10.38,84.300003
2017-05-31,10.41,84.519997
2017-06-01,9.89,83.830002
2017-06-02,9.75,83.620003
2017-06-05,10.07,86.080002
2017-06-06,10.45,89.150002
2017-06-07,10.39,88.220001
2017-06-08,10.16,83.279999
2017-06-09,10.7,87.410004
2017-06-12,11.46,91.209999
2017-06-13,10.42,86.660004
2017-06-14,10.64,89.970001
2017-06-15,10.9,89.949997
2017-06-16,10.38,87.0
2017-06-19,10.37,85.269997
2017-06-20,10.86,89.190002
2017-06-21,10.75,88.07
2017-06-22,10.48,86.379997
2017-06-23,10.02,84.519997
2017-06-26,9.9,81.940002
2017-06-27,11.06,87.300003
2017-06-28,10.03,84.239998
2017-06-29,11.44,93.779999
2017-06-30,11.18,90.43
2017-07-03,11.22,93.309998
2017-07-05,11.07,91.980003
2017-07-06,12.54,100.209999
2017-07-07,11.19,92.5
2017-07-10,11.11,89.690002
2017-07-11,10.89,88.230003
2017-07-12,10.3,88.190002
2017-07-13,9.9,85.68
2017-07-14,9.51,82.199997
2017-07-17,9.82,80.269997
2017-07-18,9.89,79.139999
2017-07-19,9.79,77.959999
2017-07-20,9.58,76.260002
2017-07-21,9.36,77.860001
2017-07-24,9.43,78.239998
2017-07-25,9.43,79.169998
2017-07-26,9.6,82.339996
2017-07-27,10.11,86.870003
2017-07-28,10.29,87.199997
2017-07-31,10.26,86.760002
2017-08-01,10.09,84.550003
2017-08-02,10.28,86.889999
2017-08-03,10.44,87.660004
2017-08-04,10.03,87.389999
2017-08-07,9.93,90.010002
2017-08-08,10.96,98.68
2017-08-09,11.11,106.769997
2017-08-10,16.04,135.320007
2017-08-11,15.51,127.43
2017-08-14,12.33,100.599998
2017-08-15,12.04,96.709999
2017-08-16,11.74,94.82
2017-08-17,15.55,117.769997
2017-08-18,14.26,114.389999
2017-08-21,13.19,101.389999
2017-08-22,11.35,92.699997
2017-08-23,12.25,98.959999
2017-08-24,12.23,100.260002
2017-08-25,11.28,95.529999
2017-08-28,11.32,96.419998
2017-08-29,11.7,98.790001
2017-08-30,11.22,98.900002
2017-08-31,10.59,94.860001
2017-09-01,10.13,93.599998
2017-09-05,12.23,102.660004
2017-09-06,11.63,99.610001
2017-09-07,11.55,96.290001
2017-09-08,12.12,100.120003
2017-09-11,10.73,93.660004
2017-09-12,10.58,92.389999
2017-09-13,10.5,90.889999
2017-09-14,10.44,92.089996
2017-09-15,10.17,90.629997
2017-09-18,10.15,90.459999
2017-09-19,10.18,91.220001
2017-09-20,9.78,90.910004
2017-09-21,9.67,92.32
2017-09-22,9.59,93.290001
2017-09-25,10.21,96.400002
2017-09-26,10.17,94.809998
2017-09-27,9.87,95.360001
2017-09-28,9.55,94.099998
2017-09-29,9.51,93.139999
2017-10-02,9.45,92.480003
2017-10-03,9.51,91.589996
2017-10-04,9.63,92.120003
2017-10-05,9.19,91.790001
2017-10-06,9.65,97.089996
2017-10-09,10.33,101.830002
2017-10-10,10.08,97.330002
2017-10-11,9.85,99.220001
2017-10-12,9.91,97.769997
2017-10-13,9.61,97.800003
2017-10-16,9.91,97.650002
2017-10-17,10.31,98.739998
2017-10-18,10.07,94.339996
2017-10-19,10.05,93.330002
2017-10-20,9.97,90.529999
2017-10-23,11.07,97.089996
2017-10-24,11.16,98.43
2017-10-25,11.23,100.160004
2017-10-26,11.3,97.730003
2017-10-27,9.8,92.779999
2017-10-30,10.5,95.190002
2017-10-31,10.18,92.010002
2017-11-01,10.2,92.0
2017-11-02,9.93,91.480003
2017-11-03,9.14,89.68
2017-11-06,9.4,91.25
2017-11-07,9.89,93.449997
2017-11-08,9.78,97.739998
2017-11-09,10.5,98.82
2017-11-10,11.29,104.760002
2017-11-13,11.5,106.300003
2017-11-14,11.59,103.18
2017-11-15,13.13,106.269997
2017-11-16,11.76,100.150002
2017-11-17,11.43,97.120003
2017-11-20,10.65,93.760002
2017-11-21,9.73,89.269997
2017-11-22,9.88,86.419998
2017-11-24,9.67,86.32
2017-11-27,9.87,86.580002
2017-11-28,10.03,85.730003
2017-11-29,10.7,89.57
2017-11-30,11.28,89.940002
2017-12-01,11.43,95.029999
2017-12-04,11.68,97.57
2017-12-05,11.33,97.949997
2017-12-06,11.02,98.169998
2017-12-07,10.16,95.830002
2017-12-08,9.58,91.889999
2017-12-11,9.34,92.059998
2017-12-12,9.92,93.269997
2017-12-13,10.18,95.559998
2017-12-14,10.49,96.07
2017-12-15,9.42,92.199997
2017-12-18,9.53,90.639999
2017-12-19,10.03,93.580002
2017-12-20,9.72,92.860001
2017-12-21,9.62,92.209999
2017-12-22,9.9,94.900002
2017-12-26,10.25,97.559998
2017-12-27,10.47,97.080002
2017-12-28,10.18,97.25
2017-12-29,11.04,100.760002
2018-01-02,9.77,97.360001
2018-01-03,9.15,94.400002
2018-01-04,9.22,94.209999
2018-01-05,9.22,93.099998
2018-01-08,9.52,93.970001
2018-01-09,10.08,94.739998
2018-01-10,9.82,93.699997
2018-01-11,9.88,92.239998
2018-01-12,10.16,92.220001
2018-01-16,11.66,106.489998
2018-01-17,11.91,102.629997
2018-01-18,12.22,103.68
2018-01-19,11.27,101.589996
2018-01-22,11.03,99.68
2018-01-23,11.1,98.589996
2018-01-24,11.47,99.769997
2018-01-25,11.58,101.779999
2018-01-26,11.08,98.650002
2018-01-29,13.84,110.010002
2018-01-30,14.79,113.480003
2018-01-31,13.54,108.410004
2018-02-01,13.47,105.769997
2018-02-02,17.31,125.510002
2018-02-05,37.32,177.339996
2018-02-06,29.98,161.119995
2018-02-07,27.73,159.029999
2018-02-08,33.46,180.610001
2018-02-09,29.06,167.279999
2018-02-12,25.61,140.800003
2018-02-13,24.97,136.580002
2018-02-14,19.26,124.489998
2018-02-15,19.13,122.760002
2018-02-16,19.46,121.199997
2018-02-20,20.6,122.580002
2018-02-21,20.02,125.730003
2018-02-22,18.72,116.980003
2018-02-23,16.49,110.190002
2018-02-26,15.8,107.68
2018-02-27,18.59,119.5
2018-02-28,19.85,121.699997
2018-03-01,22.47,128.139999
2018-03-02,19.59,114.779999
2018-03-05,18.73,109.660004
2018-03-06,18.36,104.610001
2018-03-07,17.76,99.489998
2018-03-08,16.54,96.919998
2018-03-09,14.64,99.709999
2018-03-12,15.78,104.940002
2018-03-13,16.35,107.040001
2018-03-14,17.23,110.290001
2018-03-15,16.59,109.279999
2018-03-16,15.8,106.489998
2018-03-19,19.02,112.919998
2018-03-20,18.2,107.129997
2018-03-21,17.86,106.599998
2018-03-22,23.34,125.120003
2018-03-23,24.87,129.820007
2018-03-26,21.03,113.080002
2018-03-27,22.5,118.610001
2018-03-28,22.87,114.019997
2018-03-29,19.97,103.32
2018-04-02,23.62,111.669998
2018-04-03,21.1,102.059998
2018-04-04,20.06,95.440002
2018-04-05,18.94,92.209999
2018-04-06,21.49,98.599998
2018-04-09,21.77,100.239998
2018-04-10,20.47,98.209999
2018-04-11,20.24,100.019997
2018-04-12,18.49,98.080002
2018-04-13,17.41,93.940002
2018-04-16,16.56,93.220001
2018-04-17,15.25,89.589996
2018-04-18,15.6,92.410004
2018-04-19,15.96,95.379997
2018-04-20,16.88,99.209999
2018-04-23,16.34,96.870003
2018-04-24,18.02,100.809998
2018-04-25,17.84,97.800003
2018-04-26,16.24,90.709999
2018-04-27,15.41,92.150002
2018-04-30,15.93,94.300003
2018-05-01,15.49,89.970001
2018-05-02,15.97,93.790001
2018-05-03,15.9,91.07
2018-05-04,14.77,88.120003
2018-05-07,14.75,90.709999
2018-05-08,14.71,89.5
2018-05-09,13.42,93.889999
2018-05-10,13.23,93.019997
2018-05-11,12.65,90.029999
2018-05-14,12.93,92.620003
2018-05-15,14.63,99.18
2018-05-16,13.42,94.790001
2018-05-17,13.43,93.480003
2018-05-18,13.42,94.760002
2018-05-21,13.08,91.040001
2018-05-22,13.22,90.470001
2018-05-23,12.58,89.800003
2018-05-24,12.53,90.639999
2018-05-25,13.22,93.779999
2018-05-29,17.02,108.669998
2018-05-30,14.94,99.080002
2018-05-31,15.43,100.629997
2018-06-01,13.46,93.300003
2018-06-04,12.74,90.830002
2018-06-05,12.4,89.839996
2018-06-06,11.64,88.120003
2018-06-07,12.13,91.279999
2018-06-08,12.18,93.489998
2018-06-11,12.35,94.540001
2018-06-12,12.34,95.709999
2018-06-13,12.94,100.010002
2018-06-14,12.12,98.209999
2018-06-15,11.98,101.660004
2018-06-18,12.31,99.870003
2018-06-19,13.35,104.129997
2018-06-20,12.79,98.510002
2018-06-21,14.64,107.449997
2018-06-22,13.77,102.489998
2018-06-25,17.33,114.32
2018-06-26,15.92,107.519997
2018-06-27,17.91,112.75
2018-06-28,16.85,108.879997
2018-06-29,16.09,105.970001
2018-07-02,15.6,104.800003
2018-07-03,16.14,108.5
2018-07-05,14.97,103.220001
2018-07-06,13.37,95.739998
2018-07-09,12.69,94.160004
2018-07-10,12.64,91.959999
2018-07-11,13.63,104.5
2018-07-12,12.58,100.82
2018-07-13,12.18,99.809998
2018-07-16,12.83,100.949997
2018-07-17,12.06,98.559998
2018-07-18,12.1,98.080002
2018-07-19,12.87,100.580002
2018-07-20,12.86,102.760002
2018-07-23,12.62,102.040001
2018-07-24,12.41,98.68
2018-07-25,12.29,94.199997
2018-07-26,12.14,91.660004
2018-07-27,13.03,97.150002
2018-07-30,14.26,101.410004
2018-07-31,12.83,94.129997
2018-08-01,13.15,95.279999
2018-08-02,12.19,91.660004
2018-08-03,11.64,86.599998
2018-08-06,11.27,84.660004
2018-08-07,10.93,83.209999
2018-08-08,10.85,84.419998
2018-08-09,11.27,88.690002
2018-08-10,13.16,99.07
2018-08-13,14.78,107.779999
2018-08-14,13.31,100.339996
2018-08-15,14.64,111.129997
2018-08-16,13.45,103.489998
2018-08-17,12.64,101.809998
2018-08-20,12.49,100.769997
2018-08-21,12.86,101.559998
2018-08-22,12.25,95.720001
2018-08-23,12.41,95.919998
2018-08-24,11.99,93.949997
2018-08-27,12.16,93.389999
2018-08-28,12.5,92.309998
2018-08-29,12.25,91.099998
2018-08-30,13.53,95.110001
2018-08-31,12.86,92.730003
2018-09-04,13.16,95.230003
2018-09-05,13.91,97.940002
2018-09-06,14.65,101.360001
2018-09-07,14.88,102.379997
2018-09-10,14.16,100.379997
2018-09-11,13.22,96.440002
2018-09-12,13.14,97.239998
2018-09-13,12.37,91.059998
2018-09-14,12.07,88.07
2018-09-17,13.68,96.339996
2018-09-18,12.79,92.489998
2018-09-19,11.75,88.18
2018-09-20,11.8,87.309998
2018-09-21,11.68,90.199997
2018-09-24,12.2,91.510002
2018-09-25,12.42,91.07
2018-09-26,12.89,91.559998
2018-09-27,12.41,87.660004
2018-09-28,12.12,87.309998
2018-10-01,12.0,86.970001
2018-10-02,12.05,88.120003
2018-10-03,11.61,85.800003
2018-10-04,14.22,99.440002
2018-10-05,14.82,102.629997
2018-10-08,15.69,102.739998
2018-10-09,15.95,103.919998
2018-10-10,22.96,135.610001
2018-10-11,24.98,129.300003
2018-10-12,21.31,124.809998
2018-10-15,21.3,118.779999
2018-10-16,17.62,111.779999
2018-10-17,17.4,109.279999
2018-10-18,20.06,116.82
2018-10-19,19.89,114.949997
2018-10-22,19.64,112.150002
2018-10-23,20.71,108.709999
2018-10-24,25.23,118.580002
2018-10-25,24.22,113.910004
2018-10-26,24.16,110.489998
2018-10-29,24.7,110.389999
2018-10-30,23.35,106.080002
2018-10-31,21.23,102.900002
2018-11-01,19.34,99.57
2018-11-02,19.51,102.379997
2018-11-05,19.96,101.830002
2018-11-06,19.91,102.480003
2018-11-07,16.36,95.75
2018-11-08,16.72,95.400002
2018-11-09,17.36,100.550003
2018-11-12,20.45,107.769997
2018-11-13,20.02,105.32
2018-11-14,21.25,111.419998
2018-11-15,19.98,107.379997
2018-11-16,18.14,101.93
2018-11-19,20.1,107.129997
2018-11-20,22.48,107.610001
2018-11-21,20.8,100.269997
2018-11-23,21.52,99.290001
2018-11-26,18.9,92.169998
2018-11-27,19.02,91.540001
2018-11-28,18.49,93.550003
2018-11-29,18.79,93.360001
2018-11-30,18.07,93.589996
2018-12-03,16.44,85.870003
2018-12-04,20.74,96.57
2018-12-06,21.19,93.849998
2018-12-07,23.23,96.489998
2018-12-10,22.64,91.779999
2018-12-11,21.76,89.769997
2018-12-12,21.46,91.410004
2018-12-13,20.65,93.0
2018-12-14,21.63,96.449997
2018-12-17,24.52,101.550003
2018-12-18,25.58,103.639999
2018-12-19,25.58,105.050003
2018-12-20,28.38,109.650002
2018-12-21,30.11,106.610001
2018-12-24,36.07,111.879997
2018-12-26,30.41,97.32
2018-12-27,29.96,95.889999
2018-12-28,28.34,91.239998
2018-12-31,25.42,87.110001
2019-01-02,23.22,81.660004
2019-01-03,25.45,83.800003
2019-01-04,21.38,84.440002
2019-01-07,21.4,82.739998
2019-01-08,20.47,82.410004
2019-01-09,19.98,86.620003
2019-01-10,19.5,86.349998
2019-01-11,18.19,83.849998
2019-01-14,19.07,83.010002
2019-01-15,18.6,81.389999
2019-01-16,19.04,83.339996
2019-01-17,18.06,82.790001
2019-01-18,17.8,82.489998
2019-01-22,20.8,93.809998
2019-01-23,19.52,88.449997
2019-01-24,18.89,84.889999
2019-01-25,17.42,83.379997
2019-01-28,18.87,86.440002
2019-01-29,19.13,86.839996
2019-01-30,17.66,82.389999
2019-01-31,16.57,79.239998
2019-02-01,16.14,80.0
2019-02-04,15.73,77.360001
2019-02-05,15.57,80.620003
2019-02-06,15.38,84.989998
2019-02-07,16.37,85.010002
2019-02-08,15.72,82.699997
2019-02-11,15.97,82.769997
2019-02-12,15.43,81.629997
2019-02-13,15.65,80.269997
2019-02-14,16.22,81.639999
2019-02-15,14.91,80.449997
2019-02-19,14.88,78.639999
2019-02-20,14.02,75.589996
2019-02-21,14.46,76.639999
2019-02-22,13.51,74.980003
2019-02-25,14.85,79.349998
2019-02-26,15.17,80.529999
2019-02-27,14.7,80.370003
2019-02-28,14.7,80.0
2019-03-01,13.57,79.269997
2019-03-04,14.63,82.339996
2019-03-05,14.74,82.459999
2019-03-06,15.74,86.099998
2019-03-07,16.59,88.699997
2019-03-08,16.05,87.239998
2019-03-11,14.33,81.230003
2019-03-12,13.77,83.059998
2019-03-13,13.41,82.760002
2019-03-14,13.5,82.559998
2019-03-15,12.88,82.940002
2019-03-18,13.1,85.519997
2019-03-19,13.56,87.360001
2019-03-20,13.91,86.629997
2019-03-21,13.63,83.889999
2019-03-22,16.48,98.5
2019-03-25,16.33,97.199997
2019-03-26,14.68,89.849998
2019-03-27,15.15,91.339996
2019-03-28,14.43,87.949997
2019-03-29,13.71,85.82
2019-04-01,13.4,84.93
2019-04-02,13.36,83.279999
2019-04-03,13.74,84.230003
2019-04-04,13.58,82.150002
2019-04-05,12.82,79.099998
2019-04-08,13.18,81.860001
2019-04-09,14.28,88.139999
2019-04-10,13.3,89.489998
2019-04-11,13.02,88.059998
2019-04-12,12.01,84.980003
2019-04-15,12.32,84.169998
2019-04-16,12.18,83.580002
2019-04-17,12.6,85.550003
2019-04-18,12.09,84.410004
2019-04-22,12.42,83.269997
2019-04-23,12.28,81.43
2019-04-24,13.14,85.169998
2019-04-25,13.25,86.940002
2019-04-26,12.73,84.089996
2019-04-29,13.11,86.080002
2019-04-30,13.12,88.559998
2019-05-01,14.8,95.75
2019-05-02,14.42,93.019997
2019-05-03,12.87,86.230003
2019-05-06,15.44,94.849998
2019-05-07,19.32,111.540001
2019-05-08,19.4,106.480003
2019-05-09,19.1,102.919998
2019-05-10,16.04,96.010002
2019-05-13,20.55,105.599998
2019-05-14,18.06,97.260002
2019-05-15,16.44,94.529999
2019-05-16,15.29,94.230003
2019-05-17,15.96,99.120003
2019-05-20,16.31,96.830002
2019-05-21,14.95,92.379997
2019-05-22,14.75,89.300003
2019-05-23,16.92,94.980003
2019-05-24,15.85,90.190002
2019-05-28,17.5,95.080002
2019-05-29,17.9,93.830002
2019-05-30,17.3,92.779999
2019-05-31,18.71,96.720001
2019-06-03,18.86,96.029999
2019-06-04,16.97,88.93
2019-06-05,16.09,86.720001
2019-06-06,15.93,86.110001
2019-06-07,16.3,86.0
2019-06-10,15.94,83.860001
2019-06-11,15.99,84.949997
2019-06-12,15.91,86.199997
2019-06-13,15.82,84.730003
2019-06-14,15.28,82.57
2019-06-17,15.35,83.480003
2019-06-18,15.15,87.370003
2019-06-19,14.33,84.580002
2019-06-20,14.75,81.209999
2019-06-21,15.4,83.139999
2019-06-24,15.26,82.589996
2019-06-25,16.28,85.160004
2019-06-26,16.21,85.360001
2019-06-27,15.82,86.519997
2019-06-28,15.08,85.779999
2019-07-01,14.06,79.580002
2019-07-02,12.93,78.220001
2019-07-03,12.57,80.040001
2019-07-08,13.96,83.660004
2019-07-09,14.09,82.309998
2019-07-10,13.03,85.970001
2019-07-11,12.93,88.199997
2019-07-12,12.39,86.139999
2019-07-15,12.68,86.199997
2019-07-16,12.86,88.25
2019-07-17,13.97,90.349998
2019-07-18,13.53,84.040001
2019-07-19,14.45,86.769997
2019-07-22,13.53,81.220001
2019-07-23,12.61,78.989998
2019-07-24,12.07,83.889999
2019-07-25,12.74,84.300003
2019-07-26,12.16,83.110001
2019-07-29,12.83,88.160004
2019-07-30,13.94,91.580002
2019-07-31,16.12,96.279999
2019-08-01,17.87,105.470001
2019-08-02,17.61,102.690002
2019-08-05,24.59,114.400002
2019-08-06,20.17,107.449997
2019-08-07,19.49,104.269997
2019-08-08,16.91,98.660004
2019-08-09,17.97,101.519997
2019-08-12,21.09,105.309998
2019-08-13,17.52,102.209999
2019-08-14,22.1,113.989998
2019-08-15,21.18,112.260002
2019-08-16,18.47,110.32
2019-08-19,16.88,101.220001
2019-08-20,17.5,104.769997
2019-08-21,15.8,98.029999
2019-08-22,16.68,100.940002
2019-08-23,19.87,111.370003
2019-08-26,19.32,106.269997
2019-08-27,20.31,106.489998
2019-08-28,19.35,103.949997
2019-08-29,17.88,99.800003
2019-08-30,18.98,102.660004
2019-09-03,19.66,102.190002
2019-09-04,17.33,97.300003
2019-09-05,16.27,95.510002
2019-09-06,15.0,94.400002
2019-09-09,15.27,94.5
2019-09-10,15.2,93.849998
2019-09-11,14.61,97.790001
2019-09-12,14.22,95.940002
2019-09-13,13.74,98.93
2019-09-16,14.67,101.730003
2019-09-17,14.44,101.669998
2019-09-18,13.95,99.089996
2019-09-19,14.05,97.300003
2019-09-20,15.32,101.029999
2019-09-23,14.91,97.599998
2019-09-24,17.05,104.959999
2019-09-25,15.96,99.68
2019-09-26,16.07,100.309998
2019-09-27,17.22,103.199997
2019-09-30,16.24,97.620003
2019-10-01,18.56,102.739998
2019-10-02,20.56,103.809998
2019-10-03,19.12,98.199997
2019-10-04,17.04,95.190002
2019-10-07,17.86,97.040001
2019-10-08,20.28,102.269997
2019-10-09,18.64,101.25
2019-10-10,17.57,99.660004
2019-10-11,15.58,97.699997
2019-10-14,14.57,94.43
2019-10-15,13.54,93.980003
2019-10-16,13.68,93.160004
2019-10-17,13.79,90.269997
2019-10-18,14.25,91.199997
2019-10-21,14.0,88.099998
2019-10-22,14.46,89.32
2019-10-23,14.01,87.589996
2019-10-24,13.71,86.550003
2019-10-25,12.65,83.82
2019-10-28,13.11,86.480003
2019-10-29,13.2,87.75
2019-10-30,12.33,86.470001
2019-10-31,13.22,88.919998
2019-11-01,12.3,85.690002
2019-11-04,12.83,88.75
2019-11-05,13.1,90.980003
2019-11-06,12.62,89.589996
2019-11-07,12.73,90.150002
2019-11-08,12.07,89.059998
2019-11-11,12.69,89.559998
2019-11-12,12.68,90.349998
2019-11-13,13.0,93.5
2019-11-14,13.05,93.449997
2019-11-15,12.05,93.349998
2019-11-18,12.46,93.989998
2019-11-19,12.86,95.949997
2019-11-20,12.78,95.360001
2019-11-21,13.13,96.089996
2019-11-22,12.34,94.400002
2019-11-25,11.87,90.239998
2019-11-26,11.54,89.879997
2019-11-27,11.75,90.199997
2019-11-29,12.62,91.050003
2019-12-02,14.91,98.910004
2019-12-03,15.96,102.650002
2019-12-04,14.8,98.720001
2019-12-05,14.52,98.120003
2019-12-06,13.62,96.519997
2019-12-09,15.86,101.889999
2019-12-10,15.68,101.029999
2019-12-11,14.99,104.82
2019-12-12,13.94,101.300003
2019-12-13,12.63,96.610001
2019-12-16,12.14,94.209999
2019-12-17,12.29,98.559998
2019-12-18,12.58,99.199997
2019-12-19,12.5,97.25
2019-12-20,12.51,99.290001
2019-12-23,12.61,99.82
2019-12-24,12.67,98.830002
2019-12-26,12.65,97.459999
2019-12-27,13.43,99.629997
2019-12-30,14.82,100.019997
2019-12-31,13.78,94.099998
2020-01-02,12.47,89.669998
2020-01-03,14.02,93.790001
2020-01-06,13.85,92.660004
2020-01-07,13.79,91.07
2020-01-08,13.45,90.209999
2020-01-09,12.54,87.809998
2020-01-10,12.56,88.330002
2020-01-13,12.32,88.480003
2020-01-14,12.39,86.870003
2020-01-15,12.42,91.150002
2020-01-16,12.32,90.379997
2020-01-17,12.1,91.75
2020-01-21,12.85,92.980003
2020-01-22,12.91,91.110001
2020-01-23,12.98,92.540001
2020-01-24,14.56,98.43
2020-01-27,18.23,107.389999
2020-01-28,16.28,102.110001
2020-01-29,16.39,99.07
2020-01-30,15.49,96.489998
2020-01-31,18.84,105.599998
2020-02-03,17.97,102.949997
2020-02-04,16.05,96.18
2020-02-05,15.15,92.82
2020-02-06,14.96,93.610001
2020-02-07,15.47,96.010002
2020-02-10,15.04,96.809998
2020-02-11,15.18,96.959999
2020-02-12,13.74,96.650002
2020-02-13,14.15,99.169998
2020-02-14,13.68,98.169998
2020-02-18,14.83,101.019997
2020-02-19,14.38,95.919998
2020-02-20,15.56,99.480003
2020-02-21,17.08,104.860001
2020-02-24,25.03,112.720001
2020-02-25,27.85,121.010002
2020-02-26,27.56,113.440002
2020-02-27,39.16,118.0
2020-02-28,40.11,125.730003
2020-03-02,33.42,114.690002
2020-03-03,36.82,116.720001
2020-03-04,31.99,113.970001
2020-03-05,39.62,119.660004
2020-03-06,41.94,127.160004
2020-03-09,54.46,137.190002
2020-03-10,47.3,138.820007
2020-03-11,53.9,146.929993
2020-03-12,75.47,155.050003
2020-03-13,57.83,171.279999
2020-03-16,82.69,207.589996
2020-03-17,75.91,194.429993
2020-03-18,76.45,181.330002
2020-03-19,72.0,181.759995
2020-03-20,66.04,187.179993
2020-03-23,61.59,167.929993
2020-03-24,61.67,171.910004
2020-03-25,63.95,171.889999
2020-03-26,61.0,169.580002
2020-03-27,65.54,168.710007
2020-03-30,57.08,157.660004
2020-03-31,53.54,152.919998
2020-04-01,57.06,156.990005
2020-04-02,50.91,147.330002
2020-04-03,46.8,143.520004
2020-04-06,45.24,143.300003
2020-04-07,46.7,134.449997
2020-04-08,43.35,141.369995
2020-04-09,41.67,137.75
2020-04-13,41.17,138.679993
2020-04-14,37.76,131.779999
2020-04-15,40.84,135.929993
2020-04-16,40.11,129.550003
2020-04-17,38.15,127.150002
2020-04-20,43.83,132.039993
2020-04-21,45.41,132.220001
2020-04-22,41.98,124.099998
2020-04-23,41.38,121.860001
2020-04-24,35.93,119.879997
2020-04-27,33.29,120.559998
2020-04-28,33.57,117.790001
2020-04-29,31.23,115.980003
2020-04-30,34.15,118.529999
2020-05-01,37.19,122.150002
2020-05-04,35.97,121.25
2020-05-05,33.61,118.870003
2020-05-06,34.12,119.160004
2020-05-07,31.44,115.830002
2020-05-08,27.98,115.650002
2020-05-11,27.57,118.709999
2020-05-12,33.04,130.75
2020-05-13,35.28,142.75
2020-05-14,32.61,137.050003
2020-05-15,31.89,133.020004
2020-05-18,29.3,125.900002
2020-05-19,30.53,125.599998
2020-05-20,27.99,120.040001
2020-05-21,29.53,122.080002
2020-05-22,28.16,118.379997
2020-05-26,28.01,113.589996
2020-05-27,27.62,109.82
2020-05-28,28.59,108.989998
2020-05-29,27.51,105.599998
2020-06-01,28.23,106.470001
2020-06-02,26.84,104.830002
2020-06-03,25.66,106.849998
2020-06-04,25.81,109.879997
2020-06-05,24.52,107.589996
2020-06-08,25.81,110.050003
2020-06-09,27.57,111.0
2020-06-10,27.57,116.529999
2020-06-12,36.09,151.600006
2020-06-15,34.4,141.830002
2020-06-16,33.67,143.240005
2020-06-17,33.47,139.940002
2020-06-18,32.94,135.830002
2020-06-19,35.12,138.350006
2020-06-22,31.77,133.979996
2020-06-23,31.37,130.729996
2020-06-24,33.84,136.889999
2020-06-25,32.22,127.199997
2020-06-26,34.73,128.630005
2020-06-29,31.78,121.32
2020-06-30,30.43,120.760002
2020-07-01,28.62,120.830002
2020-07-02,27.68,115.470001
2020-07-06,27.94,116.57
2020-07-07,29.43,118.120003
2020-07-08,28.08,113.339996
2020-07-09,29.26,115.110001
2020-07-10,27.29,109.709999
2020-07-13,32.19,123.300003
2020-07-14,29.52,112.75
2020-07-15,27.76,113.709999
2020-07-16,28.0,115.620003
2020-07-17,25.68,117.970001
2020-07-20,24.46,112.510002
2020-07-21,24.84,115.459999
2020-07-22,24.32,112.839996
2020-07-23,26.08,116.699997
2020-07-24,25.84,117.220001
2020-07-27,24.74,112.709999
2020-07-28,25.44,113.879997
2020-07-29,24.1,110.949997
2020-07-30,24.76,112.160004
2020-07-31,24.46,112.040001
2020-08-03,24.28,111.019997
2020-08-04,23.76,109.0
2020-08-05,22.99,105.669998
2020-08-06,22.65,105.839996
2020-08-07,22.21,108.18
2020-08-10,22.13,111.129997
2020-08-11,24.03,118.339996
2020-08-12,22.28,115.730003
2020-08-13,22.13,115.18
2020-08-14,22.05,114.349998
2020-08-17,21.35,110.349998
2020-08-18,21.51,112.589996
2020-08-19,22.54,114.720001
2020-08-20,22.72,112.989998
2020-08-21,22.54,111.25
2020-08-24,22.37,108.25
2020-08-25,22.03,103.879997
2020-08-26,23.27,105.800003
2020-08-27,24.47,114.739998
2020-08-28,22.96,111.559998
2020-08-31,26.41,119.010002
2020-09-01,26.12,120.099998
2020-09-02,26.57,122.010002
2020-09-03,33.6,132.910004
2020-09-04,30.75,122.139999
2020-09-08,31.46,123.559998
2020-09-09,28.81,121.540001
2020-09-10,29.71,120.580002
2020-09-11,26.87,113.949997
2020-09-14,25.85,111.269997
2020-09-15,25.59,108.970001
2020-09-16,26.04,103.480003
2020-09-17,26.46,100.370003
2020-09-18,25.83,101.190002
2020-09-21,27.78,108.739998
2020-09-22,26.86,104.690002
2020-09-23,28.58,107.349998
2020-09-24,28.51,102.260002
2020-09-25,26.38,99.639999
2020-09-28,26.19,101.849998
2020-09-29,26.27,96.93
2020-09-30,26.37,101.580002
2020-10-01,26.7,101.0
2020-10-02,27.63,102.720001
2020-10-05,27.96,103.220001
2020-10-06,29.48,106.139999
2020-10-07,28.06,104.190002
2020-10-08,26.36,104.800003
2020-10-09,25.0,109.220001
2020-10-12,25.07,109.68
2020-10-13,26.07,110.970001
2020-10-14,26.4,116.93
2020-10-15,26.97,117.589996
2020-10-16,27.41,115.919998
2020-10-19,29.18,119.760002
2020-10-20,29.35,119.589996
2020-10-21,28.65,117.470001
2020-10-22,28.11,118.599998
2020-10-23,27.55,118.940002
2020-10-26,32.46,133.080002
2020-10-27,33.35,135.320007
2020-10-28,40.28,152.009995
2020-10-29,37.59,147.839996
2020-10-30,38.02,145.240005
2020-11-02,37.13,142.649994
2020-11-03,35.55,136.279999
2020-11-04,29.57,122.120003
2020-11-05,27.58,117.68
2020-11-06,24.86,113.129997
2020-11-09,25.75,116.779999
2020-11-10,24.8,116.050003
2020-11-11,23.45,118.32
2020-11-12,25.35,121.57
2020-11-13,23.1,114.389999
2020-11-16,22.45,115.0
2020-11-17,22.71,116.25
2020-11-18,23.84,117.900002
2020-11-19,23.11,114.150002
2020-11-20,23.7,113.989998
2020-11-23,22.66,109.849998
2020-11-24,21.64,104.559998
2020-11-25,21.25,103.459999
2020-11-27,20.84,106.120003
2020-11-30,20.57,106.120003
2020-12-01,20.77,108.43
2020-12-02,21.17,107.519997
2020-12-03,21.28,107.889999
2020-12-04,20.79,103.720001
2020-12-07,21.3,104.419998
2020-12-08,20.68,102.82
2020-12-09,22.27,113.93
2020-12-10,22.52,114.660004
2020-12-11,23.31,120.769997
2020-12-14,24.72,127.68
2020-12-15,22.89,119.110001
2020-12-16,22.5,111.849998
2020-12-17,21.93,110.209999
2020-12-18,21.57,110.300003
2020-12-21,25.16,121.610001
2020-12-22,24.23,120.57
2020-12-23,23.31,118.309998
2020-12-24,21.53,115.260002
2020-12-28,21.7,114.400002
2020-12-29,23.08,116.269997
2020-12-30,22.77,112.040001
2020-12-31,22.75,111.860001
2021-01-04,26.97,124.650002
2021-01-05,25.34,120.07
2021-01-06,25.07,119.900002
2021-01-07,22.37,109.379997
2021-01-08,21.56,111.0
2021-01-11,24.08,118.800003
2021-01-12,23.33,115.790001
2021-01-13,22.21,117.760002
2021-01-14,23.25,122.779999
2021-01-15,24.34,124.25
2021-01-19,23.24,120.709999
2021-01-20,21.58,114.169998
2021-01-21,21.32,112.589996
2021-01-25,23.19,116.629997
2021-01-26,23.02,115.309998
2021-01-27,37.21,157.690002
2021-01-28,30.21,133.220001
2021-01-29,33.09,137.330002
2021-02-01,30.24,129.440002
2021-02-02,25.56,119.099998
2021-02-03,22.91,111.029999
2021-02-04,21.77,108.470001
2021-02-05,20.87,107.639999
2021-02-08,21.24,106.610001
2021-02-09,21.63,108.139999
2021-02-10,21.99,114.93
2021-02-11,21.25,116.220001
2021-02-12,19.97,118.589996
2021-02-16,21.46,124.660004
2021-02-18,22.49,121.050003
2021-02-19,22.05,117.449997
2021-02-22,23.45,117.059998
2021-02-23,23.11,112.779999
2021-02-24,21.34,109.599998
2021-02-25,28.89,127.830002
2021-02-26,27.95,124.959999
2021-03-01,23.35,114.940002
2021-03-02,24.1,114.919998
2021-03-03,26.67,121.230003
2021-03-04,28.57,124.620003
2021-03-05,24.66,116.209999
2021-03-08,25.47,114.620003
2021-03-09,24.03,108.709999
2021-03-10,22.56,114.68
2021-03-11,21.91,112.870003
2021-03-12,20.69,111.730003
2021-03-15,20.03,110.489998
2021-03-16,19.79,113.730003
2021-03-17,19.23,109.900002
2021-03-18,21.58,117.800003
2021-03-19,20.95,115.949997
2021-03-22,18.88,108.629997
2021-03-23,20.3,111.690002
2021-03-24,21.2,110.669998
2021-03-25,19.81,104.75
2021-03-26,18.86,103.260002
2021-03-29,20.74,105.839996
2021-03-30,19.61,101.900002
2021-03-31,19.4,100.040001
2021-04-01,17.33,98.970001
2021-04-05,17.91,99.239998
2021-04-06,18.12,99.059998
2021-04-07,17.16,97.089996
2021-04-08,16.95,100.720001
2021-04-09,16.69,102.059998
2021-04-12,16.91,102.080002
2021-04-13,16.65,100.440002
2021-04-14,16.99,107.470001
2021-04-15,16.57,108.660004
2021-04-16,16.25,107.800003
2021-04-19,17.29,111.900002
2021-04-20,18.68,116.370003
2021-04-21,17.5,112.900002
2021-04-22,18.71,116.050003
2021-04-23,17.33,108.360001
2021-04-26,17.64,104.010002
2021-04-27,17.56,103.389999
2021-04-28,17.28,104.779999
2021-04-29,17.61,105.459999
2021-04-30,18.61,109.220001
2021-05-03,18.31,108.32
2021-05-04,19.48,111.220001
2021-05-06,18.39,108.389999
2021-05-07,16.69,107.029999
2021-05-10,19.66,114.099998
2021-05-12,27.59,146.279999
2021-05-13,23.13,130.009995
2021-05-14,18.81,117.559998
2021-05-17,19.72,120.699997
2021-05-18,21.34,123.93
2021-05-19,22.18,130.169998
2021-05-21,20.15,124.220001
2021-05-24,18.4,116.120003
2021-05-26,17.36,106.290001
2021-05-27,16.74,103.879997
2021-05-28,16.76,105.410004
2021-06-01,17.9,113.040001
2021-06-02,17.48,112.57
2021-06-03,18.04,114.309998
2021-06-04,16.42,108.160004
2021-06-07,16.42,108.029999
2021-06-08,17.07,109.620003
2021-06-09,17.89,120.970001
2021-06-10,16.1,116.760002
2021-06-11,15.65,116.120003
2021-06-14,16.39,119.800003
2021-06-15,17.02,122.900002
2021-06-16,18.15,121.57
2021-06-17,17.75,120.629997
2021-06-18,20.7,128.830002
2021-06-21,17.89,121.25
2021-06-22,16.66,114.010002
2021-06-23,16.32,110.480003
2021-06-24,15.97,107.870003
2021-06-25,15.62,105.910004
2021-06-28,15.76,106.32
2021-06-29,16.02,107.010002
2021-06-30,15.83,106.730003
2021-07-01,15.48,108.720001
2021-07-02,15.07,106.110001
2021-07-06,16.44,112.239998
2021-07-07,16.2,112.699997
2021-07-08,19.0,120.029999
2021-07-09,16.18,112.620003
2021-07-12,16.17,111.589996
2021-07-13,17.12,116.400002
2021-07-14,16.33,117.660004
2021-07-15,17.01,121.029999
2021-07-16,18.45,128.889999
2021-07-19,22.5,139.539993
2021-07-20,19.73,131.300003
2021-07-21,17.91,122.529999
2021-07-22,17.69,118.82
2021-07-23,17.2,114.919998
2021-07-26,17.58,114.860001
2021-07-27,19.36,121.110001
2021-07-28,18.31,117.080002
2021-07-29,17.7,114.040001
2021-07-30,18.24,116.18
2021-08-02,19.46,122.849998
2021-08-03,18.04,117.550003
2021-08-04,17.97,116.209999
2021-08-05,17.28,113.349998
2021-08-06,16.15,112.0
2021-08-09,16.72,115.089996
2021-08-10,16.79,114.150002
2021-08-11,16.06,118.059998
2021-08-12,15.59,117.720001
2021-08-13,15.45,117.809998
2021-08-16,16.12,117.690002
2021-08-17,17.91,120.529999
2021-08-18,21.57,128.410004
2021-08-19,21.67,130.410004
2021-08-20,18.56,120.510002
2021-08-23,17.15,113.330002
2021-08-24,17.22,111.089996
2021-08-25,16.79,108.839996
2021-08-26,18.84,116.599998
2021-08-27,16.39,109.620003
2021-08-30,16.19,107.900002
2021-08-31,16.48,105.809998
2021-09-01,16.11,105.199997
2021-09-02,16.41,105.699997
2021-09-03,16.41,105.480003
2021-09-07,18.14,111.010002
2021-09-08,17.96,115.059998
2021-09-09,18.8,117.029999
2021-09-10,20.95,124.980003
2021-09-13,19.37,118.010002
2021-09-14,19.46,120.370003
2021-09-15,18.18,112.480003
2021-09-16,18.69,112.110001
2021-09-17,20.81,118.900002
2021-09-20,25.71,138.929993
2021-09-21,24.36,130.759995
2021-09-22,20.87,117.620003
2021-09-23,18.63,108.309998
2021-09-24,17.75,103.07
2021-09-27,18.76,107.730003
2021-09-28,23.25,121.059998
2021-09-29,22.56,119.040001
2021-09-30,23.14,118.010002
2021-10-01,21.15,112.610001
2021-10-04,22.96,117.169998
2021-10-05,21.3,110.75
2021-10-06,21.0,110.919998
2021-10-07,19.54,107.43
2021-10-08,18.77,107.269997
2021-10-11,20.0,110.290001
2021-10-12,19.85,109.120003
2021-10-13,18.64,108.720001
2021-10-14,16.86,107.970001
2021-10-15,16.3,106.760002
2021-10-18,16.31,104.370003
2021-10-19,15.7,103.059998
2021-10-20,15.49,101.839996
2021-10-21,15.01,102.139999
2021-10-22,15.43,106.080002
2021-10-25,15.24,102.360001
2021-10-26,15.98,103.25
2021-10-27,16.98,109.610001
2021-10-28,16.53,106.279999
2021-10-29,16.26,105.169998
2021-11-01,16.41,106.660004
2021-11-02,16.03,105.440002
2021-11-03,15.1,102.25
2021-11-04,15.44,104.459999
2021-11-05,16.48,110.209999
2021-11-08,17.22,111.489998
2021-11-09,17.78,110.550003
2021-11-10,18.73,117.190002
2021-11-11,17.66,114.660004
2021-11-12,16.29,112.110001
2021-11-15,16.49,110.660004
2021-11-16,16.37,109.580002
2021-11-17,17.11,111.529999
2021-11-18,17.59,112.150002
2021-11-19,17.91,113.739998
2021-11-22,19.17,118.620003
2021-11-23,19.38,115.029999
2021-11-24,18.58,110.480003
2021-11-26,28.62,149.740005
2021-11-29,22.96,131.240005
2021-11-30,27.19,142.550003
2021-12-01,31.12,155.020004
2021-12-02,27.95,147.309998
2021-12-03,30.67,156.100006
2021-12-06,27.18,138.880005
2021-12-07,21.89,117.919998
2021-12-08,19.9,114.290001
2021-12-09,21.58,121.790001
2021-12-10,18.69,113.849998
2021-12-13,20.31,121.07
2021-12-14,21.89,126.57
2021-12-15,19.29,118.610001
2021-12-16,20.57,128.970001
2021-12-17,21.57,136.059998
2021-12-20,22.87,138.669998
2021-12-21,21.01,131.410004
2021-12-22,18.63,122.699997
2021-12-23,17.96,120.459999
2021-12-27,17.68,115.919998
2021-12-28,17.54,114.830002
2021-12-29,16.95,109.5
2021-12-30,17.33,110.839996
2021-12-31,17.22,109.669998
2022-01-03,16.6,108.449997
2022-01-04,16.91,109.309998
2022-01-05,19.73,119.309998
2022-01-06,19.61,117.82
2022-01-07,18.76,113.860001
2022-01-10,19.4,113.019997
2022-01-11,18.41,111.610001
2022-01-12,17.62,113.940002
2022-01-13,20.31,123.440002
2022-01-14,19.19,117.57
2022-01-18,22.79,127.949997
2022-01-19,23.85,129.850006
2022-01-20,25.59,135.600006
2022-01-21,28.85,149.5
2022-01-24,29.9,154.380005
2022-01-25,31.16,150.800003
2022-01-26,31.96,148.550003
2022-01-27,30.49,141.139999
2022-01-28,27.66,132.440002
2022-01-31,24.83,125.059998
2022-02-01,21.96,117.989998
2022-02-02,22.09,119.610001
2022-02-03,24.35,125.110001
2022-02-04,23.22,124.889999
2022-02-07,22.86,124.129997
2022-02-08,21.44,118.860001
2022-02-09,19.96,119.32
2022-02-10,23.91,129.100006
2022-02-11,27.36,141.169998
2022-02-14,28.33,140.589996
2022-02-15,25.7,129.050003
2022-02-16,24.29,122.580002
2022-02-17,28.11,134.490005
2022-02-18,27.75,133.639999
2022-02-22,28.81,130.690002
2022-02-23,31.02,131.240005
2022-02-24,30.32,128.5
2022-02-25,27.59,117.760002
2022-02-28,30.15,123.639999
2022-03-01,33.32,132.800003
2022-03-02,30.74,124.919998
2022-03-03,30.48,122.360001
2022-03-04,31.98,127.849998
2022-03-07,36.45,133.660004
2022-03-08,35.13,139.710007
2022-03-09,32.45,130.860001
2022-03-10,30.23,125.470001
2022-03-11,30.75,125.580002
2022-03-14,31.77,126.260002
2022-03-15,29.83,122.18
2022-03-16,26.67,115.099998
2022-03-17,25.67,109.25
2022-03-18,23.87,106.739998
2022-03-21,23.53,108.959999
2022-03-22,22.94,108.220001
2022-03-23,23.57,108.769997
2022-03-24,21.67,106.050003
2022-03-25,20.81,109.209999
2022-03-28,19.63,108.290001
2022-03-29,18.9,104.349998
2022-03-30,19.33,107.410004
2022-03-31,20.56,111.449997
2022-04-01,19.63,112.220001
2022-04-04,18.57,107.110001
2022-04-05,21.03,116.269997
2022-04-06,22.1,114.839996
2022-04-07,21.55,113.330002
2022-04-08,21.16,112.139999
2022-04-11,24.37,117.349998
2022-04-12,24.26,117.260002
2022-04-13,21.82,113.760002
2022-04-14,22.7,114.75
2022-04-18,22.17,110.900002
2022-04-19,21.37,106.059998
2022-04-20,20.32,103.029999
2022-04-21,22.68,110.93
2022-04-22,28.21,122.370003
2022-04-25,27.02,116.980003
2022-04-26,33.52,127.5
2022-04-27,31.6,123.709999
2022-04-28,29.99,119.75
2022-04-29,33.4,121.980003
2022-05-02,32.34,124.480003
2022-05-03,29.25,117.550003
2022-05-04,25.42,106.620003
2022-05-05,31.2,119.18
2022-05-06,30.19,116.779999
2022-05-09,34.75,125.93
2022-05-10,32.99,120.980003
2022-05-11,32.56,125.889999
2022-05-12,31.77,122.110001
2022-05-13,28.87,113.889999
2022-05-16,27.47,108.260002
2022-05-17,26.1,101.199997
2022-05-18,30.96,114.959999
2022-05-19,29.35,104.889999
2022-05-20,29.43,107.800003
2022-05-23,28.48,102.68
2022-05-24,29.45,104.290001
2022-05-25,28.37,98.790001
2022-05-26,27.5,96.25
2022-05-27,25.72,93.660004
2022-05-31,26.19,93.099998
2022-06-01,25.69,91.389999
2022-06-02,24.72,91.080002
2022-06-03,24.79,90.5
2022-06-06,25.07,89.529999
2022-06-07,24.02,87.82
2022-06-08,23.96,92.68
2022-06-09,26.09,98.82
2022-06-10,27.75,99.75
2022-06-13,34.02,113.720001
2022-06-14,32.69,111.010002
2022-06-15,29.62,105.370003
2022-06-16,32.95,114.360001
2022-06-17,31.13,110.059998
2022-06-21,30.19,104.370003
2022-06-22,28.95,99.660004
2022-06-23,29.05,98.309998
2022-06-24,27.23,91.339996
2022-06-27,26.95,87.580002
2022-06-28,28.36,90.620003
2022-06-29,28.16,88.919998
2022-06-30,28.71,89.389999
2022-07-01,26.7,85.510002
2022-07-05,27.54,87.300003
2022-07-06,26.73,85.879997
2022-07-07,26.08,85.879997
2022-07-08,24.64,84.739998
2022-07-11,26.17,88.050003
2022-07-12,27.29,90.059998
2022-07-13,26.82,90.489998
2022-07-14,26.4,90.730003
2022-07-15,24.23,89.370003
2022-07-18,25.3,91.860001
2022-07-19,24.5,88.610001
2022-07-20,23.88,86.75
2022-07-21,23.11,85.040001
2022-07-22,23.03,84.529999
2022-07-25,23.36,83.82
2022-07-26,24.69,84.830002
2022-07-27,23.24,81.769997
2022-07-28,22.33,80.879997
2022-07-29,21.33,80.290001
2022-08-01,22.84,86.339996
2022-08-02,23.93,88.470001
2022-08-03,21.95,84.599998
2022-08-04,21.44,83.690002
2022-08-05,21.15,84.129997
2022-08-08,21.29,86.949997
2022-08-09,21.77,87.489998
2022-08-10,19.74,90.040001
2022-08-11,20.2,90.839996
2022-08-12,19.53,91.010002
2022-08-15,19.95,88.730003
