Date,Price,Open,High,Low,Vol.,Change %
18-Aug-22,23.38,23.58,23.68,23.13,,16.26%
17-Aug-22,20.11,20,20.75,19.8,1.26K,0.55%
16-Aug-22,20,20.55,20.8,19.95,42.01K,-2.08%
15-Aug-22,20.43,21.35,21.63,20.35,45.41K,-3.59%
12-Aug-22,21.19,21.4,21.65,20.55,49.45K,-1.45%
11-Aug-22,21.5,21.45,22.17,21.1,61.67K,0.70%
10-Aug-22,21.35,22.9,23.1,21.2,72.82K,-7.13%
9-Aug-22,22.99,22.6,23.3,22.55,55.18K,1.46%
8-Aug-22,22.66,22.55,23.15,21.85,64.16K,0.94%
5-Aug-22,22.45,23.2,24,22.35,67.33K,-3.24%
4-Aug-22,23.2,23.25,24,23.1,58.34K,0.16%
3-Aug-22,23.16,24.55,24.78,23,59.70K,-5.88%
2-Aug-22,24.61,24.2,25.25,23.65,81.13K,1.64%
1-Aug-22,24.21,23.35,24.4,23.35,67.66K,3.41%
29-Jul-22,23.42,23.45,23.9,23.3,66.57K,-1.06%
28-Jul-22,23.67,25.05,25.15,23.45,78.77K,-5.33%
27-Jul-22,25,25.7,25.71,24.45,67.27K,-3.67%
26-Jul-22,25.95,25.45,26.35,25.3,72.69K,2.92%
25-Jul-22,25.21,25.6,25.95,25,64.05K,-1.14%
22-Jul-22,25.5,25.95,26.4,25.4,73.26K,-0.93%
21-Jul-22,25.74,26.45,26.75,25.69,65.05K,5.64%
20-Jul-22,24.37,24.7,24.85,24,1.37K,-1.85%
19-Jul-22,24.83,25.55,25.65,24.33,42.66K,-3.39%
18-Jul-22,25.7,25.2,26.13,24.77,47.97K,1.96%
15-Jul-22,25.21,26.9,27.3,25.1,52.69K,-6.18%
14-Jul-22,26.87,27.25,28.65,26.83,65.51K,0.00%
13-Jul-22,26.86,27.4,28.8,26.5,71.57K,-1.91%
12-Jul-22,27.39,27.1,27.86,26.32,54.17K,0.74%
11-Jul-22,27.19,26,27.27,26,52.18K,4.36%
8-Jul-22,26.05,26.85,27.3,25.79,65.65K,-2.98%
7-Jul-22,26.85,27.2,27.55,26.4,54.05K,-1.28%
6-Jul-22,27.2,27.82,28.4,26.95,53.87K,-1.90%
5-Jul-22,27.73,27.8,29.75,27.5,83.94K,0.53%
4-Jul-22,27.58,27.98,28.33,27.53,,-1.61%
3-Jul-22,28.03,27.73,28.03,27.73,,1.23%
1-Jul-22,27.69,28.8,29.65,27.55,74.24K,-3.06%
30-Jun-22,28.56,28.1,29.95,28,80.18K,0.81%
29-Jun-22,28.33,28.55,29.15,28,51.21K,0.00%
28-Jun-22,28.33,27.45,28.6,26.87,64.63K,3.36%
27-Jun-22,27.41,28.29,28.81,27.35,58.67K,-3.74%
24-Jun-22,28.48,29.1,29.2,28,61.86K,-1.83%
23-Jun-22,29.01,29.15,29.8,28.65,69.21K,0.00%
22-Jun-22,29.01,30.1,31.4,28.9,79.03K,-4.33%
21-Jun-22,30.32,30.75,32.1,29.15,85.22K,0.47%
20-Jun-22,30.18,30.61,32.13,30.08,,-1.31%
19-Jun-22,30.58,30.7,30.78,30.48,,-1.04%
17-Jun-22,30.9,32,32.25,30.55,72.69K,-3.19%
16-Jun-22,31.92,29.7,32.75,29.15,106.72K,6.29%
15-Jun-22,30.03,31.8,31.95,28.95,109.62K,-5.60%
14-Jun-22,31.81,32.75,33.05,31.45,112.81K,-3.29%
13-Jun-22,32.89,29.3,33.25,29.1,174.76K,16.28%
10-Jun-22,28.29,26.35,29.35,26.15,83.29K,7.06%
9-Jun-22,26.42,24.75,26.51,24.39,58.16K,6.98%
8-Jun-22,24.7,24.85,25.4,24.5,50.67K,0.08%
7-Jun-22,24.68,25.6,26.45,24.64,54.46K,-3.54%
6-Jun-22,25.59,26,26.16,25.15,51.07K,-1.45%
3-Jun-22,25.96,25.5,26.7,25.43,59.83K,1.42%
2-Jun-22,25.6,26.3,26.55,25.1,56.76K,-2.27%
1-Jun-22,26.19,26.45,27.86,25.75,80.55K,-0.83%
31-May-22,26.41,26.7,28.25,26.2,84.42K,-1.56%
30-May-22,26.83,26.78,27.03,26.43,,0.37%
29-May-22,26.73,26.75,26.83,26.68,,-0.51%
27-May-22,26.87,28.25,28.4,26.75,57.90K,-4.26%
26-May-22,28.06,28.48,28.63,27.78,,-1.48%
25-May-22,28.49,29.15,30,28.15,,-2.40%
24-May-22,29.19,29.15,30.55,28.94,80.01K,0.36%
23-May-22,29.08,29.35,29.95,28.5,,-1.16%
20-May-22,29.42,29.15,31.7,28.05,112.60K,0.47%
19-May-22,29.29,32.18,32.93,28.73,,5.80%
18-May-22,27.68,27.36,32.13,27.33,,4.06%
17-May-22,26.6,27.6,27.75,25.75,44.15K,-3.58%
16-May-22,27.59,28.8,29.55,27.35,50.39K,-6.16%
13-May-22,29.4,31.45,31.45,29.2,96.93K,-5.95%
12-May-22,31.25,31.5,33.48,31,,-2.82%
11-May-22,32.16,32.35,33.75,30.4,,-0.28%
10-May-22,32.25,34.05,34.9,31.64,,-4.62%
9-May-22,33.82,31.15,34.29,31.1,,9.75%
6-May-22,30.81,31.05,33.88,30.5,126.22K,-1.64%
5-May-22,31.33,26.05,32.1,25.95,,21.60%
4-May-22,25.76,28.8,28.95,25.6,99.38K,-10.82%
3-May-22,28.89,30.6,31.35,28.55,,-6.66%
2-May-22,30.95,31.2,33.45,30.7,109.60K,-2.21%
29-Apr-22,31.65,29.5,31.8,28.6,103.22K,8.24%
28-Apr-22,29.24,29.85,30.1,27.7,102.32K,-5.14%
27-Apr-22,30.82,30.95,31,28.95,,1.73%
26-Apr-22,30.3,27.1,31.2,26.83,,11.17%
25-Apr-22,27.26,28.05,29.65,27.03,141.38K,-2.61%
22-Apr-22,27.99,24.79,28.55,24.45,140.72K,13.35%
21-Apr-22,24.69,22.95,25.18,22.46,101.29K,21.63%
20-Apr-22,20.3,21.8,22.1,20.1,0.89K,-4.01%
19-Apr-22,21.15,22.65,23.15,20.7,45.08K,-7.86%
18-Apr-22,22.95,23.5,24.36,22.5,38.83K,-2.00%
14-Apr-22,23.42,22.9,23.65,21.95,58.31K,3.24%
13-Apr-22,22.69,24.9,25,22.5,58.56K,-9.49%
12-Apr-22,25.06,24.75,25.55,23.3,68.45K,1.46%
11-Apr-22,24.7,22.75,24.86,22.66,63.57K,8.13%
8-Apr-22,22.85,23.1,23.7,22,49.98K,-0.56%
7-Apr-22,22.98,24,24.45,22.64,63.00K,-3.06%
6-Apr-22,23.7,22.8,25.6,22.75,86.20K,1.92%
5-Apr-22,23.26,21.1,23.31,20.93,66.45K,10.94%
4-Apr-22,20.96,22.5,22.6,20.9,44.49K,-6.14%
1-Apr-22,22.33,23.15,23.5,22.25,57.65K,-4.84%
31-Mar-22,23.47,22,23.6,21.75,63.13K,6.34%
30-Mar-22,22.07,21.85,22.85,21.54,51.78K,1.46%
29-Mar-22,21.75,23.04,23.15,21.55,66.45K,-5.40%
28-Mar-22,22.99,23.55,24.8,22.9,64.65K,-1.96%
25-Mar-22,23.46,24.25,24.71,23.4,64.30K,-3.34%
24-Mar-22,24.27,25.15,25.2,24.05,52.04K,-2.52%
23-Mar-22,24.89,25,25.8,24.8,61.68K,-0.43%
22-Mar-22,25,25.4,25.95,24.7,49.93K,-1.90%
21-Mar-22,25.48,25.7,26.45,24.78,63.76K,-0.62%
18-Mar-22,25.64,27.5,27.95,25.5,64.76K,-5.44%
17-Mar-22,27.11,27.3,28.1,26.68,59.26K,-1.55%
16-Mar-22,27.54,30.2,30.65,27.34,86.55K,-14.68%
15-Mar-22,32.28,31.62,33.4,31.2,3.28K,1.50%
14-Mar-22,31.8,30.5,32.9,29.59,42.08K,2.58%
11-Mar-22,31,30.4,31.1,28.45,63.12K,1.93%
10-Mar-22,30.42,31.8,33.43,30.15,,-5.30%
9-Mar-22,32.12,34.2,34.35,31.05,57.71K,-5.30%
8-Mar-22,33.92,34.8,36.5,32.04,,-2.56%
7-Mar-22,34.81,32.85,34.94,31.4,,10.41%
4-Mar-22,31.53,29.75,33.2,29.7,93.30K,5.42%
3-Mar-22,29.91,29.92,30.9,28.8,67.82K,0.98%
2-Mar-22,29.61,31.75,32.85,29.35,,-7.81%
1-Mar-22,32.12,28.7,32.61,28.13,,12.26%
28-Feb-22,28.62,29.5,31.1,28.04,,4.99%
25-Feb-22,27.26,28.79,30.44,26.82,96.07K,-4.52%
24-Feb-22,28.55,29.8,34.05,28.44,144.48K,-3.78%
23-Feb-22,29.67,27.82,29.82,26.68,95.76K,6.11%
22-Feb-22,27.96,28.35,30.3,26.75,128.72K,-4.83%
21-Feb-22,29.38,28.83,29.98,26.78,,2.08%
20-Feb-22,28.78,28.38,28.88,28.38,,2.24%
18-Feb-22,28.15,27.6,28.85,26.25,94.57K,2.10%
17-Feb-22,27.57,24.55,27.8,24.28,113.09K,4.54%
16-Feb-22,26.37,25.8,26.3,24.7,1.05K,3.89%
15-Feb-22,25.38,28.25,28.8,25.22,57.75K,-10.42%
14-Feb-22,28.34,27.16,29.48,26.98,88.31K,1.88%
11-Feb-22,27.81,24.2,29.7,23.7,119.51K,14.85%
10-Feb-22,24.22,21.35,24.95,21.25,103.48K,14.48%
9-Feb-22,21.16,22.35,22.38,21.1,62.67K,-5.18%
8-Feb-22,22.31,23.45,23.91,22.2,63.22K,-5.67%
7-Feb-22,23.65,24.3,24.7,22.85,65.48K,-2.51%
4-Feb-22,24.26,24.1,26.1,23.32,109.01K,-5.71%
3-Feb-22,25.73,23.05,25.85,23.03,130.30K,16.82%
2-Feb-22,22.03,22.8,23.35,21.95,91.19K,-3.16%
1-Feb-22,22.75,24.85,25.15,22.6,89.92K,-8.48%
31-Jan-22,24.85,26.95,27.94,24.75,95.95K,-7.52%
28-Jan-22,26.87,28,30.1,26.55,103.71K,-6.77%
27-Jan-22,28.83,28.4,30.7,26.45,129.07K,0.68%
26-Jan-22,28.63,29.2,29.45,25.45,149.61K,1.66%
25-Jan-22,28.16,28.05,31.15,27.21,158.71K,0.34%
24-Jan-22,28.07,27.25,33.1,26.15,273.44K,2.78%
21-Jan-22,27.31,25.5,27.6,24.9,193.94K,9.38%
20-Jan-22,24.97,24,25.88,22.4,105.91K,9.55%
19-Jan-22,22.79,22.45,23.5,21.7,1.25K,0.75%
18-Jan-22,22.62,19.7,22.9,19.45,79.85K,3.62%
17-Jan-22,21.83,21.88,22.18,21.68,,0.00%
16-Jan-22,21.83,19.68,21.83,19.68,,11.00%
14-Jan-22,19.67,20.5,21.6,19.57,83.75K,-3.67%
13-Jan-22,20.42,18.7,20.63,18.25,69.67K,9.88%
12-Jan-22,18.58,19,19.2,18.15,77.26K,-1.97%
11-Jan-22,18.95,20.05,20.85,18.9,90.33K,-4.77%
10-Jan-22,19.9,20.55,23.05,19.8,118.52K,-2.42%
7-Jan-22,20.4,20.85,21.5,20.2,76.13K,-2.17%
6-Jan-22,20.85,20.95,21.8,20.22,86.11K,0.36%
5-Jan-22,20.77,19,21.1,18.62,93.99K,10.10%
4-Jan-22,18.87,19,19.65,18.55,62.26K,0.06%
3-Jan-22,18.86,19.6,19.81,18.75,59.44K,-4.15%
31-Dec-21,19.67,19.75,20.2,19.5,34.72K,-1.35%
30-Dec-21,19.94,19.95,20.15,19.4,43.40K,-0.32%
29-Dec-21,20.01,20.5,20.7,19.75,48.72K,-2.55%
28-Dec-21,20.53,21.05,21.28,20.45,56.01K,-2.26%
27-Dec-21,21.01,21.7,21.9,20.9,49.75K,-2.99%
23-Dec-21,21.65,21.8,21.95,21.3,47.71K,3.95%
22-Dec-21,20.83,21.2,21.75,20.7,0.79K,-1.15%
21-Dec-21,21.07,23.73,24.13,22.92,,-7.61%
20-Dec-21,22.81,21.05,25.75,21,96.95K,8.26%
17-Dec-21,21.07,20.2,22.46,20,90.42K,3.17%
16-Dec-21,20.42,19.2,21.25,18.35,103.79K,7.06%
15-Dec-21,19.08,21.55,22.55,19,85.47K,-10.38%
14-Dec-21,21.29,20.5,22.6,20.09,83.08K,3.41%
13-Dec-21,20.58,19.9,21.25,19.35,76.69K,3.97%
10-Dec-21,19.8,21.6,21.85,19.75,74.29K,-8.21%
9-Dec-21,21.57,20.85,22.25,20.45,82.12K,3.56%
8-Dec-21,20.83,22.4,23.1,20.65,73.43K,-7.62%
7-Dec-21,22.54,25.85,25.85,22.15,107.04K,-12.80%
6-Dec-21,25.85,28.7,28.85,25.7,110.96K,-10.02%
3-Dec-21,28.73,25.8,31.5,25.35,197.28K,10.76%
2-Dec-21,25.94,26.07,27.27,25.07,,-6.80%
1-Dec-21,27.83,25.1,27.95,22.59,151.90K,8.35%
30-Nov-21,25.69,22.45,25.8,22.01,176.45K,15.68%
29-Nov-21,22.2,25.75,25.8,21.4,157.37K,-16.34%
26-Nov-21,26.54,20.25,27,20.05,209.64K,29.60%
25-Nov-21,20.48,20.23,20.53,20.02,,0.65%
24-Nov-21,20.35,20.7,21.6,20.15,83.06K,-1.05%
23-Nov-21,20.56,21,21.6,20.5,88.43K,-2.79%
22-Nov-21,21.15,20.7,21.26,20.15,75.27K,1.70%
19-Nov-21,20.8,20.5,21.1,20.2,71.62K,1.46%
18-Nov-21,20.5,20.3,20.75,20,54.22K,25.46%
17-Nov-21,16.34,19.95,20.45,19.82,,-2.73%
16-Nov-21,16.8,17,17.38,16.15,55.99K,-1.19%
15-Nov-21,17,17.4,17.88,16.93,55.47K,-2.39%
12-Nov-21,17.42,18.65,18.7,17.4,61.22K,-7.15%
11-Nov-21,18.76,19.65,19.7,18.35,61.53K,-3.93%
10-Nov-21,19.53,18.95,20.3,18.45,111.73K,3.32%
9-Nov-21,18.9,18.4,19.6,18.4,91.12K,2.19%
8-Nov-21,18.49,18.45,18.95,17.95,72.75K,0.30%
5-Nov-21,18.44,17.35,18.55,17,98.15K,5.95%
4-Nov-21,17.4,17.22,17.8,16.83,71.71K,1.73%
3-Nov-21,17.11,17.9,18.15,17,61.91K,-4.16%
2-Nov-21,17.85,18.45,18.66,17.81,44.99K,-2.99%
1-Nov-21,18.4,18.75,19.26,18.35,49.12K,-2.02%
29-Oct-21,18.78,18.95,19.55,18.65,60.18K,0.69%
28-Oct-21,18.65,19.3,19.35,18.6,52.07K,-3.61%
27-Oct-21,19.35,18.95,19.5,18.4,77.33K,2.25%
26-Oct-21,18.92,18.6,19.4,18.25,60.97K,2.02%
25-Oct-21,18.55,19.25,19.45,18.5,48.51K,-2.89%
22-Oct-21,19.1,18.95,19.6,18.55,67.02K,2.16%
21-Oct-21,18.7,19.35,19.7,18.65,55.51K,21.81%
20-Oct-21,15.35,16,16.15,15.75,0.81K,-3.85%
19-Oct-21,15.96,16.8,16.9,15.9,42.92K,-3.93%
18-Oct-21,16.62,17.05,17.81,16.55,54.05K,-3.23%
15-Oct-21,17.17,17.66,17.77,16.75,48.80K,-2.44%
14-Oct-21,17.6,19.18,19.18,17.57,,-8.09%
13-Oct-21,19.15,20.1,20.2,19.1,66.69K,-2.87%
12-Oct-21,19.72,20.2,20.8,19.43,63.01K,-2.15%
11-Oct-21,20.15,19.9,20.6,19,65.38K,2.20%
8-Oct-21,19.72,20.15,20.37,19.38,68.07K,-1.91%
7-Oct-21,20.1,21.3,21.31,20,64.99K,-5.26%
6-Oct-21,21.22,21.6,23.55,21.15,109.56K,-2.47%
5-Oct-21,21.75,22.75,23.55,21.1,84.14K,-4.09%
4-Oct-21,22.68,21.65,23.61,21.25,108.05K,3.12%
1-Oct-21,21.99,23,24.05,21.3,111.76K,-3.82%
30-Sep-21,22.87,22.7,23.45,21.63,108.20K,-0.54%
29-Sep-21,22.99,22.8,23.16,21.7,100.08K,2.10%
28-Sep-21,22.52,20.35,23.15,20,193.66K,11.98%
27-Sep-21,20.11,19.75,20.4,19.3,66.31K,1.46%
24-Sep-21,19.82,20.6,21.36,19.75,81.93K,-3.79%
23-Sep-21,20.6,21.96,22.05,20.45,100.65K,-6.79%
22-Sep-21,22.1,23.9,24.48,21.64,116.24K,-5.68%
21-Sep-21,23.43,24.7,25.03,23.1,141.55K,-4.22%
20-Sep-21,24.46,22.15,26.75,21.98,,11.51%
17-Sep-21,21.94,20.69,22.35,20.39,103.02K,6.72%
16-Sep-21,20.56,20.8,21.41,20.34,68.49K,3.87%
15-Sep-21,19.79,19.5,19.83,18.95,1.05K,0.38%
14-Sep-21,19.72,19.3,20.4,18.65,62.00K,2.16%
13-Sep-21,19.3,20.4,20.8,19.05,77.78K,-6.43%
10-Sep-21,20.62,19.5,20.71,18.1,92.67K,6.47%
9-Sep-21,19.37,19.1,20.1,18.33,85.18K,3.23%
8-Sep-21,18.77,18.9,20.15,18.7,80.28K,-0.35%
7-Sep-21,18.83,18.3,19.3,17.9,68.70K,4.04%
6-Sep-21,18.1,18.45,18.58,17.92,,-1.74%
5-Sep-21,18.42,18.28,18.48,18.25,,0.37%
3-Sep-21,18.35,18.05,18.65,17.85,63.46K,2.17%
2-Sep-21,17.96,18.1,18.45,17.75,49.58K,-0.65%
1-Sep-21,18.08,18.5,18.76,17.9,55.00K,-2.90%
31-Aug-21,18.62,18.7,19.1,18.43,48.40K,-0.67%
30-Aug-21,18.75,19.1,19.2,18.65,49.95K,-1.09%
27-Aug-21,18.95,20.15,20.4,18.8,65.21K,-5.81%
26-Aug-21,20.12,19.3,20.45,19.25,92.26K,4.63%
25-Aug-21,19.23,19.65,19.9,19.15,41.15K,-2.52%
24-Aug-21,19.73,19.7,19.9,19.5,43.65K,-0.59%
23-Aug-21,19.85,20.6,20.6,19.45,69.77K,-3.32%
20-Aug-21,20.53,22.2,23.1,20.35,102.61K,-8.14%
19-Aug-21,22.35,21.65,23.2,21.3,172.21K,20.27%
18-Aug-21,18.58,18,18.4,17.35,0.64K,5.70%
17-Aug-21,17.58,16.65,19.35,16.5,65.48K,6.51%
16-Aug-21,16.5,16.65,17.95,16.45,47.47K,-0.76%
13-Aug-21,16.63,16.88,17.05,16.5,40.42K,-2.19%
12-Aug-21,17,17.65,17.8,16.78,44.04K,-2.53%
11-Aug-21,17.44,18.05,18.3,17.35,53.59K,-2.97%
10-Aug-21,17.98,18.4,18.6,17.8,46.72K,-2.42%
9-Aug-21,18.42,18.8,19.35,18.25,51.90K,-1.49%
6-Aug-21,18.7,19.4,19.5,18.65,51.94K,-3.16%
5-Aug-21,19.31,19.9,19.95,19.25,35.05K,-2.70%
4-Aug-21,19.85,20,20.46,19.6,44.34K,0.00%
3-Aug-21,19.85,21.1,21.45,19.8,75.34K,-6.13%
2-Aug-21,21.15,20.45,21.3,19.55,68.49K,4.32%
30-Jul-21,20.27,20.1,21.12,19.78,66.01K,2.87%
29-Jul-21,19.71,20.4,20.7,19.55,49.70K,-1.99%
28-Jul-21,20.11,21.08,21.25,19.78,72.66K,-2.92%
27-Jul-21,20.71,20.15,21.9,20.05,97.23K,2.80%
26-Jul-21,20.15,20.4,21.45,20,53.17K,-1.07%
23-Jul-21,20.37,20.2,20.5,19.95,56.39K,-0.97%
22-Jul-21,20.57,20.1,20.85,19.9,71.29K,8.82%
21-Jul-21,18.9,19.95,20,18.5,1.48K,-5.29%
20-Jul-21,19.96,21.95,22.85,19.75,67.14K,-12.23%
19-Jul-21,22.74,18.55,24.76,18.35,127.90K,22.10%
16-Jul-21,18.62,17.65,18.76,16.8,69.10K,6.36%
15-Jul-21,17.51,17.16,18.25,17.15,78.84K,2.72%
14-Jul-21,17.05,17.75,18.05,16.91,67.78K,-3.87%
13-Jul-21,17.73,17.3,17.9,16.95,63.28K,2.09%
12-Jul-21,17.37,17.85,18.4,17.25,50.29K,-2.39%
9-Jul-21,17.8,19.75,20.1,17.7,89.04K,-8.95%
8-Jul-21,19.55,17.95,20.5,17.9,137.35K,8.29%
7-Jul-21,18.05,18.16,18.8,17.7,60.06K,0.28%
6-Jul-21,18,17.45,18.7,17.19,80.50K,4.46%
5-Jul-21,17.23,17.55,17.65,17.17,,-1.43%
4-Jul-21,17.48,17.5,17.52,17.42,,0.05%
2-Jul-21,17.47,17.55,17.66,16.85,69.04K,0.00%
1-Jul-21,17.47,17.85,18,17.44,46.29K,-2.40%
30-Jun-21,17.9,18.05,18.41,17.75,57.48K,-1.24%
29-Jun-21,18.13,17.8,18.13,17.58,,2.29%
28-Jun-21,17.72,17.7,18.05,17.5,47.23K,0.11%
25-Jun-21,17.7,18.15,18.3,17.65,39.21K,-2.56%
24-Jun-21,18.17,18.37,18.4,17.9,44.08K,-1.49%
23-Jun-21,18.44,18.8,18.95,18.25,51.15K,-2.05%
22-Jun-21,18.83,20.1,20.35,18.7,79.06K,-5.47%
21-Jun-21,19.92,21.45,22.25,19.6,93.04K,-6.67%
18-Jun-21,21.34,19.5,21.65,19.25,138.39K,9.35%
17-Jun-21,19.51,19.8,20.55,18.84,76.91K,19.14%
16-Jun-21,16.38,17.3,17.44,16.9,1.83K,-4.22%
15-Jun-21,17.1,16.65,17.43,16.2,53.71K,3.95%
14-Jun-21,16.45,16.65,17.08,16.05,48.57K,-0.60%
11-Jun-21,16.55,17.03,17.05,16.07,51.23K,-2.09%
10-Jun-21,16.9,18.35,18.65,16.85,63.75K,-8.03%
9-Jun-21,18.38,18,18.5,17.62,49.71K,2.67%
8-Jun-21,17.9,17.75,18.46,17.5,47.97K,1.50%
7-Jun-21,17.64,18.29,18.55,17.6,36.03K,-2.70%
4-Jun-21,18.12,19.35,19.71,17.95,65.10K,-6.02%
3-Jun-21,19.29,19,20,18.92,60.78K,1.91%
2-Jun-21,18.92,19.4,19.61,18.65,49.06K,-3.22%
1-Jun-21,19.56,18.95,19.65,18.45,64.37K,1.96%
31-May-21,19.18,18.98,24.32,18.9,,1.05%
30-May-21,18.98,19.02,19.02,18.88,,-0.81%
28-May-21,19.13,18.6,19.2,18.45,59.30K,3.06%
27-May-21,18.57,19.6,20.1,18.5,61.75K,-5.38%
26-May-21,19.62,20.65,20.65,19.58,54.56K,-5.21%
25-May-21,20.7,20.85,21.15,20.5,51.63K,-0.27%
24-May-21,20.76,22.05,22.25,20.5,50.72K,-4.98%
21-May-21,21.85,22.2,22.2,21.4,54.67K,-1.17%
20-May-21,22.1,23.65,24,21.85,83.91K,-12.32%
19-May-21,25.21,21.6,25.35,21.6,2.69K,19.23%
18-May-21,21.14,19.7,21.9,18.79,61.76K,6.22%
17-May-21,19.91,19.25,21.35,18.95,74.62K,4.05%
14-May-21,19.13,22.75,22.9,18.89,88.73K,-15.70%
13-May-21,22.69,26.25,27.03,22.12,115.39K,-12.63%
12-May-21,25.97,21.7,27.15,21.2,176.40K,22.29%
11-May-21,21.24,19.78,22.1,19.5,167.23K,9.02%
10-May-21,19.48,18.35,19.93,18,92.91K,6.51%
7-May-21,18.29,19.8,19.95,18.2,69.51K,-7.10%
6-May-21,19.69,20.1,21.1,19.56,74.92K,-1.45%
5-May-21,19.98,20.75,20.85,19.5,72.91K,-2.78%
4-May-21,20.55,19.75,22,19.6,119.68K,4.14%
3-May-21,19.73,20.45,20.55,19.65,58.64K,-3.45%
30-Apr-21,20.44,19.65,20.7,19.65,79.80K,4.44%
29-Apr-21,19.57,19.65,20.4,19.2,68.95K,-0.48%
28-Apr-21,19.66,19.83,20,19.5,51.87K,-0.23%
27-Apr-21,19.71,20.25,20.45,19.65,60.41K,-2.45%
26-Apr-21,20.21,20.4,20.55,20.1,43.37K,-1.11%
23-Apr-21,20.43,21.05,21.15,19.9,76.64K,-3.47%
22-Apr-21,21.17,20.2,21.65,19.85,122.08K,9.78%
21-Apr-21,19.28,18.9,19.2,18,1.34K,3.36%
20-Apr-21,18.65,17.7,19.3,17.41,72.24K,5.64%
19-Apr-21,17.66,17.2,18.51,17.1,78.82K,3.85%
16-Apr-21,17,17.15,17.4,16.85,52.45K,-0.88%
15-Apr-21,17.15,17.95,18,17.07,51.42K,-5.23%
14-Apr-21,18.1,17.75,18.3,17.45,80.26K,2.38%
13-Apr-21,17.68,18.05,18.48,17.55,68.55K,-1.81%
12-Apr-21,18,18.35,18.85,17.95,62.69K,-0.81%
9-Apr-21,18.15,18.4,18.83,18,48.83K,-1.83%
8-Apr-21,18.49,18.9,18.91,18.25,69.78K,-2.62%
7-Apr-21,18.99,19.65,19.7,18.85,53.51K,-2.94%
6-Apr-21,19.56,19.48,19.85,19.15,56.47K,0.10%
5-Apr-21,19.54,19.9,19.9,19.3,50.46K,-0.40%
2-Apr-21,19.62,19.83,19.83,19.58,,-2.30%
1-Apr-21,20.08,20.7,20.8,19.8,66.85K,-3.14%
31-Mar-21,20.73,21.1,21.35,20.37,73.33K,-1.42%
30-Mar-21,21.03,21.9,22.35,20.97,59.03K,-4.41%
29-Mar-21,22,21.55,22.7,21.45,92.90K,2.89%
26-Mar-21,21.39,22.3,22.9,21.1,114.32K,-4.12%
25-Mar-21,22.31,22.9,24.5,22.15,118.60K,-2.92%
24-Mar-21,22.98,22.6,23.1,21.85,79.26K,0.63%
23-Mar-21,22.83,21.77,23.32,21.77,,5.07%
22-Mar-21,21.73,23.6,23.85,21.55,64.86K,-6.79%
19-Mar-21,23.32,24.15,24.81,23.2,78.52K,-4.05%
18-Mar-21,24.3,23.15,24.55,22.75,101.04K,16.83%
17-Mar-21,20.8,19.8,20.7,19.8,1.84K,4.42%
16-Mar-21,19.92,20.42,20.6,19.55,64.30K,-0.90%
15-Mar-21,20.1,22.05,22.24,20.05,62.75K,-8.54%
12-Mar-21,21.98,23,23.81,21.93,68.90K,-3.98%
11-Mar-21,22.89,23.42,23.65,22.65,57.70K,-2.62%
10-Mar-21,23.5,23.95,24.25,23.05,84.33K,-1.95%
9-Mar-21,23.97,25.4,25.55,23.6,73.76K,-5.50%
8-Mar-21,25.37,24.9,26.65,24.35,90.59K,1.26%
5-Mar-21,25.05,27.3,28.55,24.9,114.36K,-8.98%
4-Mar-21,27.52,26.2,29.25,25.19,139.98K,5.33%
3-Mar-21,26.13,24.75,26.4,23.65,107.11K,5.50%
2-Mar-21,24.76,24.5,25.15,24.11,73.84K,0.61%
1-Mar-21,24.62,26.75,27,24.2,83.54K,-7.96%
26-Feb-21,26.74,28.3,29.35,26.13,154.23K,-5.21%
25-Feb-21,28.22,24,29,23.78,180.92K,18.75%
24-Feb-21,23.76,25,26,23.7,81.36K,-3.99%
23-Feb-21,24.75,25.55,27.55,24.7,118.65K,-4.46%
22-Feb-21,25.9,24.8,26.33,24.6,83.59K,4.45%
19-Feb-21,24.8,25.85,26.55,24.54,89.17K,-3.89%
18-Feb-21,25.8,25.75,26.75,25.5,78.54K,13.12%
17-Feb-21,22.81,21.5,22.1,20.8,2.56K,7.38%
16-Feb-21,21.24,21.4,22.5,21.13,79.80K,-17.44%
15-Feb-21,25.73,25.85,25.88,25.57,,-0.58%
14-Feb-21,25.88,25.85,25.88,25.83,,21.16%
12-Feb-21,21.36,23,23.75,21.3,58.22K,-5.95%
11-Feb-21,22.71,23.75,24.35,22.65,63.19K,-4.34%
10-Feb-21,23.74,23.8,25.15,23.4,76.04K,0.17%
9-Feb-21,23.7,23.85,24.5,23.45,49.49K,-0.57%
8-Feb-21,23.84,24.05,24.45,23.74,49.83K,-1.08%
5-Feb-21,24.1,24.35,24.9,24.05,54.57K,-0.53%
4-Feb-21,24.23,25.53,26.4,24.1,,-6.02%
3-Feb-21,25.78,27.45,27.54,25.25,71.87K,-6.52%
2-Feb-21,27.58,30.6,30.8,27.15,94.85K,-9.07%
1-Feb-21,30.33,33.05,34.55,30.07,98.52K,-6.35%
29-Jan-21,32.39,30.4,34.1,29.6,167.92K,6.55%
28-Jan-21,30.39,32.7,34.35,28.85,176.77K,-3.61%
27-Jan-21,31.53,25.35,36.15,25.25,250.84K,24.10%
26-Jan-21,25.41,25.9,26.47,24.95,77.44K,-2.10%
25-Jan-21,25.95,25,27.1,24.35,106.05K,4.34%
22-Jan-21,24.88,24.6,25.88,24.6,49.50K,1.43%
21-Jan-21,24.52,24.81,25.2,24.5,,8.57%
20-Jan-21,22.59,22.9,23,22.2,0.91K,-2.73%
19-Jan-21,23.23,24.3,24.55,22.55,67.42K,-9.21%
18-Jan-21,25.58,25.77,25.83,25.52,,7.59%
15-Jan-21,23.77,23.1,25.2,23,80.16K,2.59%
14-Jan-21,23.17,22.75,23.3,22.27,,2.21%
13-Jan-21,22.67,23.5,23.96,22.5,51.57K,-2.79%
12-Jan-21,23.33,24.3,24.8,23.3,59.03K,-4.70%
11-Jan-21,24.48,22.8,24.81,22.8,74.00K,7.46%
8-Jan-21,22.77,23.2,23.77,22.55,72.11K,-1.94%
7-Jan-21,23.23,24.6,24.63,22.95,,-7.56%
6-Jan-21,25.13,25.5,26.45,23.2,125.81K,-0.79%
5-Jan-21,25.33,26.5,27.45,24.95,,-3.62%
4-Jan-21,26.27,23.4,27.35,23.15,114.92K,10.98%
31-Dec-20,23.67,23.8,24.13,23.18,33.63K,0.00%
30-Dec-20,23.67,24.9,24.9,23.55,38.61K,-3.86%
29-Dec-20,24.63,23.65,25.2,23.3,46.85K,4.01%
28-Dec-20,23.67,23.9,24.25,23.28,31.10K,-0.63%
24-Dec-20,23.83,24.6,24.67,23.8,20.75K,-3.25%
23-Dec-20,24.63,25.8,26.5,24.1,48.02K,-4.46%
22-Dec-20,25.77,26.25,27.1,25.6,50.93K,-2.09%
21-Dec-20,26.33,24.2,27.85,23.95,107.67K,8.89%
18-Dec-20,24.17,23.86,25,23.8,55.63K,1.47%
17-Dec-20,23.83,24.25,24.3,23.55,39.61K,2.03%
16-Dec-20,23.35,23.05,23.1,22.15,1.04K,2.08%
15-Dec-20,22.88,24.25,24.6,22.82,45.71K,-5.77%
14-Dec-20,24.27,23.15,24.4,22.3,49.13K,2.75%
11-Dec-20,23.63,22.4,25,22.35,61.40K,4.88%
10-Dec-20,22.52,22.45,23.25,21.81,56.15K,0.00%
9-Dec-20,22.52,21.4,22.78,20.88,75.87K,5.38%
8-Dec-20,21.38,22.8,22.96,21.35,40.70K,-4.89%
7-Dec-20,22.48,22.65,23.15,22.35,32.22K,0.00%
4-Dec-20,22.48,23,23.01,22.15,40.23K,-2.18%
3-Dec-20,22.98,22.8,23.31,22.3,37.11K,1.32%
2-Dec-20,22.67,22.65,23.05,22.2,41.08K,-0.66%
1-Dec-20,22.83,22.5,22.95,21.85,60.24K,2.01%
30-Nov-20,22.38,22.5,23.8,22.35,49.14K,-1.97%
27-Nov-20,22.83,22.7,23.06,22.25,27.59K,-0.67%
26-Nov-20,22.98,22.8,22.98,22.67,,1.57%
25-Nov-20,22.63,23.6,23.95,22.6,39.21K,-4.13%
24-Nov-20,23.6,24.1,24.1,23.45,40.75K,-2.07%
23-Nov-20,24.1,24.75,24.75,23.7,37.12K,-1.13%
20-Nov-20,24.38,24.9,25.15,23.95,40.49K,-0.41%
19-Nov-20,24.48,24.95,25.2,24.09,45.47K,9.21%
18-Nov-20,22.41,23.1,23.6,21.6,2.31K,-2.46%
17-Nov-20,22.98,22.85,24.21,22.75,44.27K,0.22%
16-Nov-20,22.92,23.35,24.11,22.69,44.14K,-1.71%
13-Nov-20,23.33,25.9,26.5,23.25,49.98K,-9.86%
12-Nov-20,25.88,24.1,26.9,23.8,67.86K,8.60%
11-Nov-20,23.83,24.7,24.96,23.18,49.11K,-3.44%
10-Nov-20,24.67,25.2,26.15,24.07,76.30K,-3.52%
9-Nov-20,25.58,25.4,25.63,22.45,100.32K,0.39%
6-Nov-20,25.48,27.7,28.9,25.2,76.25K,-8.28%
5-Nov-20,27.77,28.6,29,27.14,54.07K,-2.11%
4-Nov-20,28.38,31.2,33.1,28.21,114.81K,-9.71%
3-Nov-20,31.42,33.15,33.2,30.99,58.47K,-5.84%
2-Nov-20,33.38,34.5,35.25,32.55,60.15K,-2.13%
30-Oct-20,34.1,34.45,36.5,33.33,78.92K,2.94%
29-Oct-20,33.13,35.7,36.15,32.16,83.90K,-7.99%
28-Oct-20,36,31.8,36.2,31.75,130.15K,14.92%
27-Oct-20,31.33,31.45,32.05,30.65,67.54K,0.00%
26-Oct-20,31.33,29.05,31.82,28.93,,8.86%
23-Oct-20,28.77,28.8,29.32,28.44,35.53K,-0.17%
22-Oct-20,28.83,29.3,29.85,28.35,38.65K,-0.84%
21-Oct-20,29.07,29.2,30.3,28.6,0.88K,-0.70%
20-Oct-20,29.27,28.85,29.8,28.15,39.68K,0.34%
19-Oct-20,29.17,27.75,29.35,27.13,35.03K,4.66%
16-Oct-20,27.88,27.59,28,27.07,32.35K,1.09%
15-Oct-20,27.58,27.2,29.53,27.09,47.47K,1.85%
14-Oct-20,27.08,26.9,27.68,26.3,46.71K,1.12%
13-Oct-20,26.77,26.15,27.71,26.15,38.44K,1.71%
12-Oct-20,26.33,26.85,27.25,26.15,35.69K,-2.05%
9-Oct-20,26.88,28.05,28.05,26.61,41.53K,-4.44%
8-Oct-20,28.13,30,30.15,27.95,35.33K,-6.33%
7-Oct-20,30.02,31.55,31.62,29.68,32.54K,-3.84%
6-Oct-20,31.23,30.85,31.7,29.8,48.14K,1.30%
5-Oct-20,30.83,31.65,32.04,30.6,30.48K,-3.90%
2-Oct-20,32.08,30.6,34.3,30.53,55.15K,4.56%
1-Oct-20,30.67,30.4,31,29.58,43.15K,0.99%
30-Sep-20,30.38,30,31.1,29.45,42.21K,2.02%
29-Sep-20,29.77,30.95,31.35,29.7,41.96K,-3.41%
28-Sep-20,30.83,31.16,31.4,30.7,28.46K,-1.28%
25-Sep-20,31.23,32.25,32.66,31,38.62K,-3.10%
24-Sep-20,32.22,32.55,33.28,31.63,54.15K,-0.77%
23-Sep-20,32.47,31.35,33.06,30.74,53.58K,3.51%
22-Sep-20,31.38,31.25,32.15,30.9,43.85K,0.48%
21-Sep-20,31.23,30.02,32.98,29.82,,3.82%
18-Sep-20,30.08,29.95,30.85,29.18,59.29K,0.84%
17-Sep-20,29.83,30.4,32.01,29.75,63.71K,14.18%
16-Sep-20,26.12,25.5,25.8,25.1,0.74K,2.94%
15-Sep-20,25.38,25.8,26.15,24.88,29.48K,-1.36%
14-Sep-20,25.73,26.32,26.35,24.95,45.01K,-2.28%
11-Sep-20,26.33,28.75,29.1,26.25,66.11K,-8.51%
10-Sep-20,28.77,28.5,29.62,27.55,74.87K,1.41%
9-Sep-20,28.38,30.98,31.13,27.92,,-6.12%
8-Sep-20,30.23,29.95,34.1,29.1,107.96K,2.39%
7-Sep-20,29.52,30.38,30.98,29.42,,-2.89%
6-Sep-20,30.4,29.93,31.05,29.85,,2.53%
4-Sep-20,29.65,34.55,37.35,29.05,145.36K,-12.47%
3-Sep-20,33.88,28.95,35.5,27.83,154.39K,17.32%
2-Sep-20,28.88,28.4,29.1,27.84,74.48K,1.94%
1-Sep-20,28.33,28.05,28.78,27.25,60.53K,1.61%
31-Aug-20,27.88,26.9,28.3,26.4,71.33K,3.43%
28-Aug-20,26.95,27.05,28.65,26.25,81.17K,-0.28%
27-Aug-20,27.02,26.2,29.4,25.51,114.77K,3.64%
26-Aug-20,26.08,25.5,26.38,24.7,48.77K,2.36%
25-Aug-20,25.48,25.9,26.71,25.35,49.64K,-1.36%
24-Aug-20,25.83,25.78,26.15,25.05,44.37K,-0.39%
21-Aug-20,25.92,25.9,26.95,25.6,46.61K,0.19%
20-Aug-20,25.88,26.35,27.41,25.75,56.47K,19.18%
19-Aug-20,21.71,21.95,21.95,21.6,0.73K,-0.30%
18-Aug-20,21.77,21.81,22.56,21.4,40.85K,0.00%
17-Aug-20,21.77,23.15,23.2,21.77,36.27K,-6.44%
14-Aug-20,23.27,23.2,24.3,22.95,39.20K,0.22%
13-Aug-20,23.23,23.6,23.65,22.6,45.07K,-0.21%
12-Aug-20,23.27,24.64,25.03,23.03,49.60K,-6.62%
11-Aug-20,24.92,23.81,25.4,22.65,68.35K,4.84%
10-Aug-20,23.77,24.6,24.8,23.55,43.36K,-3.45%
7-Aug-20,24.63,24.81,25.66,24.3,49.14K,-1.01%
6-Aug-20,24.88,25.25,25.85,24.8,33.23K,-1.78%
5-Aug-20,25.33,25.85,26.1,25.25,37.89K,-2.13%
4-Aug-20,25.88,26.85,26.9,25.8,37.41K,-3.36%
3-Aug-20,26.77,26.95,27.3,26.44,43.96K,-0.19%
31-Jul-20,26.83,26.7,28.26,26.55,60.02K,-1.29%
30-Jul-20,27.17,26.9,29.71,26.66,74.48K,1.49%
29-Jul-20,26.77,27.5,27.9,26.6,37.66K,-2.72%
28-Jul-20,27.52,27.5,28.06,26.57,52.21K,0.00%
27-Jul-20,27.52,28.8,29,27.47,39.74K,-4.18%
24-Jul-20,28.73,28.55,29.9,28.25,56.89K,-0.17%
23-Jul-20,28.77,27.39,29.11,26.79,61.85K,13.06%
22-Jul-20,25.45,24.85,25.9,24.35,0.72K,2.72%
21-Jul-20,24.77,24.7,25.58,23.83,41.66K,0.20%
20-Jul-20,24.73,26.5,27.1,24.45,40.32K,-6.43%
17-Jul-20,26.42,28.15,28.2,26.1,40.76K,-6.04%
16-Jul-20,28.13,28.34,29.7,27.5,43.79K,-0.71%
15-Jul-20,28.33,29.45,29.91,28.27,52.12K,-4.39%
14-Jul-20,29.63,32.1,32.81,29.58,71.51K,-6.91%
13-Jul-20,31.83,28.67,32.45,28.2,78.09K,10.60%
10-Jul-20,28.77,30.2,31.15,28.7,45.44K,-4.80%
9-Jul-20,30.23,29.45,31.65,29.19,62.97K,2.37%
8-Jul-20,29.52,30.6,31.13,29.4,47.92K,-3.43%
7-Jul-20,30.58,29.3,30.7,28.67,46.32K,4.53%
6-Jul-20,29.25,29.19,30,28.13,51.73K,-2.04%
3-Jul-20,29.86,29.28,29.93,28.88,,2.70%
2-Jul-20,29.08,29.8,30.3,27.92,64.43K,-2.51%
1-Jul-20,29.83,30.8,31.9,29.5,60.01K,-3.40%
30-Jun-20,30.88,32.51,33.16,30.43,71.81K,-4.49%
29-Jun-20,32.33,34.95,35.25,32.1,60.08K,-6.37%
26-Jun-20,34.53,32.35,34.85,31.85,76.64K,7.30%
25-Jun-20,32.17,33.6,35.45,31.97,69.26K,-4.17%
24-Jun-20,33.58,31.85,35.25,31.45,111.40K,5.17%
23-Jun-20,31.92,31.75,34.35,30.31,62.14K,0.95%
22-Jun-20,31.63,36.05,36.6,31.6,74.62K,-10.35%
19-Jun-20,35.28,33.48,35.35,32.12,70.57K,5.06%
18-Jun-20,33.58,33.6,35.35,33.2,60.89K,0.40%
17-Jun-20,33.44,33.7,34.25,32.3,0.51K,1.03%
16-Jun-20,33.1,33.8,36.65,31.55,46.06K,-2.36%
15-Jun-20,33.9,37.25,41.85,33.85,64.53K,-3.35%
12-Jun-20,35.08,39.65,42.55,34.95,151.18K,-13.66%
11-Jun-20,40.63,27.45,40.9,27.4,157.66K,47.86%
10-Jun-20,27.48,27.6,28.35,25.93,59.25K,-0.54%
9-Jun-20,27.63,26.05,27.8,25.96,51.08K,6.15%
8-Jun-20,26.02,25.35,26.25,24.95,32.58K,2.76%
5-Jun-20,25.33,26.7,26.9,24.8,50.00K,-5.24%
4-Jun-20,26.73,27.1,27.7,25.8,52.44K,-1.02%
3-Jun-20,27,28.15,28.3,26.71,55.05K,-4.34%
2-Jun-20,28.23,29.55,29.96,28.05,47.03K,-4.40%
1-Jun-20,29.52,29.55,30.45,28.98,40.80K,2.43%
29-May-20,28.83,30.35,31.2,28.8,62.60K,-4.95%
28-May-20,30.33,29.15,30.8,28.75,51.84K,4.30%
27-May-20,29.08,29.7,31.35,28.61,57.32K,-1.86%
26-May-20,29.63,30.5,30.65,28.7,53.30K,-0.15%
25-May-20,29.67,29.9,30.62,29.48,,-0.84%
24-May-20,29.92,30.45,30.45,29.88,,-1.50%
22-May-20,30.38,30.8,32.55,30.14,43.13K,-2.10%
21-May-20,31.02,29.6,31.3,29.45,49.24K,10.37%
20-May-20,28.11,31.67,31.75,29.42,,-8.59%
19-May-20,30.75,30.12,32.38,29.52,,6.31%
18-May-20,28.92,31.9,32.25,28.4,31.75K,-9.96%
15-May-20,32.13,32.75,35.1,31.45,54.23K,-0.77%
14-May-20,32.38,34.45,38.35,32.29,70.20K,-7.70%
13-May-20,35.08,33.2,36.95,30.43,88.73K,6.05%
12-May-20,33.08,28.23,34.03,26.52,,18.87%
11-May-20,27.83,30,31.65,27.5,43.35K,-5.12%
8-May-20,29.33,32.13,32.3,29.3,39.79K,-8.72%
7-May-20,32.13,34.8,35.05,32.05,41.87K,-7.62%
6-May-20,34.78,34.2,35.1,32.96,39.23K,2.20%
5-May-20,34.03,35.6,36.08,32.88,,-4.63%
4-May-20,35.67,38,39.85,35.55,40.13K,-4.48%
1-May-20,37.35,34.9,37.8,34.78,44.16K,9.93%
30-Apr-20,33.97,31.6,34.85,31.45,40.73K,6.42%
29-Apr-20,31.92,34.1,34.27,31.45,47.16K,-6.58%
28-Apr-20,34.17,34,35.07,32.55,36.43K,0.89%
27-Apr-20,33.88,36.55,37.15,33.45,47.55K,-7.89%
24-Apr-20,36.78,39.8,40.55,36.65,42.62K,-7.43%
23-Apr-20,39.72,39.5,40.3,38.05,42.38K,0.25%
22-Apr-20,39.63,41.4,42.4,39.1,35.34K,-5.15%
21-Apr-20,41.78,38.41,43.33,37.4,,6.91%
20-Apr-20,39.08,34.9,39.2,34.84,39.53K,13.02%
17-Apr-20,34.58,35.1,36.2,34.05,41.48K,-5.34%
16-Apr-20,36.53,36.6,38,35.6,38.07K,-14.08%
15-Apr-20,42.51,38.3,42.45,38,0.94K,12.24%
14-Apr-20,37.88,40.8,41.15,37.1,25.25K,-6.65%
13-Apr-20,40.58,41.05,43.65,40.55,18.18K,-1.70%
9-Apr-20,41.28,42.6,43.85,41.1,39.59K,-2.60%
8-Apr-20,42.38,44.05,44.8,41.49,30.29K,-3.75%
7-Apr-20,44.03,42.15,44.37,40.2,47.73K,5.39%
6-Apr-20,41.78,45,45,40.3,38.98K,-7.01%
3-Apr-20,44.92,47.55,49.05,44.15,48.25K,-4.77%
2-Apr-20,47.17,50.5,51.05,47.05,42.11K,-8.09%
1-Apr-20,51.33,48.85,51.75,47.45,46.46K,9.73%
31-Mar-20,46.78,49.6,51.3,45.9,55.26K,-6.03%
30-Mar-20,49.78,55.45,56.65,49.55,46.77K,-6.83%
27-Mar-20,53.42,46.35,53.65,45.65,55.77K,16.46%
26-Mar-20,45.88,51.5,56,45.7,82.09K,-10.53%
25-Mar-20,51.28,47,54.15,44.2,75.47K,6.27%
24-Mar-20,48.25,48.55,49.45,40.15,100.91K,-2.43%
23-Mar-20,49.45,63.05,72.5,48.75,127.92K,-19.63%
20-Mar-20,61.53,68,68.95,53.05,135.09K,-7.20%
19-Mar-20,66.3,71.45,79.95,56.7,175.53K,-4.96%
18-Mar-20,69.76,70.55,82,70.45,0.90K,1.36%
17-Mar-20,68.82,72.5,79.05,64.9,52.48K,-5.23%
16-Mar-20,72.63,54,76.25,53.46,62.07K,35.94%
13-Mar-20,53.42,60.4,65,50.9,101.94K,-8.36%
12-Mar-20,58.3,48.1,60.45,45.28,136.72K,25.78%
11-Mar-20,46.35,42.05,48.8,41.95,123.64K,10.82%
10-Mar-20,41.83,45.8,47.65,37.25,135.03K,-5.75%
9-Mar-20,44.38,38.9,53.15,35.78,173.49K,24.04%
6-Mar-20,35.78,31.85,40.15,31.2,234.38K,12.24%
5-Mar-20,31.88,27.4,33.25,27.3,194.82K,16.23%
4-Mar-20,27.42,29.3,29.7,26.6,140.20K,-6.00%
3-Mar-20,29.17,26.05,29.95,24.6,232.48K,11.04%
2-Mar-20,26.27,29.05,30.2,24.8,230.80K,-0.19%
28-Feb-20,26.33,26.65,30.05,25.69,376.55K,0.19%
27-Feb-20,26.27,22.5,26.54,22.05,371.01K,17.69%
26-Feb-20,22.33,22,23.25,20.88,280.79K,0.45%
25-Feb-20,22.23,20.3,23.15,18.85,391.73K,10.71%
24-Feb-20,20.08,17.9,20.7,16.93,350.91K,18.61%
21-Feb-20,16.92,16.2,17.55,16.08,198.27K,5.29%
20-Feb-20,16.08,15.35,16.6,15.25,161.66K,10.79%
19-Feb-20,14.51,15,15,14.45,1.95K,-2.45%
18-Feb-20,14.88,14.3,15.45,14.18,93.86K,-2.97%
17-Feb-20,15.33,15.33,15.38,15.03,,0.33%
16-Feb-20,15.28,15.28,15.28,15.28,,5.93%
14-Feb-20,14.43,15,15.07,14.4,59.79K,-2.70%
13-Feb-20,14.82,14.45,15.85,14.45,77.75K,2.42%
12-Feb-20,14.48,15.55,15.65,14.4,90.17K,-7.36%
11-Feb-20,15.63,15.65,15.8,15.15,75.87K,0.00%
10-Feb-20,15.63,16.15,16.75,15.6,74.24K,-2.50%
7-Feb-20,16.02,15.55,16.4,15.45,80.94K,2.89%
6-Feb-20,15.57,15.81,16,15.38,73.79K,-0.95%
5-Feb-20,15.73,16.65,17,15.69,113.18K,-4.84%
4-Feb-20,16.52,17.95,18.25,16.35,113.46K,-8.07%
3-Feb-20,17.98,18.5,18.5,17.2,137.44K,-1.37%
31-Jan-20,18.23,16.1,19.11,15.93,214.49K,13.37%
30-Jan-20,16.08,16.65,17.8,16,141.70K,-3.60%
29-Jan-20,16.67,16.6,16.96,16.15,92.95K,0.00%
28-Jan-20,16.67,17.75,17.85,16.55,129.07K,-6.19%
27-Jan-20,17.77,16.4,17.95,16.02,213.37K,10.92%
24-Jan-20,16.02,15.05,16.35,14.65,187.24K,6.66%
23-Jan-20,15.02,15.25,15.65,15,81.01K,19.06%
22-Jan-20,12.62,12.75,12.85,12.28,1.36K,-2.36%
21-Jan-20,12.93,12.6,13.1,12.3,83.03K,-13.14%
20-Jan-20,14.88,14.83,14.98,14.82,,0.00%
19-Jan-20,14.88,14.9,14.93,14.88,,18.80%
17-Jan-20,12.52,12.63,12.95,12.35,58.85K,-0.40%
16-Jan-20,12.57,12.91,12.95,12.55,66.28K,-2.71%
15-Jan-20,12.93,13.35,13.35,12.8,85.41K,-1.15%
14-Jan-20,13.07,13.25,13.58,12.85,93.32K,-0.76%
13-Jan-20,13.18,13.6,13.65,13.15,61.95K,-2.95%
10-Jan-20,13.57,13.65,13.85,13.4,67.81K,-0.37%
9-Jan-20,13.63,14.16,14.35,13.6,78.83K,-3.88%
8-Jan-20,14.18,15,17.27,13.85,150.32K,-3.41%
7-Jan-20,14.68,15,15.16,14.5,74.73K,-1.34%
6-Jan-20,14.88,15.6,16.15,14.73,84.25K,-1.00%
3-Jan-20,15.02,14.1,16.15,14.07,131.25K,6.75%
2-Jan-20,14.07,14.75,14.78,14.05,81.93K,-3.13%
1-Jan-20,14.53,14.62,14.68,14.47,,-0.65%
31-Dec-19,14.63,15.55,15.85,14.6,63.58K,-5.80%
30-Dec-19,15.52,15.09,15.8,14.8,89.22K,2.64%
27-Dec-19,15.13,14.61,15.2,14.4,60.69K,4.13%
26-Dec-19,14.52,14.55,14.65,14.45,29.03K,-0.31%
25-Dec-19,14.57,14.53,14.57,14.53,,0.31%
24-Dec-19,14.52,14.75,14.85,14.5,27.69K,-1.69%
23-Dec-19,14.77,14.8,14.9,14.6,31.16K,0.00%
20-Dec-19,14.77,14.65,14.82,14.46,54.73K,1.03%
19-Dec-19,14.63,14.88,15.07,14.55,62.85K,21.98%
18-Dec-19,11.99,12.4,12.55,12.05,1.44K,-3.89%
17-Dec-19,12.48,12.15,12.56,11.9,76.78K,2.04%
16-Dec-19,12.23,12.65,12.65,11.8,91.52K,-2.78%
13-Dec-19,12.57,13.6,14,12.55,136.09K,-7.71%
12-Dec-19,13.63,14.79,15.06,13.55,116.40K,-7.78%
11-Dec-19,14.77,15.35,15.55,14.75,68.24K,-3.27%
10-Dec-19,15.27,15.65,16.2,15.11,94.78K,-2.24%
9-Dec-19,15.63,14.39,15.8,14.3,81.76K,8.32%
6-Dec-19,14.43,15.04,15.1,14.25,69.63K,-3.99%
5-Dec-19,15.02,15.35,15.75,15,66.20K,-1.96%
4-Dec-19,15.32,16.25,16.55,15.05,100.90K,-5.55%
3-Dec-19,16.23,15.25,17,15.1,182.11K,6.57%
2-Dec-19,15.23,14.2,15.4,13.75,146.78K,7.79%
29-Nov-19,14.13,13.85,14.25,13.8,44.55K,0.39%
28-Nov-19,14.07,14.03,14.13,14.03,,1.77%
27-Nov-19,13.82,13.95,14,13.8,43.65K,-0.36%
26-Nov-19,13.88,14.1,14.3,13.8,68.93K,-1.42%
25-Nov-19,14.07,14.75,14.79,14.05,71.70K,-4.74%
22-Nov-19,14.77,15.35,15.4,14.75,68.29K,-3.59%
21-Nov-19,15.32,15.5,15.75,15.1,81.58K,17.79%
20-Nov-19,13.01,13.05,13.5,13,2.11K,-0.50%
19-Nov-19,13.07,12.74,13.15,12.3,70.59K,3.16%
18-Nov-19,12.68,13.1,13.25,12.6,73.40K,-2.31%
15-Nov-19,12.98,13.7,13.75,12.85,77.32K,-5.46%
14-Nov-19,13.73,13.96,14.35,13.7,69.68K,-1.79%
13-Nov-19,13.98,13.92,14.35,13.82,77.93K,0.72%
12-Nov-19,13.88,14.15,14.3,13.78,70.50K,-1.42%
11-Nov-19,14.07,14.3,14.7,14.05,64.27K,-1.40%
8-Nov-19,14.27,14.7,15.01,14.25,72.90K,-2.39%
7-Nov-19,14.63,14.8,14.95,14.45,72.10K,-1.02%
6-Nov-19,14.77,15.05,15.27,14.75,82.17K,-1.66%
5-Nov-19,15.02,14.75,15.05,14.55,68.75K,2.04%
4-Nov-19,14.73,14.65,14.85,14.25,77.12K,1.03%
1-Nov-19,14.57,15.3,15.36,14.5,87.95K,-4.58%
31-Oct-19,15.27,15.05,15.8,14.94,79.85K,2.00%
30-Oct-19,14.98,15.48,16.01,14.91,81.92K,-3.23%
29-Oct-19,15.48,15.55,15.95,15.4,58.14K,-0.96%
28-Oct-19,15.63,15.4,15.65,15.2,56.86K,1.30%
25-Oct-19,15.43,16.1,16.15,15.35,62.05K,-3.74%
24-Oct-19,16.02,16.15,16.41,15.95,56.44K,-0.93%
23-Oct-19,16.17,16.55,16.81,16.15,44.86K,-1.82%
22-Oct-19,16.48,16.1,16.6,15.95,55.49K,2.49%
21-Oct-19,16.08,16.7,16.8,16.05,49.01K,-3.60%
18-Oct-19,16.67,16.6,17.05,16.47,68.88K,0.60%
17-Oct-19,16.58,16.72,16.95,16.41,73.85K,20.28%
16-Oct-19,13.78,13.68,14.3,13.6,1.11K,1.14%
15-Oct-19,13.63,14.55,14.6,13.5,82.48K,-6.20%
14-Oct-19,14.52,15.95,16.4,14.49,71.42K,-8.21%
11-Oct-19,15.82,17.4,17.63,15.5,110.81K,-10.21%
10-Oct-19,17.63,18.65,19.96,17.23,80.59K,-5.11%
9-Oct-19,18.58,20.05,20.15,18.4,88.33K,-7.47%
8-Oct-19,20.08,18,20.25,17.65,109.35K,11.68%
7-Oct-19,17.98,18.25,18.45,17.31,64.37K,1.99%
4-Oct-19,17.63,19.02,19.6,17.55,95.13K,-7.11%
3-Oct-19,18.98,20.1,20.6,18.95,124.86K,-5.48%
2-Oct-19,20.08,18.45,20.4,18.08,160.82K,8.08%
1-Oct-19,18.58,17.15,18.6,16.78,98.31K,8.47%
30-Sep-19,17.13,17.8,18.02,17.1,62.65K,-4.99%
27-Sep-19,18.02,17.5,18.65,17.1,108.11K,3.44%
26-Sep-19,17.42,17.25,17.95,17,83.70K,1.16%
25-Sep-19,17.23,17.85,18.55,17.2,98.68K,-3.64%
24-Sep-19,17.88,16.7,18,16.4,129.88K,6.88%
23-Sep-19,16.73,17.25,17.35,16.65,60.38K,-2.90%
20-Sep-19,17.23,16.3,17.35,16,92.42K,6.16%
19-Sep-19,16.23,16.4,16.9,15.95,70.68K,11.59%
18-Sep-19,14.54,14.61,14.8,14.1,2.34K,0.10%
17-Sep-19,14.52,14.64,14.9,14.45,52.98K,-0.68%
16-Sep-19,14.63,15.25,15.45,14.47,52.85K,1.04%
13-Sep-19,14.48,15.05,15.05,14.35,47.99K,-3.34%
12-Sep-19,14.98,15.84,16.1,14.9,94.85K,-4.77%
11-Sep-19,15.73,16.3,16.5,15.65,78.77K,-3.08%
10-Sep-19,16.23,16.45,17.06,16.2,67.89K,-1.22%
9-Sep-19,16.42,16.55,16.95,16.13,59.36K,-0.61%
6-Sep-19,16.52,17.35,17.35,16.45,75.18K,-4.34%
5-Sep-19,17.27,18.16,18.25,17.1,95.21K,-4.43%
4-Sep-19,18.08,19.6,19.6,18.05,88.45K,-7.43%
3-Sep-19,19.52,19.3,19.97,18.62,108.38K,1.17%
2-Sep-19,19.3,19.08,19.33,18.62,,0.94%
1-Sep-19,19.12,19.43,19.43,19.12,,1.57%
30-Aug-19,18.83,18.6,19.16,18.01,81.60K,1.89%
29-Aug-19,18.48,19.46,19.9,18.25,83.34K,-4.65%
28-Aug-19,19.38,20.05,20.8,19.35,99.80K,-3.73%
27-Aug-19,20.13,19.45,20.5,19.1,90.56K,3.60%
26-Aug-19,19.42,21,21.15,18.8,116.07K,-1.27%
23-Aug-19,19.67,17.88,20.57,17.55,239.79K,10.07%
22-Aug-19,17.88,17.35,18.4,17.3,96.36K,14.36%
21-Aug-19,15.63,17.43,17.55,15.95,2.07K,-9.26%
20-Aug-19,17.23,16.95,17.7,16.53,73.55K,2.38%
19-Aug-19,16.83,18.95,18.95,16.6,61.57K,-10.39%
16-Aug-19,18.77,21.2,21.2,18.75,90.38K,-11.33%
15-Aug-19,21.17,21.65,23,20.45,154.33K,-1.17%
14-Aug-19,21.42,18.15,21.89,18.05,180.20K,18.21%
13-Aug-19,18.13,20.7,21.19,18.1,151.51K,-12.76%
12-Aug-19,20.77,18.55,20.95,18.05,108.07K,12.45%
9-Aug-19,18.48,17.95,19.25,17.73,112.58K,4.23%
8-Aug-19,17.73,19.44,19.8,17.63,117.33K,-8.52%
7-Aug-19,19.38,19.65,21.57,19.1,182.71K,-1.52%
6-Aug-19,19.67,23.25,23.6,19.05,221.17K,-9.02%
5-Aug-19,21.63,17.5,21.9,17.37,280.81K,23.75%
2-Aug-19,17.48,17.47,18.8,17.07,206.65K,0.00%
1-Aug-19,17.48,16.35,18.2,15.05,278.26K,8.71%
31-Jul-19,16.08,14.95,16.5,14.6,138.75K,6.63%
30-Jul-19,15.07,14.49,15.15,14.35,83.36K,4.15%
29-Jul-19,14.48,14.4,14.7,14.35,53.03K,0.70%
26-Jul-19,14.38,14.8,14.8,14.25,64.20K,-2.04%
25-Jul-19,14.68,14.45,15.15,14.3,85.65K,2.09%
24-Jul-19,14.38,14.85,15.05,14.25,73.54K,-2.71%
23-Jul-19,14.77,15.2,15.35,14.7,56.44K,-2.64%
22-Jul-19,15.18,15.75,15.88,15.15,85.77K,-4.41%
19-Jul-19,15.88,15.25,15.9,15.1,91.95K,3.59%
18-Jul-19,15.32,15.8,15.95,15.23,90.37K,20.76%
17-Jul-19,12.69,12.95,12.95,12.18,3.41K,-0.67%
16-Jul-19,12.77,12.95,13.15,12.45,68.01K,-0.78%
15-Jul-19,12.88,13.05,13.25,12.85,63.79K,-1.90%
12-Jul-19,13.13,13.7,13.7,13.05,57.80K,-3.67%
11-Jul-19,13.63,14.05,14.15,13.6,72.70K,-2.85%
10-Jul-19,14.02,14.9,15.15,13.95,89.96K,-5.40%
9-Jul-19,14.82,14.85,15.45,14.75,70.09K,-0.34%
8-Jul-19,14.88,14.33,15.05,14.25,69.22K,3.84%
5-Jul-19,14.32,14.05,15.2,13.99,98.20K,0.88%
4-Jul-19,14.2,14.18,14.28,14.12,,1.25%
3-Jul-19,14.02,14.25,14.6,14,56.80K,-1.41%
2-Jul-19,14.23,14.95,15.1,14.15,97.85K,-4.69%
1-Jul-19,14.93,15.5,15.5,14.85,90.27K,-3.86%
28-Jun-19,15.52,16.07,16.2,15.53,64.50K,-3.42%
27-Jun-19,16.08,16.6,16.65,16.05,56.24K,-2.72%
26-Jun-19,16.52,16.7,16.8,16.23,52.48K,-0.90%
25-Jun-19,16.67,16.3,16.8,16.22,65.46K,2.46%
24-Jun-19,16.27,16.6,16.6,16.14,44.32K,-1.51%
21-Jun-19,16.52,16.15,16.6,15.95,65.89K,2.48%
20-Jun-19,16.13,15.86,16.6,15.59,113.85K,8.95%
19-Jun-19,14.8,15.05,15.3,14.9,1.63K,-1.82%
18-Jun-19,15.07,15.3,15.55,14.95,73.49K,-1.31%
17-Jun-19,15.27,15.8,15.85,15.25,44.99K,-3.17%
14-Jun-19,15.77,16.1,16.55,15.75,51.06K,-2.17%
13-Jun-19,16.13,16.35,16.72,15.98,60.96K,-1.23%
12-Jun-19,16.33,16.5,16.85,16.25,53.11K,-0.91%
11-Jun-19,16.48,16.35,16.8,16,70.20K,0.61%
10-Jun-19,16.38,16.4,16.75,16.25,59.87K,-2.09%
7-Jun-19,16.73,16.6,16.8,16.2,74.37K,1.52%
6-Jun-19,16.48,16.85,17.13,16.35,81.96K,-0.90%
5-Jun-19,16.63,17.26,17.5,16.6,85.27K,-3.48%
4-Jun-19,17.23,18.25,18.37,17.2,100.05K,-5.75%
3-Jun-19,18.27,18.65,18.9,17.8,128.24K,0.55%
31-May-19,18.17,17.41,18.75,17.38,125.61K,4.30%
30-May-19,17.42,17.82,17.85,17.15,77.08K,-1.97%
29-May-19,17.77,17.4,18.2,17.35,111.06K,2.30%
28-May-19,17.38,16.9,17.5,16.5,70.94K,4.48%
27-May-19,16.63,16.88,16.93,16.58,,-1.19%
26-May-19,16.83,16.88,16.88,16.73,,0.63%
24-May-19,16.73,17.35,17.35,16.6,87.63K,-3.46%
23-May-19,17.33,16.25,17.62,16.25,148.97K,15.42%
22-May-19,15.01,15,15.25,14.6,0.90K,-0.10%
21-May-19,15.02,15.85,16.13,14.78,73.87K,-6.82%
20-May-19,16.13,15.85,17.12,15.4,95.48K,1.57%
17-May-19,15.88,15.6,16.72,15.2,105.96K,0.95%
16-May-19,15.73,16.95,17.45,15.55,85.40K,-7.09%
15-May-19,16.92,17.95,18.92,16.85,98.99K,-6.62%
14-May-19,18.13,19.5,19.73,17.8,110.09K,-7.17%
13-May-19,19.52,17.3,19.8,16.13,219.29K,21.09%
10-May-19,16.13,18.1,18.95,16.05,227.94K,-10.29%
9-May-19,17.98,18.27,20.5,17.85,234.38K,-1.10%
8-May-19,18.17,18.05,18.95,17.39,207.94K,1.68%
7-May-19,17.88,16.15,19.2,15.45,326.39K,15.14%
6-May-19,15.52,15.2,16.8,15.05,194.11K,8.76%
3-May-19,14.27,15.1,15.15,14.2,91.24K,-5.93%
2-May-19,15.18,15.35,15.91,14.7,141.87K,-0.33%
1-May-19,15.23,14.37,15.4,14.2,91.24K,5.55%
30-Apr-19,14.43,14.55,14.98,14.35,69.95K,-0.69%
29-Apr-19,14.52,14.35,14.6,14.2,55.86K,1.40%
26-Apr-19,14.32,14.9,15,14.2,76.13K,-3.37%
25-Apr-19,14.82,14.6,15.35,14.45,106.42K,1.72%
24-Apr-19,14.57,14.15,14.65,14.13,84.58K,3.19%
23-Apr-19,14.13,14.2,14.4,14.05,53.64K,-0.35%
22-Apr-19,14.18,14.45,14.75,14.15,49.81K,-1.73%
18-Apr-19,14.43,14.65,15.1,14.35,72.93K,23.19%
17-Apr-19,11.71,12.5,12.65,12.25,2.44K,-6.88%
16-Apr-19,12.57,12.65,12.75,12.25,67.40K,0.00%
15-Apr-19,12.57,12.85,13.41,12.55,75.34K,-1.57%
12-Apr-19,12.77,13.77,13.9,12.75,83.30K,-7.59%
11-Apr-19,13.82,14.4,14.6,13.75,82.09K,-4.16%
10-Apr-19,14.43,15.1,15.21,14.3,59.09K,-4.31%
9-Apr-19,15.07,14.35,15.15,14.35,63.49K,4.15%
8-Apr-19,14.48,14.35,14.7,14.27,63.22K,1.05%
5-Apr-19,14.32,14.8,14.89,14.3,56.05K,-3.05%
4-Apr-19,14.77,14.9,15.2,14.7,64.55K,-0.67%
3-Apr-19,14.88,14.85,15.35,14.45,91.75K,0.00%
2-Apr-19,14.88,15,15.2,14.75,62.10K,0.00%
1-Apr-19,14.88,15.2,15.2,14.85,78.32K,-2.30%
29-Mar-19,15.23,15.6,15.75,15.05,85.75K,-2.56%
28-Mar-19,15.63,16.3,16.6,15.58,69.33K,-3.70%
27-Mar-19,16.23,15.9,17,15.75,110.82K,1.88%
26-Mar-19,15.93,16.8,16.8,15.85,97.61K,-5.35%
25-Mar-19,16.83,16.65,17.5,16.5,140.27K,0.60%
22-Mar-19,16.73,15.08,17.1,15.05,228.73K,10.95%
21-Mar-19,15.07,15.45,15.65,14.9,87.81K,-1.63%
20-Mar-19,15.32,15.1,15.55,14.8,104.13K,24.09%
19-Mar-19,12.35,13,13.05,12.4,3.01K,-4.45%
18-Mar-19,12.93,13.5,13.85,12.9,54.10K,-4.08%
15-Mar-19,13.48,13.92,13.95,13.25,60.93K,-3.23%
14-Mar-19,13.93,14.07,14.31,13.75,59.50K,-1.07%
13-Mar-19,14.07,14.45,17.67,14,69.20K,-2.76%
12-Mar-19,14.48,15.05,15.25,14.35,83.76K,-3.66%
11-Mar-19,15.02,16.8,16.96,14.95,98.83K,-9.92%
8-Mar-19,16.68,16.75,17.9,16.55,126.07K,-0.30%
7-Mar-19,16.73,16.15,17.3,16.01,154.14K,4.11%
6-Mar-19,16.07,15.55,16.22,15.43,90.79K,3.88%
5-Mar-19,15.47,15.4,15.8,15.2,81.35K,1.24%
4-Mar-19,15.28,14.75,16.46,14.45,165.99K,3.10%
1-Mar-19,14.82,15.65,15.7,14.8,74.39K,-4.82%
28-Feb-19,15.57,15.65,16,15.3,75.11K,-0.70%
27-Feb-19,15.68,15.82,16.4,15.56,86.05K,-0.25%
26-Feb-19,15.72,15.6,15.98,15.4,65.70K,0.96%
25-Feb-19,15.57,15.15,15.65,14.7,81.83K,2.57%
22-Feb-19,15.18,15.9,16,15.14,63.21K,-4.41%
21-Feb-19,15.88,15.5,16.17,15.4,92.81K,1.99%
20-Feb-19,15.57,16.35,16.56,15.5,92.14K,-4.60%
19-Feb-19,16.32,16.3,16.75,16.15,68.37K,-0.61%
18-Feb-19,16.42,16.3,16.48,16.27,,0.92%
17-Feb-19,16.27,16.3,16.3,16.27,,-0.31%
15-Feb-19,16.32,16.95,17.45,16.25,91.94K,-3.60%
14-Feb-19,16.93,16.75,17.35,16.58,100.94K,8.53%
13-Feb-19,15.6,15.7,15.85,15.55,1.37K,-0.13%
12-Feb-19,15.62,16.35,16.36,15.4,57.95K,-3.76%
11-Feb-19,16.23,16.7,17,16.05,54.40K,-2.35%
8-Feb-19,16.62,17.25,17.75,16.57,80.72K,-3.26%
7-Feb-19,17.18,16.35,18,16.33,105.93K,4.88%
6-Feb-19,16.38,16.5,16.72,16.07,55.25K,-0.85%
5-Feb-19,16.52,16.6,16.75,15.95,64.96K,0.00%
4-Feb-19,16.52,17.05,17.15,16.45,63.36K,-2.94%
1-Feb-19,17.02,17.15,17.5,16.95,86.22K,-0.58%
31-Jan-19,17.12,17.95,18.1,17,88.35K,-4.78%
30-Jan-19,17.98,18.85,19.25,17.95,81.89K,-5.02%
29-Jan-19,18.93,19.15,19.55,18.7,83.28K,-0.99%
28-Jan-19,19.12,18.35,19.92,18.25,97.48K,4.65%
25-Jan-19,18.27,19.2,19.25,18.2,80.92K,-4.74%
24-Jan-19,19.18,19.85,20.15,19.05,79.32K,-2.79%
23-Jan-19,19.73,20.05,21.15,19.5,114.88K,-2.23%
22-Jan-19,20.18,18.25,20.3,18.25,143.08K,9.79%
21-Jan-19,18.38,18.42,18.58,18.33,,0.00%
20-Jan-19,18.38,18.27,18.42,18.27,,0.33%
18-Jan-19,18.32,18.55,18.71,17.9,86.91K,-1.08%
17-Jan-19,18.52,18.9,19.35,18.45,90.18K,-1.85%
16-Jan-19,18.87,18.88,19.05,18.25,1.40K,0.27%
15-Jan-19,18.82,19.25,19.35,18.11,60.04K,-2.13%
14-Jan-19,19.23,19.1,20.4,18.85,63.59K,1.10%
11-Jan-19,19.02,19.9,20.32,18.9,66.25K,-4.33%
10-Jan-19,19.88,20.25,21.05,19.81,62.55K,-1.19%
9-Jan-19,20.12,20.65,20.8,19.8,81.06K,-2.42%
8-Jan-19,20.62,21.35,21.71,20.55,83.03K,-3.78%
7-Jan-19,21.43,21.85,22.5,21.05,81.17K,-2.28%
4-Jan-19,21.93,24.35,24.7,21.85,120.72K,-10.05%
3-Jan-19,24.38,24.15,25.12,23.67,136.08K,5.45%
2-Jan-19,23.12,24,25.88,23.1,122.36K,-3.34%
1-Jan-19,23.92,24.08,24.08,23.85,,-1.08%
31-Dec-18,24.18,25.2,25.2,24,86.53K,-4.50%
28-Dec-18,25.32,25.25,26.07,24.5,113.30K,1.20%
27-Dec-18,25.02,24.75,26.97,24.4,156.94K,1.38%
26-Dec-18,24.68,25.6,27,24.1,130.68K,-5.69%
25-Dec-18,26.17,25.67,26.9,25.67,,1.04%
24-Dec-18,25.9,24.15,25.95,23.8,94.33K,6.58%
21-Dec-18,24.3,22.85,24.6,22.6,197.88K,6.91%
20-Dec-18,22.73,22.2,23.75,21.86,208.12K,-13.24%
19-Dec-18,26.2,24.8,25.25,24.45,3.35K,6.16%
18-Dec-18,24.68,23.45,25.46,22.72,91.11K,5.11%
17-Dec-18,23.48,22,24.3,21.3,93.29K,8.05%
14-Dec-18,21.73,20.6,22,20.52,84.67K,4.82%
13-Dec-18,20.73,21.15,21.25,20.4,91.61K,-1.61%
12-Dec-18,21.07,21.7,21.71,20.25,83.59K,-0.94%
11-Dec-18,21.27,21.3,22.3,20.56,111.98K,-0.23%
10-Dec-18,21.32,21.55,23,21.15,145.32K,-0.51%
7-Dec-18,21.43,19.95,22.1,19.5,174.64K,7.53%
6-Dec-18,19.93,19.25,22.5,19.15,240.18K,4.78%
5-Dec-18,19.02,19.5,19.5,18.65,8.37K,-2.11%
4-Dec-18,19.43,16.75,19.92,16.7,178.88K,15.86%
3-Dec-18,16.77,17,17.15,16.25,114.78K,-5.15%
30-Nov-18,17.68,18.45,19,17.65,86.59K,-3.81%
29-Nov-18,18.38,18.15,19.25,18.15,94.17K,0.82%
28-Nov-18,18.23,18.65,18.9,17.95,106.70K,-2.88%
27-Nov-18,18.77,19.25,19.5,18.6,94.11K,-2.59%
26-Nov-18,19.27,20.15,20.23,18.88,,-4.46%
25-Nov-18,20.17,20.27,20.33,20.12,,-1.51%
23-Nov-18,20.48,20.1,20.61,19.85,59.36K,1.54%
22-Nov-18,20.17,20.08,20.42,19.88,,-8.61%
21-Nov-18,22.07,22.1,22.5,21.3,1.42K,-0.50%
20-Nov-18,22.18,19.95,23.06,19.85,105.48K,11.29%
19-Nov-18,19.93,18.4,20.1,18.05,87.09K,9.09%
16-Nov-18,18.27,19.5,20.47,18.15,87.01K,-5.73%
15-Nov-18,19.38,20.1,21.26,19.35,127.28K,-3.96%
14-Nov-18,20.18,19.4,20.92,18.93,122.19K,3.86%
13-Nov-18,19.43,19.55,20.4,18.8,127.46K,-0.72%
12-Nov-18,19.57,17.5,19.7,16.93,125.52K,11.96%
9-Nov-18,17.48,17.01,18.13,16.88,101.84K,2.94%
8-Nov-18,16.98,16.8,17.3,16.4,86.17K,0.95%
7-Nov-18,16.82,18.65,19.01,16.75,108.84K,-9.67%
6-Nov-18,18.62,19.46,19.82,18.55,78.32K,-4.12%
5-Nov-18,19.42,19.83,20.02,19.17,,-2.07%
4-Nov-18,19.83,19.7,19.88,19.67,,1.33%
2-Nov-18,19.57,19.75,20.45,18.68,134.52K,1.56%
1-Nov-18,19.27,20.3,20.56,19.22,127.09K,-4.93%
31-Oct-18,20.27,20.75,20.95,19.7,121.49K,-3.15%
30-Oct-18,20.93,21.7,22.15,20.6,179.74K,-2.74%
29-Oct-18,21.52,21.15,22.85,20.4,161.85K,2.14%
26-Oct-18,21.07,21.1,22.65,20.86,271.25K,0.67%
25-Oct-18,20.93,20.5,21.35,19.96,179.17K,1.50%
24-Oct-18,20.62,18.9,21.35,18.75,219.39K,9.56%
23-Oct-18,18.82,18.65,20.83,18.6,228.33K,1.07%
22-Oct-18,18.62,18.75,19.36,18.05,128.82K,1.03%
19-Oct-18,18.43,18.4,19.05,17.9,155.64K,0.00%
18-Oct-18,18.43,17.15,19.25,17.13,218.01K,6.96%
17-Oct-18,17.23,17.63,18.9,17.3,2.27K,-2.55%
16-Oct-18,17.68,20.25,20.4,17.55,81.00K,-12.13%
15-Oct-18,20.12,20.25,21.3,19.12,111.34K,0.95%
12-Oct-18,19.93,21.3,23.02,18.95,193.07K,-5.90%
11-Oct-18,21.18,20.3,24.2,18.9,344.48K,5.27%
10-Oct-18,20.12,16,20.42,15.75,293.85K,25.99%
9-Oct-18,15.97,15.7,16.55,15.51,142.46K,1.85%
8-Oct-18,15.68,15.2,17.05,15.05,175.57K,3.02%
5-Oct-18,15.22,14.75,16.65,14.35,226.75K,2.28%
4-Oct-18,14.88,14,15.7,13.95,222.96K,7.98%
3-Oct-18,13.78,14,14.06,13.67,69.74K,-1.36%
2-Oct-18,13.97,13.93,14.3,13.75,58.67K,0.29%
1-Oct-18,13.93,13.95,14.15,13.55,70.97K,-0.29%
28-Sep-18,13.97,14.1,14.5,13.95,58.83K,-1.06%
27-Sep-18,14.12,14.45,14.5,14,49.32K,-2.15%
26-Sep-18,14.43,14.1,14.53,13.87,64.50K,2.56%
25-Sep-18,14.07,14.01,14.3,13.85,52.88K,0.29%
24-Sep-18,14.03,14.35,14.55,14,68.18K,-0.64%
21-Sep-18,14.12,14,14.3,13.85,72.61K,0.64%
20-Sep-18,14.03,14.28,14.4,13.93,75.06K,17.50%
19-Sep-18,11.94,12.7,12.9,12.45,3.00K,-6.13%
18-Sep-18,12.72,13.6,14.05,12.7,85.53K,-6.26%
17-Sep-18,13.57,13.15,13.75,12.85,83.92K,5.36%
14-Sep-18,12.88,13.45,13.51,12.85,90.15K,-3.74%
13-Sep-18,13.38,14.06,14.21,13.3,80.66K,-4.63%
12-Sep-18,14.03,14.2,14.45,14,81.42K,-1.34%
11-Sep-18,14.22,14.8,15.15,14.18,88.60K,-3.79%
10-Sep-18,14.78,15.4,15.45,14.65,79.65K,-3.90%
7-Sep-18,15.38,15.2,15.65,14.97,114.17K,1.32%
6-Sep-18,15.18,14.65,15.45,14.4,117.71K,4.19%
5-Sep-18,14.57,14.3,15.05,14.25,92.07K,2.46%
4-Sep-18,14.22,14,14.86,13.85,116.20K,1.79%
3-Sep-18,13.97,14.03,14.22,13.88,,-0.21%
2-Sep-18,14,13.97,14.03,13.97,,-0.50%
31-Aug-18,14.07,16.05,17.22,11.53,1.69M,-3.17%
30-Aug-18,14.53,13.95,14.7,13.92,103.17K,4.31%
29-Aug-18,13.93,14.15,14.26,13.9,61.74K,-1.00%
28-Aug-18,14.07,14.15,14.3,13.95,60.77K,-0.35%
27-Aug-18,14.12,14.1,14.15,13.84,45.28K,0.00%
24-Aug-18,14.12,14.25,14.25,13.85,70.70K,-0.70%
23-Aug-18,14.22,14.15,14.43,13.95,84.95K,12.77%
22-Aug-18,12.61,13.1,13.45,12.75,2.98K,-2.10%
21-Aug-18,12.88,12.9,13.1,12.35,73.39K,0.78%
20-Aug-18,12.78,13,13.15,12.5,75.86K,-2.22%
17-Aug-18,13.07,13.8,14.2,13.03,77.87K,-4.74%
16-Aug-18,13.72,14.9,14.95,13.45,111.97K,-7.80%
15-Aug-18,14.88,13.78,16.6,13.77,183.17K,8.45%
14-Aug-18,13.72,14.9,14.9,13.7,108.22K,-7.80%
13-Aug-18,14.88,13.8,14.95,13.3,133.23K,7.98%
10-Aug-18,13.78,12.7,14.12,12.7,149.25K,8.68%
9-Aug-18,12.68,12.6,12.78,12.35,50.24K,0.88%
8-Aug-18,12.57,12.65,12.95,12.4,68.13K,-1.18%
7-Aug-18,12.72,13.1,13.15,12.65,69.06K,-2.38%
6-Aug-18,13.03,13.6,13.7,13,59.71K,-3.70%
3-Aug-18,13.53,13.85,14,13.5,70.44K,-2.87%
2-Aug-18,13.93,14.2,15.15,13.85,99.75K,-2.45%
1-Aug-18,14.28,14.15,14.45,13.85,81.82K,1.49%
31-Jul-18,14.07,14.85,14.9,14.02,85.87K,-5.44%
30-Jul-18,14.88,14.37,15,14.15,87.68K,3.91%
27-Jul-18,14.32,13.85,14.81,13.65,111.07K,3.39%
26-Jul-18,13.85,14.1,14.15,13.71,57.25K,0.22%
25-Jul-18,13.82,14.05,14.31,13.66,80.71K,-1.78%
24-Jul-18,14.07,14.05,14.5,13.7,89.75K,0.00%
23-Jul-18,14.07,14.25,14.65,14.05,56.93K,-1.47%
20-Jul-18,14.28,14.2,14.77,14.05,76.55K,0.71%
19-Jul-18,14.18,13.95,14.4,13.86,77.64K,14.54%
18-Jul-18,12.38,12.15,12.15,11.53,3.73K,2.15%
17-Jul-18,12.12,13,13.22,12,88.90K,-6.55%
16-Jul-18,12.97,13,13.25,12.7,80.92K,0.00%
13-Jul-18,12.97,13.41,13.65,12.97,70.56K,-2.63%
12-Jul-18,13.32,14.15,14.16,13.25,85.01K,-6.06%
11-Jul-18,14.18,13.8,14.7,13.7,103.82K,5.58%
10-Jul-18,13.43,13.85,13.95,13.4,97.63K,-2.54%
9-Jul-18,13.78,14.6,14.6,13.6,95.81K,-5.42%
6-Jul-18,14.57,15.65,15.9,14.5,96.11K,-5.82%
5-Jul-18,15.47,16.3,16.42,15.4,85.49K,-4.33%
4-Jul-18,16.17,16.27,16.42,16.02,,-1.28%
3-Jul-18,16.38,15.95,16.51,15.52,64.05K,2.25%
2-Jul-18,16.02,16.05,17.22,15.88,93.05K,0.00%
29-Jun-18,16.02,16.5,16.58,15.5,101.02K,-3.03%
28-Jun-18,16.52,16.92,17.85,16.33,135.46K,-1.26%
27-Jun-18,16.73,15.97,17.38,15.32,,5.35%
26-Jun-18,15.88,16.4,16.61,15.55,149.11K,-2.70%
25-Jun-18,16.32,14.4,17.5,14.4,255.05K,13.10%
22-Jun-18,14.43,15,15.05,14.2,90.51K,-3.02%
21-Jun-18,14.88,13.9,15.2,13.65,124.21K,21.27%
20-Jun-18,12.27,13.5,13.88,12.4,3.18K,-9.58%
19-Jun-18,13.57,12.7,14.45,12.65,94.25K,7.02%
18-Jun-18,12.68,12.65,13.61,12.57,77.70K,0.88%
15-Jun-18,12.57,12.65,13.4,12.53,88.15K,-0.87%
14-Jun-18,12.68,13.15,13.45,12.4,96.94K,-4.08%
13-Jun-18,13.22,12.75,13.25,12.55,75.09K,3.44%
12-Jun-18,12.78,12.95,13.2,12.65,76.04K,-0.78%
11-Jun-18,12.88,13.4,13.6,12.75,72.00K,-3.30%
8-Jun-18,13.32,13.15,14.2,13.1,80.20K,1.06%
7-Jun-18,13.18,13.05,13.95,12.9,94.27K,0.84%
6-Jun-18,13.07,13.6,13.65,12.95,92.92K,-4.04%
5-Jun-18,13.62,13.85,14.12,13.6,69.98K,-2.23%
4-Jun-18,13.93,14.45,14.5,13.85,75.46K,-3.47%
1-Jun-18,14.43,15.36,15.37,14.3,110.77K,-6.48%
31-May-18,15.43,15.2,15.8,14.9,92.23K,1.65%
30-May-18,15.18,16,16.22,14.85,122.75K,-4.71%
29-May-18,15.93,14,16.7,13.8,225.28K,12.03%
28-May-18,14.22,13.93,14.38,13.88,,1.79%
27-May-18,13.97,13.88,14.03,13.82,,-1.06%
25-May-18,14.12,13.85,14.3,13.7,91.46K,2.17%
24-May-18,13.82,13.95,14.72,13.8,98.78K,-0.43%
23-May-18,13.88,14.2,14.95,13.85,95.10K,-2.39%
22-May-18,14.22,14.15,14.3,13.88,65.47K,1.07%
21-May-18,14.07,14.25,14.25,13.7,88.40K,-3.17%
18-May-18,14.53,14.35,14.8,14.22,67.91K,1.04%
17-May-18,14.38,14.65,14.86,14.27,86.42K,4.28%
16-May-18,13.79,14.9,15.05,14.5,1.95K,-7.33%
15-May-18,14.88,13.45,15.1,13.33,95.89K,11.21%
14-May-18,13.38,13.65,13.7,13.05,64.92K,-2.19%
11-May-18,13.68,14.2,14.32,13.65,61.70K,-3.53%
10-May-18,14.18,14.83,14.97,13.9,85.20K,-4.32%
9-May-18,14.82,15.8,15.95,14.7,87.46K,-6.08%
8-May-18,15.78,15.7,16.2,15.65,73.27K,0.38%
7-May-18,15.72,15.85,16.01,15.55,63.60K,-1.01%
4-May-18,15.88,16.55,17.2,15.85,106.10K,-3.87%
3-May-18,16.52,16.6,18,16.25,137.01K,-0.60%
2-May-18,16.62,16.25,16.7,15.7,88.00K,2.15%
1-May-18,16.27,16.75,17.15,16.15,97.92K,-2.11%
30-Apr-18,16.62,16.35,16.76,16,104.40K,1.16%
27-Apr-18,16.43,16.9,17.35,16.35,97.79K,-2.67%
26-Apr-18,16.88,17.5,17.9,16.77,93.72K,-4.79%
25-Apr-18,17.73,17.75,18.62,17.42,126.43K,0.28%
24-Apr-18,17.68,16.85,18.51,16.2,172.47K,5.11%
23-Apr-18,16.82,16.87,17.3,16.45,78.86K,-1.18%
20-Apr-18,17.02,16.55,17.3,16.3,122.64K,2.72%
19-Apr-18,16.57,16.25,17.15,16.25,93.01K,-4.00%
18-Apr-18,17.26,15.45,15.55,15.1,3.83K,12.66%
17-Apr-18,15.32,16.8,16.9,14.6,96.04K,-8.92%
16-Apr-18,16.82,17.55,17.85,16.35,105.41K,-6.19%
13-Apr-18,17.93,18.75,19.15,17.65,90.34K,-4.73%
12-Apr-18,18.82,20,20.18,18.65,87.62K,-6.23%
11-Apr-18,20.07,20.25,21.05,19.8,81.71K,-0.55%
10-Apr-18,20.18,20.7,21.08,19.69,94.69K,-3.07%
9-Apr-18,20.82,20.9,20.9,19.8,75.94K,0.97%
6-Apr-18,20.62,19.05,21.67,18.96,123.07K,8.13%
5-Apr-18,19.07,19.95,20.1,18.95,79.16K,-4.55%
4-Apr-18,19.98,20.65,22.65,19.85,129.40K,-2.44%
3-Apr-18,20.48,21.35,21.7,20.35,110.93K,-4.43%
2-Apr-18,21.43,19.6,22.52,19.46,158.03K,8.40%
29-Mar-18,19.77,20.8,21.1,19.3,99.12K,-5.95%
28-Mar-18,21.02,20.55,21.77,19.95,153.25K,2.89%
27-Mar-18,20.43,19.35,21,18.9,127.34K,5.75%
26-Mar-18,19.32,20.5,20.65,18.73,120.85K,-5.43%
23-Mar-18,20.43,19.55,20.82,18.77,181.15K,5.42%
22-Mar-18,19.38,17.35,19.85,17.05,238.88K,9.12%
21-Mar-18,17.76,18.45,18.7,17.35,2.59K,-3.37%
20-Mar-18,18.38,18.43,19.1,17.8,79.90K,1.10%
19-Mar-18,18.18,16.3,20.2,16.21,148.75K,11.74%
16-Mar-18,16.27,16.7,17.05,15.5,71.58K,-2.98%
15-Mar-18,16.77,17.3,17.76,16.25,70.17K,-3.51%
14-Mar-18,17.38,16.95,17.56,16.2,89.35K,3.64%
13-Mar-18,16.77,16.2,17.15,15.61,93.06K,3.65%
12-Mar-18,16.18,15.9,16.48,15.4,73.71K,2.53%
9-Mar-18,15.78,17.16,17.38,15.35,113.14K,-8.42%
8-Mar-18,17.23,17.9,18.17,17,95.44K,-3.64%
7-Mar-18,17.88,19.2,20,17.75,104.34K,-2.40%
6-Mar-18,18.32,18.45,19.05,17.85,65.45K,0.27%
5-Mar-18,18.27,19,20.17,17.95,82.69K,-3.94%
2-Mar-18,19.02,19.9,21.9,18.93,126.79K,-4.80%
1-Mar-18,19.98,18.55,21.25,18.17,168.02K,7.59%
28-Feb-18,18.57,17.55,18.9,17.15,124.75K,5.99%
27-Feb-18,17.52,16.2,18.05,16.02,128.90K,8.28%
26-Feb-18,16.18,16.7,16.95,16.03,64.41K,-3.52%
23-Feb-18,16.77,18.1,18.2,16.72,106.47K,-7.19%
22-Feb-18,18.07,18.55,19.4,17.85,92.08K,-2.69%
21-Feb-18,18.57,18.35,18.95,17.1,114.71K,1.03%
20-Feb-18,18.38,17.75,18.95,17.33,94.63K,2.80%
19-Feb-18,17.88,17.55,18.23,17.33,,1.71%
18-Feb-18,17.58,17.48,17.62,17.48,,-1.07%
16-Feb-18,17.77,17.5,18.02,16.9,102.16K,1.43%
15-Feb-18,17.52,17.9,18.15,17.1,107.00K,-30.56%
14-Feb-18,25.23,25.25,26.5,23.8,6.22K,0.00%
13-Feb-18,25.23,25.45,27.6,24.8,75.51K,-2.29%
12-Feb-18,25.82,26.5,28.37,24.75,103.97K,-5.00%
9-Feb-18,27.18,27.95,32.9,26.15,185.91K,-3.27%
8-Feb-18,28.1,23.1,29.9,22.25,214.00K,19.93%
7-Feb-18,23.43,23.9,24.47,19.5,214.11K,-1.88%
6-Feb-18,23.88,31.75,33.25,20,510.61K,-28.14%
5-Feb-18,33.23,16.1,33.35,15.2,565.71K,112.74%
2-Feb-18,15.62,13.25,15.85,12.85,389.23K,17.62%
1-Feb-18,13.28,13.5,13.95,12.5,200.31K,-1.41%
31-Jan-18,13.47,13.95,14.09,13.33,190.07K,-3.58%
30-Jan-18,13.97,13.55,14.66,13.5,345.98K,3.25%
29-Jan-18,13.53,12.35,13.6,12.3,241.59K,9.82%
26-Jan-18,12.32,12.45,12.55,12.2,126.19K,-0.88%
25-Jan-18,12.43,12.25,12.7,12.05,148.03K,1.72%
24-Jan-18,12.22,12,12.6,11.85,219.42K,2.09%
23-Jan-18,11.97,11.75,12.05,11.7,135.63K,1.27%
22-Jan-18,11.82,12.05,12.2,11.55,130.22K,-0.92%
19-Jan-18,11.93,12.1,12.25,11.85,168.91K,-1.16%
18-Jan-18,12.07,12.1,12.45,11.8,220.96K,2.46%
17-Jan-18,11.78,11.8,11.95,11.4,8.95K,0.00%
16-Jan-18,11.78,10.6,12.25,10.35,170.29K,1.82%
15-Jan-18,11.57,11.53,11.6,11.53,,0.00%
14-Jan-18,11.57,11.62,11.62,11.57,,9.46%
12-Jan-18,10.57,10.5,10.85,10.4,150.74K,0.96%
11-Jan-18,10.47,10.58,10.65,10.45,79.56K,-0.95%
10-Jan-18,10.57,10.7,11.05,10.5,125.70K,-1.03%
9-Jan-18,10.68,10.49,10.7,10.35,124.70K,2.01%
8-Jan-18,10.47,10.55,10.65,10.4,70.68K,0.00%
5-Jan-18,10.47,10.58,10.7,10.4,79.34K,-0.95%
4-Jan-18,10.57,10.69,10.8,10.5,99.50K,-1.03%
3-Jan-18,10.68,10.9,10.9,10.6,113.75K,-1.84%
2-Jan-18,10.88,11.45,11.6,10.85,112.07K,-3.89%
1-Jan-18,11.32,11.43,11.43,11.32,,-1.31%
29-Dec-17,11.47,11.24,11.6,11.1,87.61K,2.23%
28-Dec-17,11.22,11.35,11.4,11.15,54.69K,-0.88%
27-Dec-17,11.32,11.35,11.45,11.15,80.09K,0.00%
26-Dec-17,11.32,11.4,11.5,11.2,61.11K,-0.96%
22-Dec-17,11.43,11.25,11.45,11.15,99.88K,1.87%
21-Dec-17,11.22,11.43,11.5,11.2,102.38K,11.42%
20-Dec-17,10.07,10.05,10.1,9.6,6.00K,0.00%
19-Dec-17,10.07,9.9,10.15,9.7,119.32K,1.92%
18-Dec-17,9.88,9.9,10,9.6,131.25K,-0.50%
15-Dec-17,9.93,10.4,10.55,9.8,132.44K,-4.34%
14-Dec-17,10.38,10.53,10.75,10.35,136.95K,-1.42%
13-Dec-17,10.53,10.4,10.8,10.3,122.63K,1.45%
12-Dec-17,10.38,10.35,10.5,10.3,110.33K,0.58%
11-Dec-17,10.32,10.84,11.02,10.25,106.21K,-5.15%
8-Dec-17,10.88,11.2,11.3,10.75,128.03K,-2.68%
7-Dec-17,11.18,11.75,11.85,11.15,113.69K,-4.61%
6-Dec-17,11.72,11.85,12.25,11.7,117.62K,-1.35%
5-Dec-17,11.88,11.95,12.05,11.4,154.08K,-0.42%
4-Dec-17,11.93,11.5,11.95,11.15,216.53K,0.42%
1-Dec-17,11.88,11.68,13.47,11.58,343.79K,1.71%
30-Nov-17,11.68,11.45,11.75,11.25,169.30K,1.83%
29-Nov-17,11.47,11.3,11.75,11.25,158.17K,1.68%
28-Nov-17,11.28,11.35,11.5,11.15,124.12K,-0.35%
27-Nov-17,11.32,11.4,11.6,11.3,85.95K,-0.96%
24-Nov-17,11.43,11.5,11.7,11.35,46.79K,-1.21%
23-Nov-17,11.57,11.57,11.68,11.45,,0.87%
22-Nov-17,11.47,11.65,11.69,11.4,114.26K,-1.29%
21-Nov-17,11.62,12.1,12.17,11.5,153.83K,-3.73%
20-Nov-17,12.07,12.6,12.9,12.05,131.37K,-4.36%
17-Nov-17,12.62,12.7,12.85,12.4,131.54K,-0.47%
16-Nov-17,12.68,13.15,13.28,12.54,166.59K,5.23%
15-Nov-17,12.05,12.05,13.35,11.98,9.48K,0.00%
14-Nov-17,12.05,11.64,12.22,11.6,141.01K,3.70%
13-Nov-17,11.62,11.55,11.95,11.4,111.31K,0.17%
10-Nov-17,11.6,11.1,11.85,11.1,141.93K,4.32%
9-Nov-17,11.12,10.85,12.1,10.82,227.36K,2.21%
8-Nov-17,10.88,10.9,11.22,10.74,117.67K,0.00%
7-Nov-17,10.88,10.75,11.2,10.7,151.89K,1.49%
6-Nov-17,10.72,11.08,11.36,10.7,82.94K,-2.28%
3-Nov-17,10.97,11.14,11.2,10.85,106.01K,-1.35%
2-Nov-17,11.12,11.4,11.8,11.07,124.48K,-2.28%
1-Nov-17,11.38,11.25,11.5,11.1,109.96K,0.89%
31-Oct-17,11.28,11.65,11.65,11.2,95.37K,-2.51%
30-Oct-17,11.57,11.4,11.95,11.35,142.22K,1.22%
27-Oct-17,11.43,12.05,12.25,11.4,130.35K,-5.30%
26-Oct-17,12.07,12.05,12.35,11.9,140.29K,0.33%
25-Oct-17,12.03,11.95,13.25,11.89,315.53K,0.84%
24-Oct-17,11.93,11.8,12,11.4,154.28K,1.27%
23-Oct-17,11.78,11.35,11.9,11.2,130.01K,4.06%
20-Oct-17,11.32,11.45,11.55,11.3,80.05K,-1.31%
19-Oct-17,11.47,11.55,12.47,11.45,152.16K,10.50%
18-Oct-17,10.38,10.35,10.55,10.25,7.57K,0.00%
17-Oct-17,10.38,10.3,10.6,10.1,111.07K,0.97%
16-Oct-17,10.28,10.26,10.4,10.1,87.29K,0.00%
13-Oct-17,10.28,10.6,10.7,10.2,106.03K,-2.74%
12-Oct-17,10.57,10.75,10.9,10.5,104.80K,-1.95%
11-Oct-17,10.78,10.95,11.1,10.7,103.97K,-1.37%
10-Oct-17,10.93,11.1,11.3,10.88,114.25K,-1.71%
9-Oct-17,11.12,10.9,11.35,10.75,78.80K,2.77%
6-Oct-17,10.82,10.85,11.28,10.8,123.05K,0.00%
5-Oct-17,10.82,11.3,11.35,10.8,98.26K,-4.42%
4-Oct-17,11.32,11.4,11.5,11.3,81.84K,-0.53%
3-Oct-17,11.38,11.4,11.5,11.3,69.46K,0.00%
2-Oct-17,11.38,11.65,11.7,11.3,105.65K,-2.57%
29-Sep-17,11.68,11.94,12.05,11.6,105.78K,-2.10%
28-Sep-17,11.93,12.2,12.3,11.9,71.37K,-2.05%
27-Sep-17,12.18,12.29,12.35,12.05,87.50K,-0.81%
26-Sep-17,12.28,12.4,12.61,12.2,85.80K,-0.81%
25-Sep-17,12.38,12.44,12.85,12.15,150.63K,-0.40%
22-Sep-17,12.43,12.35,12.85,12.3,91.23K,0.89%
21-Sep-17,12.32,12.3,12.5,12.25,99.11K,13.86%
20-Sep-17,10.82,10.8,10.9,10.4,5.42K,0.00%
19-Sep-17,10.82,10.7,10.9,10.35,101.89K,1.31%
18-Sep-17,10.68,11.15,11.15,10.5,114.51K,-3.96%
15-Sep-17,11.12,11.48,11.9,11.05,106.92K,-3.05%
14-Sep-17,11.47,11.55,11.95,11.4,101.33K,-0.52%
13-Sep-17,11.53,11.9,12,11.45,95.78K,-2.95%
12-Sep-17,11.88,12.05,12.15,11.8,120.80K,-1.57%
11-Sep-17,12.07,13,13,12.05,143.44K,-9.11%
8-Sep-17,13.28,12.85,13.45,12.83,120.59K,3.59%
7-Sep-17,12.82,13.15,13.35,12.75,135.50K,-2.73%
6-Sep-17,13.18,13.2,13.62,13.05,142.21K,0.00%
5-Sep-17,13.18,13.4,14.3,12.85,255.42K,0.46%
4-Sep-17,13.12,13.28,13.53,13.07,,-1.20%
3-Sep-17,13.28,13.43,13.53,13.18,,5.23%
1-Sep-17,12.62,12.6,12.8,12.45,106.90K,0.00%
31-Aug-17,12.62,13.2,13.25,12.55,130.05K,-4.25%
30-Aug-17,13.18,13.15,13.42,13,98.60K,0.00%
29-Aug-17,13.18,13.05,14.8,13,174.45K,1.15%
28-Aug-17,13.03,13,13.5,12.9,98.56K,-0.31%
25-Aug-17,13.07,13.45,13.55,13.04,113.95K,-2.68%
24-Aug-17,13.43,13.65,13.95,13.05,152.83K,-1.40%
23-Aug-17,13.62,12.95,13.85,12.9,178.18K,5.01%
22-Aug-17,12.97,14.15,14.17,12.95,168.84K,-8.14%
21-Aug-17,14.12,14.8,15.07,14.1,161.15K,-5.68%
18-Aug-17,14.97,14.95,15.35,14.08,347.70K,0.27%
17-Aug-17,14.93,13.1,15.45,12.95,418.38K,21.19%
16-Aug-17,12.32,12.31,12.56,11.9,10.37K,0.00%
15-Aug-17,12.32,12.43,12.6,11.85,109.44K,-1.04%
14-Aug-17,12.45,15.05,15.1,12.25,137.52K,-19.31%
11-Aug-17,15.43,15.55,16.55,14.3,292.35K,-0.64%
10-Aug-17,15.53,11.75,15.6,11.7,370.45K,32.51%
9-Aug-17,11.72,11.55,12.61,11.5,296.60K,1.65%
8-Aug-17,11.53,11.1,11.87,10.95,231.34K,3.69%
7-Aug-17,11.12,11.25,11.3,11.05,55.49K,-1.42%
4-Aug-17,11.28,11.34,11.5,11.1,106.33K,-0.35%
3-Aug-17,11.32,11.28,11.5,11.2,110.30K,0.35%
2-Aug-17,11.28,11.25,11.6,11.1,136.53K,0.53%
1-Aug-17,11.22,11.3,11.42,11.15,103.78K,-0.53%
31-Jul-17,11.28,11.45,11.63,11.25,103.31K,-0.88%
28-Jul-17,11.38,11.43,11.95,11.35,176.30K,-0.44%
27-Jul-17,11.43,11.3,12.1,11.1,199.56K,1.33%
26-Jul-17,11.28,11.15,11.3,11,87.19K,0.89%
25-Jul-17,11.18,11.3,11.35,11.1,96.03K,-1.24%
24-Jul-17,11.32,11.4,11.5,11.1,92.07K,-0.53%
21-Jul-17,11.38,11.46,11.65,11.34,138.04K,-0.78%
20-Jul-17,11.47,11.5,11.75,11.44,125.68K,13.34%
19-Jul-17,10.12,10.15,10.25,9.74,3.81K,0.00%
18-Jul-17,10.12,10.3,10.6,10.05,114.39K,-1.56%
17-Jul-17,10.28,10.6,10.7,10.25,125.83K,-2.74%
14-Jul-17,10.57,11.1,11.25,10.53,130.03K,-4.52%
13-Jul-17,11.07,11.55,11.6,11.05,129.32K,-3.99%
12-Jul-17,11.53,12.15,12.25,11.45,132.29K,-4.87%
11-Jul-17,12.12,12.2,12.9,12.05,168.51K,-0.82%
10-Jul-17,12.22,12.55,12.55,11.9,126.01K,-2.78%
7-Jul-17,12.57,13.05,13.15,12.4,142.88K,-3.53%
6-Jul-17,13.03,12.3,13.2,12.2,186.77K,5.76%
5-Jul-17,12.32,12.55,12.8,12.1,163.42K,-0.88%
4-Jul-17,12.43,12.38,12.47,12.22,,-1.11%
3-Jul-17,12.57,12.1,12.65,11.9,104.73K,2.03%
30-Jun-17,12.32,12.05,12.67,11.9,183.72K,2.41%
29-Jun-17,12.03,11.65,13.75,11.6,386.41K,3.00%
28-Jun-17,11.68,12.05,12.35,11.6,138.12K,-2.91%
27-Jun-17,12.03,11.65,12.15,11.55,178.82K,3.53%
26-Jun-17,11.62,11.85,12,11.6,105.27K,-2.19%
23-Jun-17,11.88,12,12.15,11.8,116.16K,-0.75%
22-Jun-17,11.97,12.2,12.3,11.95,91.30K,7.64%
21-Jun-17,11.12,11.15,11.36,10.95,4.67K,0.00%
20-Jun-17,11.12,10.85,11.27,10.5,134.46K,2.21%
19-Jun-17,10.88,11.3,11.35,10.6,130.95K,-3.89%
16-Jun-17,11.32,11.55,11.8,11.3,126.29K,-1.82%
15-Jun-17,11.53,11.5,12.35,11.49,155.84K,0.52%
14-Jun-17,11.47,11.41,11.88,11.33,140.95K,0.35%
13-Jun-17,11.43,11.85,11.94,11.35,127.39K,-3.79%
12-Jun-17,11.88,11.72,12.4,11.72,154.84K,1.37%
9-Jun-17,11.72,11.65,12.47,11.15,218.95K,0.86%
8-Jun-17,11.62,11.9,11.95,11.4,115.40K,-2.19%
7-Jun-17,11.88,11.99,12.25,11.8,108.42K,-0.75%
6-Jun-17,11.97,11.79,12.1,11.75,99.55K,1.61%
5-Jun-17,11.78,11.63,11.8,11.4,74.55K,1.38%
2-Jun-17,11.62,11.61,11.8,11.5,85.31K,0.00%
1-Jun-17,11.62,11.85,12,11.55,120.75K,-1.69%
31-May-17,11.82,11.85,12.3,11.65,157.48K,0.00%
30-May-17,11.82,11.95,12.2,11.75,95.82K,-1.09%
29-May-17,11.95,11.97,12.03,11.88,,0.17%
28-May-17,11.93,11.97,11.97,11.88,,0.00%
26-May-17,11.93,12,12.25,11.8,89.90K,-0.83%
25-May-17,12.03,11.95,12.2,11.8,145.30K,0.50%
24-May-17,11.97,12.3,12.5,11.85,128.76K,-2.84%
23-May-17,12.32,12.25,12.6,12.1,129.55K,0.82%
22-May-17,12.22,12.8,12.95,12.2,158.52K,-3.93%
19-May-17,12.72,14.2,14.24,12.65,269.07K,-10.92%
18-May-17,14.28,14.25,14.7,13.5,336.27K,29.00%
17-May-17,11.07,11.1,12.35,11,12.38K,0.00%
16-May-17,11.07,10.85,11.15,10.5,113.78K,2.31%
15-May-17,10.82,11.21,11.3,10.84,101.80K,-3.57%
12-May-17,11.22,11.45,11.75,11.24,115.15K,-1.84%
11-May-17,11.43,11.5,12.1,11.35,148.20K,-0.87%
10-May-17,11.53,11.45,11.56,11.3,81.69K,0.87%
9-May-17,11.43,11.45,11.55,11.1,124.67K,0.00%
8-May-17,11.43,11.7,11.8,11.3,98.40K,-2.97%
5-May-17,11.78,11.75,11.95,11.6,108.25K,0.51%
4-May-17,11.72,12.09,12.3,11.65,137.12K,-2.90%
3-May-17,12.07,11.85,12.2,11.83,96.66K,2.12%
2-May-17,11.82,11.8,12.05,11.7,100.80K,0.00%
1-May-17,11.82,12.2,12.35,11.65,108.49K,-3.75%
28-Apr-17,12.28,12.37,12.5,12.2,107.38K,-0.81%
27-Apr-17,12.38,12.4,12.5,12.25,92.68K,0.00%
26-Apr-17,12.38,12.45,12.7,12.3,131.94K,-0.72%
25-Apr-17,12.47,12.65,12.85,12.23,148.93K,-1.66%
24-Apr-17,12.68,13.75,13.8,12.6,238.51K,-11.45%
21-Apr-17,14.32,14.3,14.65,14.15,132.09K,0.00%
20-Apr-17,14.32,14.55,14.7,14.1,142.81K,-2.72%
19-Apr-17,14.72,14.75,14.85,14.15,4.87K,0.00%
18-Apr-17,14.72,15.05,15.7,14.65,105.90K,-2.32%
17-Apr-17,15.07,16.4,16.5,15.05,76.47K,-7.66%
13-Apr-17,16.32,16.3,16.65,15.67,138.13K,0.31%
12-Apr-17,16.27,16,16.5,15.75,143.79K,1.88%
11-Apr-17,15.97,15,16.45,14.9,203.46K,6.25%
10-Apr-17,15.03,14.03,15.05,13.75,146.96K,7.13%
7-Apr-17,14.03,13.55,14.25,13.47,168.14K,3.39%
6-Apr-17,13.57,13.88,14,13.1,121.18K,-2.23%
5-Apr-17,13.88,13.23,13.95,12.85,125.97K,4.99%
4-Apr-17,13.22,13.5,13.75,13.1,97.70K,-1.86%
3-Apr-17,13.47,13.28,14.05,13.05,140.10K,1.43%
31-Mar-17,13.28,12.85,13.3,12.8,100.25K,3.59%
30-Mar-17,12.82,12.95,13.15,12.75,102.60K,-0.85%
29-Mar-17,12.93,12.9,13,12.7,88.42K,0.00%
28-Mar-17,12.93,13.6,13.6,12.85,131.06K,-4.72%
27-Mar-17,13.57,14.1,14.8,13.55,156.45K,-2.58%
24-Mar-17,13.93,14.25,14.65,13.69,163.20K,-2.45%
23-Mar-17,14.28,13.9,14.3,13.55,140.51K,17.24%
22-Mar-17,12.18,12.3,12.85,12.15,4.26K,0.00%
21-Mar-17,12.18,11.6,12.56,11.2,177.09K,4.82%
20-Mar-17,11.62,11.75,11.95,11.55,126.46K,-1.36%
17-Mar-17,11.78,11.9,12.01,11.5,132.19K,-1.26%
16-Mar-17,11.93,12.25,12.3,11.88,126.44K,-2.85%
15-Mar-17,12.28,12.65,12.7,11.9,123.38K,-2.69%
14-Mar-17,12.62,12.13,12.8,12.05,150.22K,4.13%
13-Mar-17,12.12,12.55,12.65,12.1,80.31K,-3.27%
10-Mar-17,12.53,12.8,12.81,12.4,,-1.96%
9-Mar-17,12.78,12.7,12.95,12.45,109.89K,0.79%
8-Mar-17,12.68,12.6,12.97,12.25,106.50K,0.48%
7-Mar-17,12.62,12.68,12.83,12.3,106.23K,-0.47%
6-Mar-17,12.68,12.8,13.15,12.55,76.21K,-1.09%
3-Mar-17,12.82,13.25,13.4,12.78,105.52K,-3.46%
2-Mar-17,13.28,13.28,13.5,12.95,120.84K,0.00%
1-Mar-17,13.28,13.5,13.55,12.75,125.55K,-1.85%
28-Feb-17,13.53,13.3,13.65,13.18,113.24K,1.88%
27-Feb-17,13.28,13.3,13.42,12.85,83.04K,-0.30%
24-Feb-17,13.32,13.55,14.1,13.15,145.20K,-1.55%
23-Feb-17,13.53,13.2,13.78,13.18,118.14K,2.34%
22-Feb-17,13.22,13.2,13.45,13,98.83K,0.30%
21-Feb-17,13.18,13.25,13.25,12.75,100.68K,1.15%
20-Feb-17,13.03,13.03,13.05,12.88,,-0.31%
19-Feb-17,13.07,13.07,13.07,13.03,,-0.38%
17-Feb-17,13.12,13,13.38,12.95,135.62K,1.16%
16-Feb-17,12.97,12.85,13.7,12.75,179.91K,5.79%
15-Feb-17,12.26,11.2,11.5,10.95,6.38K,9.66%
14-Feb-17,11.18,11.4,11.55,11.05,106.85K,-2.19%
13-Feb-17,11.43,11.7,11.75,11.35,99.09K,-2.47%
10-Feb-17,11.72,12.05,12.1,11.7,90.94K,-2.58%
9-Feb-17,12.03,12.55,12.6,11.9,116.70K,-4.30%
8-Feb-17,12.57,12.6,12.85,12.43,104.51K,0.00%
7-Feb-17,12.57,12.45,12.65,12.25,91.28K,0.80%
6-Feb-17,12.47,12.45,12.85,12.3,93.85K,0.00%
3-Feb-17,12.47,12.92,13.1,12.25,93.36K,-3.56%
2-Feb-17,12.93,12.7,13.2,12.67,85.97K,1.97%
1-Feb-17,12.68,12.95,13,12.48,106.37K,-1.93%
31-Jan-17,12.93,12.9,13.45,12.85,113.98K,0.39%
30-Jan-17,12.88,12.7,13.65,12.65,143.70K,2.79%
27-Jan-17,12.53,12.7,12.85,12.5,67.49K,-1.18%
26-Jan-17,12.68,12.7,12.95,12.6,77.41K,-0.31%
25-Jan-17,12.72,13,13,12.6,91.47K,-2.38%
24-Jan-17,13.03,13.6,13.7,12.9,97.45K,-3.98%
23-Jan-17,13.57,13.85,14.1,13.55,89.66K,-1.81%
20-Jan-17,13.82,14.25,14.35,13.7,121.67K,-2.81%
19-Jan-17,14.22,14.2,14.5,14.05,102.14K,13.58%
18-Jan-17,12.52,12.15,12.25,11.7,4.05K,2.79%
17-Jan-17,12.18,12.25,12.79,11.75,123.81K,0.00%
13-Jan-17,12.18,12.45,12.65,12.14,110.18K,-2.33%
12-Jan-17,12.47,12.55,13.35,12.35,132.75K,-0.48%
11-Jan-17,12.53,12.85,13.25,12.45,119.63K,-2.72%
10-Jan-17,12.88,12.95,13.2,12.75,93.07K,-0.39%
9-Jan-17,12.93,12.85,13.2,12.73,85.26K,0.39%
6-Jan-17,12.88,13.05,13.15,12.6,87.23K,-1.15%
5-Jan-17,13.03,13.2,13.59,13,72.70K,-1.14%
4-Jan-17,13.18,13.8,13.89,12.95,90.64K,-4.35%
3-Jan-17,13.78,14.8,15,13.75,113.21K,-7.39%
2-Jan-17,14.88,14.88,14.93,14.82,,-1.59%
